-- =============================================================================
-- Cervical Cancer DSS - PostgreSQL Schema

-- Published Date: April 24, 2026 
-- Publishing Members: Esha Pandya, Abigail Torbatian, Devavrath Sandeep 
-- =============================================================================

DROP SCHEMA public CASCADE; 
CREATE SCHEMA public;

-- ENUM TYPES 
-- =============================================================================
CREATE TYPE APP_USER_ROLE AS ENUM ('physician', 'nurse', 'manager');
CREATE TYPE RECOMMENDATION_CATEGORY AS ENUM ('routine recall', 'expedited testing', 'referral');
CREATE TYPE FOLLOWUP_STATUS AS ENUM('pending', 'scheduled', 'complete', 'cancelled', 'no show'); 
CREATE TYPE ORDER_STATUS AS ENUM('ordered', 'in progress', 'resulted', 'cancelled'); 
CREATE TYPE LAB_INTERPRETATION AS ENUM ('normal', 'abnormal', 'malignant', 'benign', 'unclear', 'unsatisfactory');
CREATE TYPE RISK_LEVEL AS ENUM ('low', 'medium', 'high'); 
CREATE TYPE DIAGNOSIS_TYPE AS ENUM('current', 'historical'); 
CREATE TYPE LOINC_CATEGORY AS ENUM('order', 'result', 'risk_factor'); 
CREATE TYPE SNOMED_TYPE AS ENUM('finding', 'disorder', 'observable entity'); 

-- DATA DEFINITION 
-- =============================================================================

-- REFERENCE TABLES 
-- =============================================================================
CREATE TABLE LOINC_Reference (
  loinc_code VARCHAR(15) PRIMARY KEY, 
  long_name VARCHAR(255) NOT NULL, 
  short_name VARCHAR(100), 
  component VARCHAR(100), 
  specimen VARCHAR(50), 
  scale VARCHAR(20), 
  category LOINC_CATEGORY 
); 

CREATE TABLE ICD10_Reference (
  icd10_code VARCHAR(10) PRIMARY KEY, 
  description VARCHAR(255) NOT NULL, 
  category VARCHAR(100) -- clinical grouping for dashboard filtering 
); 

CREATE TABLE SNOMED_Reference ( 
  snomed_code VARCHAR(20) PRIMARY KEY, 
  description VARCHAR(255) NOT NULL, 
  concept_type SNOMED_TYPE 
); 

-- CORE APPLICATION TABLES 
-- =============================================================================
CREATE TABLE App_User (
  user_id UUID PRIMARY KEY,
  first_name VARCHAR(30) NOT NULL,
  last_name VARCHAR(30) NOT NULL,
  email VARCHAR(100) NOT NULL UNIQUE, 
  password_hash VARCHAR(255) NOT NULL, 
  role APP_USER_ROLE NOT NULL, 
  npi_number VARCHAR(10) UNIQUE, -- clinicians only, nullable 
  is_active BOOLEAN NOT NULL DEFAULT TRUE, 
  last_login TIMESTAMP, 
  created_at TIMESTAMP DEFAULT CURRENT_TIMESTAMP, 
  updated_at TIMESTAMP DEFAULT CURRENT_TIMESTAMP 
);

CREATE TABLE Patient (
  patient_id UUID PRIMARY KEY,
  first_name VARCHAR(50) NOT NULL, 
  last_name VARCHAR(50) NOT NULL, 
  dob DATE NOT NULL,
  race VARCHAR(100), 
  ethnicity VARCHAR(50), 
  sex VARCHAR(10), -- biological 
  gender_identity VARCHAR(50), 
  email VARCHAR(100), 
  phone_contact VARCHAR(20), 
  address VARCHAR(255), 
  preferred_language VARCHAR(75) DEFAULT 'English', 
  hysterectomy BOOLEAN NOT NULL DEFAULT False, 
  is_active BOOLEAN DEFAULT TRUE, 
  primary_provider UUID REFERENCES app_user(user_id), -- care continuity 
  created_at TIMESTAMP DEFAULT CURRENT_TIMESTAMP, 
  updated_at TIMESTAMP DEFAULT CURRENT_TIMESTAMP 
);

CREATE TABLE Encounter (
  encounter_id UUID PRIMARY KEY,
  patient_id UUID NOT NULL REFERENCES patient(patient_id),
  clinician_id UUID NOT NULL REFERENCES app_user(user_id),
  encounter_date DATE DEFAULT CURRENT_DATE 
);

CREATE TABLE Diagnosis (
  diagnosis_id UUID PRIMARY KEY, 
  encounter_id UUID NOT NULL REFERENCES encounter(encounter_id), 
  entered_by UUID NOT NULL REFERENCES app_user(user_id), 
  icd10_code VARCHAR(10) NOT NULL REFERENCES ICD10_reference(icd10_code), 
  diagnosis_type DIAGNOSIS_TYPE NOT NULL DEFAULT 'current', 
  notes VARCHAR(255), 
  recorded_at TIMESTAMP DEFAULT CURRENT_TIMESTAMP 
); 

-- Used by the explainability layer and population dashboard for display
CREATE TABLE Risk_Factor_Catalog ( 
  factor_code VARCHAR(50) PRIMARY KEY, 
  display_name VARCHAR(100) NOT NULL, 
  loinc_code VARCHAR(15) REFERENCES LOINC_reference(loinc_code), 
  snomed_code VARCHAR(20) REFERENCES SNOMED_reference(snomed_code), 
  data_type VARCHAR(20), 
  units VARCHAR(30), 
  description TEXT 
); 

CREATE TABLE Risk_Assessment (
  assessment_id UUID PRIMARY KEY,
  encounter_id UUID NOT NULL REFERENCES encounter(encounter_id),
  entered_by UUID NOT NULL REFERENCES app_user(user_id), 
  age_at_assessment INTEGER NOT NULl,
  num_sexual_partners INTEGER, 
  num_pregnancies INTEGER, 
  smokes BOOLEAN, 
  smokes_years FLOAT, 
  smokes_packs_year FLOAT, 
  hormonal_contraceptives BOOLEAN, 
  hc_years FLOAT, 
  iud BOOLEAN, 
  iud_years FLOAT, 
  std BOOLEAN, 
  std_count INTEGER, 
  -- derived from Diagnosis table 
  dx_cancer BOOLEAN DEFAULT FALSE, -- ICD-10: C53.x 
  dx_cin BOOLEAN DEFAULT FALSE, -- ICD-10: N87.x 
  dx_hpv BOOLEAN DEFAULT FALSE, -- ICD-10: B97.7 
  entered_at TIMESTAMP DEFAULT CURRENT_TIMESTAMP 
);

CREATE TABLE DSS_Recommendation (
  recommendation_id UUID PRIMARY KEY,
  assessment_id UUID NOT NULL REFERENCES risk_assessment(assessment_id),
  predicted_probability FLOAT NOT NULL CHECK (predicted_probability BETWEEN 0 AND 1),
  risk_level RISK_LEVEL NOT NULL, 
  recommendation_category RECOMMENDATION_CATEGORY NOT NULL, 
  model_version VARCHAR(20), 
  created_at TIMESTAMP DEFAULT CURRENT_TIMESTAMP 
);

CREATE TABLE Risk_Driver (
  driver_id UUID PRIMARY KEY,
  recommendation_id UUID NOT NULL REFERENCES DSS_recommendation(recommendation_id),
  factor_code VARCHAR(50) REFERENCES risk_factor_catalog(factor_code), 
  feature_value FLOAT NOT NULL, 
  importance_score FLOAT NOT NULL, 
  rank INT NOT NULL 
);

CREATE TABLE Override (
  override_id UUID PRIMARY KEY,
  recommendation_id UUID NOT NULL REFERENCES DSS_recommendation(recommendation_id),
  override_user_id UUID NOT NULL REFERENCES app_user(user_id),
  original_category RECOMMENDATION_CATEGORY NOT NULL, 
  new_category RECOMMENDATION_CATEGORY NOT NULL, 
  reasoning VARCHAR(500) NOT NULL, 
  entered_at TIMESTAMP DEFAULT CURRENT_TIMESTAMP 
);

CREATE TABLE Follow_Up (
  follow_up_id UUID PRIMARY KEY,
  encounter_id UUID NOT NULL REFERENCES encounter(encounter_id),
  patient_id UUID NOT NULL REFERENCES patient(patient_id),
  assigned_to UUID REFERENCES app_user(user_id), 
  recommended_action RECOMMENDATION_CATEGORY NOT NULL, 
  status FOLLOWUP_STATUS NOT NULL DEFAULT 'pending', 
  due_date DATE, 
  updated_by UUID REFERENCES app_user(user_id), 
  updated_at TIMESTAMP DEFAULT CURRENT_TIMESTAMP 
);

CREATE TABLE Appointment (
  appointment_id UUID PRIMARY KEY,
  follow_up_id UUID NOT NULL REFERENCES follow_up(follow_up_id),
  patient_id UUID NOT NULL REFERENCES patient(patient_id),
  clinician_id UUID REFERENCES app_user(user_id), 
  appointment_type VARCHAR(50) NOT NULL, 
  scheduled_date TIMESTAMP NOT NULL, 
  status FOLLOWUP_STATUS NOT NULL 
);

-- SCREENING & LAB TABLES
-- Standards: LOINC for order and result codes, SNOMED CT for result findings
-- =============================================================================
CREATE TABLE Screening_Order (
  order_id UUID PRIMARY KEY, 
  encounter_id UUID NOT NULL REFERENCES encounter(encounter_id), 
  ordered_by UUID NOT NULL REFERENCES app_user(user_id), 
  loinc_code VARCHAR(15) NOT NULL REFERENCES LOINC_reference(loinc_code),  
  order_type VARCHAR(50) NOT NULL, 
  status ORDER_STATUS NOT NULL DEFAULT 'ordered', 
  ordered_at TIMESTAMP DEFAULT CURRENT_TIMESTAMP 
); 

CREATE TABLE Lab_Result (
  result_id UUID PRIMARY KEY, 
  order_id UUID NOT NULL REFERENCES screening_order(order_id), 
  loinc_code VARCHAR(15) NOT NULL REFERENCES LOINC_reference(loinc_code), 
  snomed_result_code VARCHAR(20) REFERENCES SNOMED_reference(snomed_code), 
  result_unit VARCHAR(25), 
  result_value VARCHAR(100) NOT NULL, 
  interpretation LAB_INTERPRETATION NOT NULL, 
  result_at TIMESTAMP DEFAULT CURRENT_TIMESTAMP 
); 

-- INSERT DATA ROWS 
-- =============================================================================
INSERT INTO LOINC_Reference VALUES
    ('10524-7',  'Microscopic observation [Identifier] in Cervix by Cyto stain',
                 'Cyto stain Cervix',       'Microscopic observation', 'Cervix',  'Nom', 'order'),
    ('21440-3',  'Human papilloma virus 16+18+31+33+35+39+45+51+52+56+58+59+68 DNA [Presence] in Cervix by Probe',
                 'HPV DNA Cervix Probe',    'HPV DNA',                 'Cervix',  'Ord', 'order'),
    ('11529-5',  'Surgical pathology study',
                 'Surgical path study',     'Pathology',               'Tissue',  'Doc', 'order'),
    ('19762-4',  'General pathology report',
                 'Pathology report',        'Pathology',               'Tissue',  'Doc', 'order'),
    ('33717-0',  'Cervix Cyto stain by Bethesda System',
                 'Bethesda Cervix',         'Bethesda result',         'Cervix',  'Nom', 'result'),
    ('59263-4',  'Human papilloma virus 16 DNA [Presence] in Cervix by Probe',
                 'HPV 16 Cervix',           'HPV 16 DNA',              'Cervix',  'Ord', 'result'),
    ('59264-2',  'Human papilloma virus 18 DNA [Presence] in Cervix by Probe',
                 'HPV 18 Cervix',           'HPV 18 DNA',              'Cervix',  'Ord', 'result'),
    ('72166-2',  'Tobacco smoking status',
                 'Smoking status',          'Smoking status',          NULL,      'Ord', 'risk_factor'),
    ('11449-6',  'Pregnancy status',
                 'Pregnancy status',        'Pregnancy status',        NULL,      'Ord', 'risk_factor'),
    ('21612-7',  'Age - Reported',
                 'Age reported',            'Age',                     NULL,      'Qn',  'risk_factor'),
    ('8690-2',   'History of pregnancies',
                 'Pregnancies Hx',          'Pregnancies',             NULL,      'Qn',  'risk_factor');
				 
INSERT INTO ICD10_Reference VALUES
    ('C53.0',   'Malignant neoplasm of endocervix',                    'Cervical cancer'),
    ('C53.1',   'Malignant neoplasm of exocervix',                     'Cervical cancer'),
    ('C53.8',   'Malignant neoplasm of overlapping sites of cervix',   'Cervical cancer'),
    ('C53.9',   'Malignant neoplasm of cervix uteri, unspecified',     'Cervical cancer'),
    ('N87.0',   'Mild cervical dysplasia (CIN I)',                     'CIN / Dysplasia'),
    ('N87.1',   'Moderate cervical dysplasia (CIN II)',                'CIN / Dysplasia'),
    ('N87.9',   'Cervical dysplasia, unspecified',                     'CIN / Dysplasia'),
    ('B97.7',   'Papillomaviruses as the cause of diseases (HPV)',     'HPV'),
    ('Z12.4',   'Encounter for screening for malignant neoplasm of cervix', 'Screening'),
    ('Z86.002', 'Personal history of in-situ neoplasm of cervix uteri','History');

INSERT INTO SNOMED_Reference VALUES
    ('373882004', 'Atypical squamous cells of undetermined significance (ASCUS)',  'finding'),
    ('285836003', 'Cervical intraepithelial neoplasia grade 1 (CIN I)',            'finding'),
    ('285837007', 'Cervical intraepithelial neoplasia grade 2 (CIN II)',           'finding'),
    ('20365006',  'Cervical intraepithelial neoplasia grade 3 (CIN III)',          'finding'),
    ('269533000', 'Carcinoma in situ of cervix uteri',                            'finding'),
    ('363354003', 'Malignant neoplasm of cervix',                                  'disorder'),
    ('427623005', 'Negative for intraepithelial lesion or malignancy (NILM)',     'finding'),
    ('240532009', 'Human papillomavirus infection',                                'disorder'),
    ('168406009', 'Unsatisfactory cervical smear',                                 'finding'),
	('77176002',  'Smoker',                                                       'finding'),
    ('289908002', 'Intrauterine device in situ',                                  'finding'),
    ('312850006', 'History of sexually transmitted infection',                    'finding');

INSERT INTO Risk_Factor_Catalog VALUES
    ('age_at_assessment',       'Age at assessment',            '21612-7', NULL,        'integer', 'years',      'Patient age at time of visit'),
    ('num_sexual_partners',     'Number of sexual partners',    NULL,      NULL,        'integer', 'count',      'Lifetime number of sexual partners'),
    ('num_pregnancies',         'Number of pregnancies',        '8690-2',  NULL,        'integer', 'count',      'Total number of pregnancies'),
    ('smokes',                  'Smoking status',               '72166-2', '77176002',  'boolean', NULL,         'Current or former smoker'),
    ('smokes_years',            'Years of smoking',             NULL,      NULL,        'float',   'years',      'Total years smoked'),
    ('smokes_packs_year',       'Smoking pack-years',           NULL,      NULL,        'float',   'packs/year', 'Average packs per year'),
    ('hormonal_contraceptives', 'Hormonal contraceptive use',   NULL,      NULL,        'boolean', NULL,         'Current or prior hormonal contraceptive use'),
    ('hc_years',                'Years of hormonal contraceptives', NULL,  NULL,        'float',   'years',      NULL),
    ('iud',                     'IUD use',                      NULL,      '289908002', 'boolean', NULL,         'Current or prior IUD use'),
    ('iud_years',               'Years of IUD use',             NULL,      NULL,        'float',   'years',      NULL),
    ('std',                     'History of STI',               NULL,      '312850006', 'boolean', NULL,         'Any prior sexually transmitted infection'),
    ('std_count',               'Number of STI diagnoses',      NULL,      NULL,        'integer', 'count',      NULL),
    ('dx_cancer',               'Prior cancer diagnosis',       NULL,      NULL,        'boolean', NULL,         'Derived from ICD-10 Diagnosis table — C53.x'),
    ('dx_cin',                  'Prior CIN diagnosis',          NULL,      NULL,        'boolean', NULL,         'Derived from ICD-10 Diagnosis table — N87.x'),
    ('dx_hpv',                  'Prior HPV diagnosis',          NULL,      NULL,        'boolean', NULL,         'Derived from ICD-10 Diagnosis table — B97.7');

-- =============================================================================
-- Cervical Cancer DSS — Comprehensive Sample Data
-- 150 patients | 8 physicians | 5 nurses | 2 managers
-- =============================================================================

-- =============================================================================
-- APP_USER
-- =============================================================================
INSERT INTO App_User
    (user_id, first_name, last_name, email, password_hash, role, npi_number, is_active)
VALUES
    ('aa000001-0000-0000-0000-000000000000', 'Sarah', 'Mitchell', 'smitchell@clinic.org', '$2b$12$placeholder', 'physician', '1234567890', TRUE),
    ('aa000002-0000-0000-0000-000000000000', 'James', 'Rodriguez', 'jrodriguez@clinic.org', '$2b$12$placeholder', 'physician', '0987654321', TRUE),
    ('aa000003-0000-0000-0000-000000000000', 'Lisa', 'Park', 'lpark@clinic.org', '$2b$12$placeholder', 'physician', '1122334455', TRUE),
    ('aa000004-0000-0000-0000-000000000000', 'David', 'Williams', 'dwilliams@clinic.org', '$2b$12$placeholder', 'physician', '5566778899', TRUE),
    ('aa000005-0000-0000-0000-000000000000', 'Maria', 'Santos', 'msantos@clinic.org', '$2b$12$placeholder', 'physician', '9988776655', TRUE),
    ('aa000006-0000-0000-0000-000000000000', 'Robert', 'Kim', 'rkim@clinic.org', '$2b$12$placeholder', 'physician', '4433221100', TRUE),
    ('aa000007-0000-0000-0000-000000000000', 'Jennifer', 'Okonkwo', 'jokonkwo@clinic.org', '$2b$12$placeholder', 'physician', '6677889900', TRUE),
    ('aa000008-0000-0000-0000-000000000000', 'Carlos', 'Mendez', 'cmendez@clinic.org', '$2b$12$placeholder', 'physician', '0011223344', TRUE),
    ('aa000009-0000-0000-0000-000000000000', 'Patricia', 'Chen', 'pchen@clinic.org', '$2b$12$placeholder', 'nurse', '1122334456', TRUE),
    ('aa00000a-0000-0000-0000-000000000000', 'Angela', 'Brown', 'abrown@clinic.org', '$2b$12$placeholder', 'nurse', '2233445567', TRUE),
    ('aa00000b-0000-0000-0000-000000000000', 'Diana', 'Taylor', 'dtaylor@clinic.org', '$2b$12$placeholder', 'nurse', '3344556678', TRUE),
    ('aa00000c-0000-0000-0000-000000000000', 'Monica', 'Wilson', 'mwilson@clinic.org', '$2b$12$placeholder', 'nurse', '4455667789', TRUE),
    ('aa00000d-0000-0000-0000-000000000000', 'Sandra', 'Johnson', 'sjohnson@clinic.org', '$2b$12$placeholder', 'nurse', '5566778890', TRUE),
    ('aa00000e-0000-0000-0000-000000000000', 'Maria', 'Gonzalez', 'mgonzalez@clinic.org', '$2b$12$placeholder', 'manager', NULL, TRUE),
    ('aa00000f-0000-0000-0000-000000000000', 'Thomas', 'Lee', 'tlee@clinic.org', '$2b$12$placeholder', 'manager', NULL, TRUE);

-- =============================================================================
-- PATIENT (150)
-- =============================================================================
INSERT INTO Patient
    (patient_id, first_name, last_name, dob, race, ethnicity, sex, gender_identity,
     email, phone_contact, address, preferred_language, hysterectomy, is_active, primary_provider)
VALUES
    ('bb000001-0000-0000-0000-000000000000', 'Rosa', 'Hill', '1994-08-10', 'American Indian or Alaska Native', 'Non-Hispanic', 'Female', 'Woman', 'rosa.hill1@email.com', '3045553536', '7030 Juniper Ct, Wheeling WV 26003', 'English', FALSE, TRUE, 'aa000004-0000-0000-0000-000000000000'),
    ('bb000002-0000-0000-0000-000000000000', 'Amber', 'Allen', '1977-01-19', 'Native Hawaiian or Other Pacific Islander', 'Non-Hispanic', 'Female', 'Woman', 'amber.allen2@email.com', '3045551821', '8983 Pine Ave, Wheeling WV 26003', 'English', FALSE, TRUE, 'aa000008-0000-0000-0000-000000000000'),
    ('bb000003-0000-0000-0000-000000000000', 'Chloe', 'Peterson', '1964-03-02', 'White', 'Hispanic', 'Female', 'Woman', 'chloe.peterson3@email.com', '3045554853', '8420 Maple Dr, Wheeling WV 26003', 'English', FALSE, TRUE, 'aa000007-0000-0000-0000-000000000000'),
    ('bb000004-0000-0000-0000-000000000000', 'Ruth', 'Kelly', '2005-04-19', 'Asian', 'Hispanic', 'Female', 'Woman', 'ruth.kelly4@email.com', '3045559565', '9840 Pine Ave, Wheeling WV 26003', 'English', FALSE, TRUE, 'aa000006-0000-0000-0000-000000000000'),
    ('bb000005-0000-0000-0000-000000000000', 'Elizabeth', 'Hall', '1991-11-23', 'White', 'Non-Hispanic', 'Female', 'Woman', 'elizabeth.hall5@email.com', '3045555915', '5247 Cherry St, Wheeling WV 26003', 'English', FALSE, TRUE, 'aa000008-0000-0000-0000-000000000000'),
    ('bb000006-0000-0000-0000-000000000000', 'Lauren', 'Griffin', '1991-02-01', 'Asian', 'Hispanic', 'Female', 'Woman', 'lauren.griffin6@email.com', '3045559808', '7608 Chestnut Pl, Wheeling WV 26003', 'English', FALSE, TRUE, 'aa000004-0000-0000-0000-000000000000'),
    ('bb000007-0000-0000-0000-000000000000', 'Chloe', 'Hill', '1980-03-12', 'Black', 'Non-Hispanic', 'Female', 'Woman', 'chloe.hill7@email.com', '3045558179', '1227 Cherry St, Wheeling WV 26003', 'English', FALSE, TRUE, 'aa000005-0000-0000-0000-000000000000'),
    ('bb000008-0000-0000-0000-000000000000', 'Diane', 'Sullivan', '1992-11-17', 'Asian', 'Non-Hispanic', 'Female', 'Woman', 'diane.sullivan8@email.com', '3045553200', '228 Hawthorn Blvd, Wheeling WV 26003', 'English', FALSE, TRUE, 'aa000005-0000-0000-0000-000000000000'),
    ('bb000009-0000-0000-0000-000000000000', 'Donna', 'Anderson', '1977-12-18', 'White', 'Non-Hispanic', 'Female', 'Woman', 'donna.anderson9@email.com', '3045554335', '2646 Ash Ave, Wheeling WV 26003', 'English', FALSE, TRUE, 'aa000005-0000-0000-0000-000000000000'),
    ('bb00000a-0000-0000-0000-000000000000', 'Chloe', 'Cooper', '1996-05-28', 'Asian', 'Non-Hispanic', 'Female', 'Woman', 'chloe.cooper10@email.com', '3045551722', '932 Maple Dr, Wheeling WV 26003', 'English', FALSE, TRUE, 'aa000001-0000-0000-0000-000000000000'),
    ('bb00000b-0000-0000-0000-000000000000', 'Megan', 'Hayes', '1984-03-21', 'Native Hawaiian or Other Pacific Islander', 'Non-Hispanic', 'Female', 'Woman', 'megan.hayes11@email.com', '3045558007', '4391 Birch Ln, Wheeling WV 26003', 'Spanish', FALSE, TRUE, 'aa000001-0000-0000-0000-000000000000'),
    ('bb00000c-0000-0000-0000-000000000000', 'Donna', 'Miller', '1986-12-05', 'Black', 'Non-Hispanic', 'Female', 'Woman', 'donna.miller12@email.com', '3045553426', '9038 Pine Ave, Wheeling WV 26003', 'Spanish', FALSE, TRUE, 'aa000007-0000-0000-0000-000000000000'),
    ('bb00000d-0000-0000-0000-000000000000', 'Sandra', 'Johnson', '2004-05-12', 'White', 'Non-Hispanic', 'Female', 'Woman', 'sandra.johnson13@email.com', '3045556794', '753 Hickory Ln, Wheeling WV 26003', 'English', FALSE, TRUE, 'aa000007-0000-0000-0000-000000000000'),
    ('bb00000e-0000-0000-0000-000000000000', 'Alice', 'Russell', '1995-03-08', 'Black', 'Hispanic', 'Female', 'Woman', 'alice.russell14@email.com', '3045556442', '2762 Birch Ln, Wheeling WV 26003', 'English', FALSE, TRUE, 'aa000007-0000-0000-0000-000000000000'),
    ('bb00000f-0000-0000-0000-000000000000', 'Rachel', 'Patterson', '1996-12-26', 'White', 'Hispanic', 'Female', 'Woman', 'rachel.patterson15@email.com', '3045551634', '4165 Ash Ave, Wheeling WV 26003', 'English', FALSE, TRUE, 'aa000008-0000-0000-0000-000000000000'),
    ('bb000010-0000-0000-0000-000000000000', 'Gloria', 'Lee', '1995-08-12', 'White', 'Hispanic', 'Female', 'Woman', 'gloria.lee16@email.com', '3045557528', '5100 Cherry St, Wheeling WV 26003', 'English', FALSE, TRUE, 'aa000006-0000-0000-0000-000000000000'),
    ('bb000011-0000-0000-0000-000000000000', 'Jasmine', 'Davis', '1997-05-12', 'American Indian or Alaska Native', 'Non-Hispanic', 'Female', 'Woman', 'jasmine.davis17@email.com', '3045551452', '8446 Magnolia Blvd, Wheeling WV 26003', 'English', FALSE, TRUE, 'aa000002-0000-0000-0000-000000000000'),
    ('bb000012-0000-0000-0000-000000000000', 'Elizabeth', 'Clark', '2002-10-09', 'Asian', 'Non-Hispanic', 'Female', 'Woman', 'elizabeth.clark18@email.com', '3045556139', '726 Elm St, Wheeling WV 26003', 'English', FALSE, TRUE, 'aa000007-0000-0000-0000-000000000000'),
    ('bb000013-0000-0000-0000-000000000000', 'Laura', 'Howard', '2004-02-13', 'White', 'Hispanic', 'Female', 'Woman', 'laura.howard19@email.com', '3045551027', '9546 Walnut Ct, Wheeling WV 26003', 'English', FALSE, TRUE, 'aa000004-0000-0000-0000-000000000000'),
    ('bb000014-0000-0000-0000-000000000000', 'Victoria', 'Reed', '1992-02-22', 'Black', 'Hispanic', 'Female', 'Woman', 'victoria.reed20@email.com', '3045559308', '5509 Chestnut Pl, Wheeling WV 26003', 'English', FALSE, TRUE, 'aa000005-0000-0000-0000-000000000000'),
    ('bb000015-0000-0000-0000-000000000000', 'Joan', 'Sanchez', '1990-06-13', 'White', 'Non-Hispanic', 'Female', 'Woman', 'joan.sanchez21@email.com', '3045557211', '4944 Sycamore Rd, Wheeling WV 26003', 'English', FALSE, TRUE, 'aa000003-0000-0000-0000-000000000000'),
    ('bb000016-0000-0000-0000-000000000000', 'Diane', 'Kelly', '2005-05-13', 'White', 'Non-Hispanic', 'Female', 'Woman', 'diane.kelly22@email.com', '3045558043', '9077 Oak St, Wheeling WV 26003', 'English', FALSE, TRUE, 'aa000006-0000-0000-0000-000000000000'),
    ('bb000017-0000-0000-0000-000000000000', 'Jin', 'Cook', '1991-08-22', 'Black', 'Non-Hispanic', 'Female', 'Woman', 'jin.cook23@email.com', '3045555649', '3601 Cottonwood Dr, Wheeling WV 26003', 'English', FALSE, TRUE, 'aa000006-0000-0000-0000-000000000000'),
    ('bb000018-0000-0000-0000-000000000000', 'Sharon', 'Wallace', '1976-04-22', 'White', 'Non-Hispanic', 'Female', 'Woman', 'sharon.wallace24@email.com', '3045551757', '5185 Cherry St, Wheeling WV 26003', 'English', FALSE, TRUE, 'aa000004-0000-0000-0000-000000000000'),
    ('bb000019-0000-0000-0000-000000000000', 'Olga', 'Ross', '1996-02-15', 'Asian', 'Non-Hispanic', 'Female', 'Woman', 'olga.ross25@email.com', '3045559099', '6890 Dogwood Cir, Wheeling WV 26003', 'English', FALSE, TRUE, 'aa000007-0000-0000-0000-000000000000'),
    ('bb00001a-0000-0000-0000-000000000000', 'Rachel', 'Martin', '1997-11-23', 'Native Hawaiian or Other Pacific Islander', 'Non-Hispanic', 'Female', 'Woman', 'rachel.martin26@email.com', '3045553881', '190 Elm St, Wheeling WV 26003', 'English', FALSE, TRUE, 'aa000008-0000-0000-0000-000000000000'),
    ('bb00001b-0000-0000-0000-000000000000', 'Susan', 'Watson', '2002-04-28', 'White', 'Non-Hispanic', 'Female', 'Woman', 'susan.watson27@email.com', '3045556198', '2088 Spruce Ave, Wheeling WV 26003', 'Spanish', FALSE, TRUE, 'aa000008-0000-0000-0000-000000000000'),
    ('bb00001c-0000-0000-0000-000000000000', 'Diane', 'Wallace', '1976-12-17', 'Black', 'Non-Hispanic', 'Female', 'Woman', 'diane.wallace28@email.com', '3045558373', '7091 Sycamore Rd, Wheeling WV 26003', 'English', FALSE, TRUE, 'aa000005-0000-0000-0000-000000000000'),
    ('bb00001d-0000-0000-0000-000000000000', 'Beverly', 'Wright', '1997-11-09', 'Asian', 'Non-Hispanic', 'Female', 'Woman', 'beverly.wright29@email.com', '3045558206', '8640 Fir Ct, Wheeling WV 26003', 'English', FALSE, TRUE, 'aa000002-0000-0000-0000-000000000000'),
    ('bb00001e-0000-0000-0000-000000000000', 'Nicole', 'Adams', '2004-04-09', 'Asian', 'Hispanic', 'Female', 'Woman', 'nicole.adams30@email.com', '3045553471', '5602 Poplar Dr, Wheeling WV 26003', 'English', FALSE, TRUE, 'aa000004-0000-0000-0000-000000000000'),
    ('bb00001f-0000-0000-0000-000000000000', 'Rosa', 'Washington', '2005-03-23', 'Black', 'Non-Hispanic', 'Female', 'Woman', 'rosa.washington31@email.com', '3045559890', '3605 Maple Dr, Wheeling WV 26003', 'English', FALSE, TRUE, 'aa000008-0000-0000-0000-000000000000'),
    ('bb000020-0000-0000-0000-000000000000', 'Sofia', 'Brown', '2002-04-27', 'Native Hawaiian or Other Pacific Islander', 'Non-Hispanic', 'Female', 'Woman', 'sofia.brown32@email.com', '3045557232', '6983 Magnolia Blvd, Wheeling WV 26003', 'English', FALSE, TRUE, 'aa000008-0000-0000-0000-000000000000'),
    ('bb000021-0000-0000-0000-000000000000', 'Linda', 'Phillips', '1993-05-25', 'Asian', 'Non-Hispanic', 'Female', 'Woman', 'linda.phillips33@email.com', '3045558999', '6489 Cypress St, Wheeling WV 26003', 'English', FALSE, TRUE, 'aa000004-0000-0000-0000-000000000000'),
    ('bb000022-0000-0000-0000-000000000000', 'Tiffany', 'Reed', '1999-08-01', 'Asian', 'Non-Hispanic', 'Female', 'Woman', 'tiffany.reed34@email.com', '3045558657', '6471 Poplar Dr, Wheeling WV 26003', 'English', FALSE, TRUE, 'aa000003-0000-0000-0000-000000000000'),
    ('bb000023-0000-0000-0000-000000000000', 'Alice', 'Gray', '2005-01-13', 'Asian', 'Hispanic', 'Female', 'Woman', 'alice.gray35@email.com', '3045558022', '9797 Linden Way, Wheeling WV 26003', 'English', FALSE, TRUE, 'aa000003-0000-0000-0000-000000000000'),
    ('bb000024-0000-0000-0000-000000000000', 'Jin', 'Rodriguez', '1980-01-09', 'White', 'Non-Hispanic', 'Female', 'Woman', 'jin.rodriguez36@email.com', '3045556529', '6311 Poplar Dr, Wheeling WV 26003', 'English', FALSE, TRUE, 'aa000007-0000-0000-0000-000000000000'),
    ('bb000025-0000-0000-0000-000000000000', 'Jasmine', 'Griffin', '1965-07-09', 'White', 'Non-Hispanic', 'Female', 'Woman', 'jasmine.griffin37@email.com', '3045556733', '1441 Fir Ct, Wheeling WV 26003', 'English', FALSE, TRUE, 'aa000004-0000-0000-0000-000000000000'),
    ('bb000026-0000-0000-0000-000000000000', 'Mildred', 'Davis', '1980-11-02', 'White', 'Hispanic', 'Female', 'Woman', 'mildred.davis38@email.com', '3045554908', '608 Cherry St, Wheeling WV 26003', 'English', FALSE, TRUE, 'aa000003-0000-0000-0000-000000000000'),
    ('bb000027-0000-0000-0000-000000000000', 'Olga', 'Patterson', '1973-02-19', 'American Indian or Alaska Native', 'Non-Hispanic', 'Female', 'Woman', 'olga.patterson39@email.com', '3045553749', '3671 Spruce Ave, Wheeling WV 26003', 'English', FALSE, TRUE, 'aa000002-0000-0000-0000-000000000000'),
    ('bb000028-0000-0000-0000-000000000000', 'Irene', 'Wallace', '1994-03-10', 'White', 'Non-Hispanic', 'Female', 'Woman', 'irene.wallace40@email.com', '3045557149', '1871 Linden Way, Wheeling WV 26003', 'French', FALSE, TRUE, 'aa000007-0000-0000-0000-000000000000'),
    ('bb000029-0000-0000-0000-000000000000', 'Nicole', 'Lee', '1987-02-19', 'American Indian or Alaska Native', 'Non-Hispanic', 'Female', 'Woman', 'nicole.lee41@email.com', '3045551672', '4078 Elm St, Wheeling WV 26003', 'English', FALSE, TRUE, 'aa000006-0000-0000-0000-000000000000'),
    ('bb00002a-0000-0000-0000-000000000000', 'Grace', 'Rogers', '2000-11-12', 'Asian', 'Non-Hispanic', 'Female', 'Woman', 'grace.rogers42@email.com', '3045557882', '1229 Cottonwood Dr, Wheeling WV 26003', 'English', FALSE, TRUE, 'aa000008-0000-0000-0000-000000000000'),
    ('bb00002b-0000-0000-0000-000000000000', 'Helen', 'Reed', '2000-06-21', 'White', 'Non-Hispanic', 'Female', 'Woman', 'helen.reed43@email.com', '3045559548', '7632 Juniper Ct, Wheeling WV 26003', 'English', FALSE, TRUE, 'aa000005-0000-0000-0000-000000000000'),
    ('bb00002c-0000-0000-0000-000000000000', 'Grace', 'Myers', '1997-08-15', 'Asian', 'Non-Hispanic', 'Female', 'Woman', 'grace.myers44@email.com', '3045555022', '7236 Laurel Dr, Wheeling WV 26003', 'English', FALSE, TRUE, 'aa000002-0000-0000-0000-000000000000'),
    ('bb00002d-0000-0000-0000-000000000000', 'Jasmine', 'Morgan', '1988-04-25', 'Asian', 'Non-Hispanic', 'Female', 'Woman', 'jasmine.morgan45@email.com', '3045551470', '7713 Linden Way, Wheeling WV 26003', 'English', FALSE, TRUE, 'aa000008-0000-0000-0000-000000000000'),
    ('bb00002e-0000-0000-0000-000000000000', 'Anne', 'Mitchell', '1986-03-16', 'White', 'Non-Hispanic', 'Female', 'Woman', 'anne.mitchell46@email.com', '3045555526', '3575 Hickory Ln, Wheeling WV 26003', 'English', FALSE, TRUE, 'aa000001-0000-0000-0000-000000000000'),
    ('bb00002f-0000-0000-0000-000000000000', 'Emma', 'Lewis', '1987-02-08', 'Asian', 'Non-Hispanic', 'Female', 'Woman', 'emma.lewis47@email.com', '3045559041', '6758 Fir Ct, Wheeling WV 26003', 'English', FALSE, TRUE, 'aa000008-0000-0000-0000-000000000000'),
    ('bb000030-0000-0000-0000-000000000000', 'Lori', 'Zhang', '2002-02-10', 'American Indian or Alaska Native', 'Non-Hispanic', 'Female', 'Woman', 'lori.zhang48@email.com', '3045557046', '3730 Magnolia Blvd, Wheeling WV 26003', 'English', FALSE, TRUE, 'aa000008-0000-0000-0000-000000000000'),
    ('bb000031-0000-0000-0000-000000000000', 'Christine', 'Peterson', '1991-06-14', 'Black', 'Non-Hispanic', 'Female', 'Woman', 'christine.peterson49@email.com', '3045556023', '9117 Poplar Dr, Wheeling WV 26003', 'English', FALSE, TRUE, 'aa000005-0000-0000-0000-000000000000'),
    ('bb000032-0000-0000-0000-000000000000', 'Hannah', 'Jackson', '2002-12-07', 'Native Hawaiian or Other Pacific Islander', 'Non-Hispanic', 'Female', 'Woman', 'hannah.jackson50@email.com', '3045554138', '5269 Elm St, Wheeling WV 26003', 'English', FALSE, TRUE, 'aa000004-0000-0000-0000-000000000000'),
    ('bb000033-0000-0000-0000-000000000000', 'Kathy', 'Rivera', '2004-05-24', 'Asian', 'Non-Hispanic', 'Female', 'Woman', 'kathy.rivera51@email.com', '3045554180', '9759 Cottonwood Dr, Wheeling WV 26003', 'English', FALSE, TRUE, 'aa000005-0000-0000-0000-000000000000'),
    ('bb000034-0000-0000-0000-000000000000', 'Hannah', 'Campbell', '1993-03-10', 'Asian', 'Hispanic', 'Female', 'Woman', 'hannah.campbell52@email.com', '3045551745', '331 Juniper Ct, Wheeling WV 26003', 'English', FALSE, TRUE, 'aa000001-0000-0000-0000-000000000000'),
    ('bb000035-0000-0000-0000-000000000000', 'Christine', 'Baker', '1996-12-05', 'White', 'Non-Hispanic', 'Female', 'Woman', 'christine.baker53@email.com', '3045558690', '8142 Elm St, Wheeling WV 26003', 'English', FALSE, TRUE, 'aa000008-0000-0000-0000-000000000000'),
    ('bb000036-0000-0000-0000-000000000000', 'Priya', 'Roberts', '1981-03-02', 'White', 'Hispanic', 'Female', 'Woman', 'priya.roberts54@email.com', '3045559056', '4236 Fir Ct, Wheeling WV 26003', 'English', FALSE, TRUE, 'aa000002-0000-0000-0000-000000000000'),
    ('bb000037-0000-0000-0000-000000000000', 'Karen', 'Coleman', '1987-11-02', 'Asian', 'Non-Hispanic', 'Female', 'Woman', 'karen.coleman55@email.com', '3045555066', '2585 Cedar Blvd, Wheeling WV 26003', 'English', FALSE, TRUE, 'aa000002-0000-0000-0000-000000000000'),
    ('bb000038-0000-0000-0000-000000000000', 'Rebecca', 'Diaz', '1993-07-20', 'White', 'Non-Hispanic', 'Female', 'Woman', 'rebecca.diaz56@email.com', '3045558381', '9866 Chestnut Pl, Wheeling WV 26003', 'English', FALSE, TRUE, 'aa000008-0000-0000-0000-000000000000'),
    ('bb000039-0000-0000-0000-000000000000', 'Brittany', 'Bennett', '1987-07-10', 'White', 'Hispanic', 'Female', 'Woman', 'brittany.bennett57@email.com', '3045554457', '9416 Chestnut Pl, Wheeling WV 26003', 'English', FALSE, TRUE, 'aa000005-0000-0000-0000-000000000000'),
    ('bb00003a-0000-0000-0000-000000000000', 'Katherine', 'Wilson', '2003-03-08', 'White', 'Non-Hispanic', 'Female', 'Woman', 'katherine.wilson58@email.com', '3045557693', '2947 Sycamore Rd, Wheeling WV 26003', 'English', FALSE, TRUE, 'aa000008-0000-0000-0000-000000000000'),
    ('bb00003b-0000-0000-0000-000000000000', 'Rose', 'Wood', '1989-08-10', 'White', 'Non-Hispanic', 'Female', 'Woman', 'rose.wood59@email.com', '3045552166', '634 Cherry St, Wheeling WV 26003', 'English', FALSE, TRUE, 'aa000004-0000-0000-0000-000000000000'),
    ('bb00003c-0000-0000-0000-000000000000', 'Elizabeth', 'Ford', '1996-11-19', 'White', 'Non-Hispanic', 'Female', 'Woman', 'elizabeth.ford60@email.com', '3045553441', '3341 Cypress St, Wheeling WV 26003', 'English', FALSE, TRUE, 'aa000005-0000-0000-0000-000000000000'),
    ('bb00003d-0000-0000-0000-000000000000', 'Kathryn', 'Martin', '1997-02-02', 'Asian', 'Non-Hispanic', 'Female', 'Woman', 'kathryn.martin61@email.com', '3045558195', '2818 Willow Rd, Wheeling WV 26003', 'English', FALSE, TRUE, 'aa000002-0000-0000-0000-000000000000'),
    ('bb00003e-0000-0000-0000-000000000000', 'Jin', 'Washington', '1982-05-23', 'Black', 'Non-Hispanic', 'Female', 'Woman', 'jin.washington62@email.com', '3045558172', '6694 Ash Ave, Wheeling WV 26003', 'English', FALSE, TRUE, 'aa000002-0000-0000-0000-000000000000'),
    ('bb00003f-0000-0000-0000-000000000000', 'Carol', 'Johnson', '1984-07-24', 'White', 'Hispanic', 'Female', 'Woman', 'carol.johnson63@email.com', '3045554750', '5380 Chestnut Pl, Wheeling WV 26003', 'English', FALSE, TRUE, 'aa000001-0000-0000-0000-000000000000'),
    ('bb000040-0000-0000-0000-000000000000', 'Denise', 'Hughes', '2001-05-19', 'Black', 'Non-Hispanic', 'Female', 'Woman', 'denise.hughes64@email.com', '3045555557', '759 Birch Ln, Wheeling WV 26003', 'English', FALSE, TRUE, 'aa000003-0000-0000-0000-000000000000'),
    ('bb000041-0000-0000-0000-000000000000', 'Nancy', 'Reed', '1965-11-27', 'Black', 'Non-Hispanic', 'Female', 'Woman', 'nancy.reed65@email.com', '3045556460', '8156 Maple Dr, Wheeling WV 26003', 'English', FALSE, TRUE, 'aa000006-0000-0000-0000-000000000000'),
    ('bb000042-0000-0000-0000-000000000000', 'Joan', 'Anderson', '1989-03-11', 'Black', 'Non-Hispanic', 'Female', 'Woman', 'joan.anderson66@email.com', '3045551601', '6844 Juniper Ct, Wheeling WV 26003', 'English', FALSE, TRUE, 'aa000008-0000-0000-0000-000000000000'),
    ('bb000043-0000-0000-0000-000000000000', 'Sharon', 'Carter', '1976-05-11', 'Black', 'Hispanic', 'Female', 'Woman', 'sharon.carter67@email.com', '3045558569', '1999 Magnolia Blvd, Wheeling WV 26003', 'Spanish', FALSE, TRUE, 'aa000007-0000-0000-0000-000000000000'),
    ('bb000044-0000-0000-0000-000000000000', 'Susan', 'Lewis', '1994-09-12', 'Black', 'Hispanic', 'Female', 'Woman', 'susan.lewis68@email.com', '3045555375', '8267 Dogwood Cir, Wheeling WV 26003', 'English', FALSE, TRUE, 'aa000003-0000-0000-0000-000000000000'),
    ('bb000045-0000-0000-0000-000000000000', 'Crystal', 'Cook', '1989-12-16', 'Asian', 'Non-Hispanic', 'Female', 'Woman', 'crystal.cook69@email.com', '3045556091', '2089 Oak St, Wheeling WV 26003', 'English', FALSE, TRUE, 'aa000001-0000-0000-0000-000000000000'),
    ('bb000046-0000-0000-0000-000000000000', 'Christine', 'Sanchez', '1986-02-08', 'White', 'Non-Hispanic', 'Female', 'Woman', 'christine.sanchez70@email.com', '3045555781', '1958 Spruce Ave, Wheeling WV 26003', 'English', FALSE, TRUE, 'aa000005-0000-0000-0000-000000000000'),
    ('bb000047-0000-0000-0000-000000000000', 'Sofia', 'Cole', '1993-08-16', 'Asian', 'Non-Hispanic', 'Female', 'Woman', 'sofia.cole71@email.com', '3045554122', '4093 Spruce Ave, Wheeling WV 26003', 'English', FALSE, TRUE, 'aa000003-0000-0000-0000-000000000000'),
    ('bb000048-0000-0000-0000-000000000000', 'Michelle', 'Green', '1971-07-11', 'White', 'Non-Hispanic', 'Female', 'Woman', 'michelle.green72@email.com', '3045559022', '8418 Ash Ave, Wheeling WV 26003', 'English', FALSE, TRUE, 'aa000003-0000-0000-0000-000000000000'),
    ('bb000049-0000-0000-0000-000000000000', 'Mei', 'Gray', '2004-08-12', 'Native Hawaiian or Other Pacific Islander', 'Non-Hispanic', 'Female', 'Woman', 'mei.gray73@email.com', '3045558460', '5546 Sycamore Rd, Wheeling WV 26003', 'English', FALSE, TRUE, 'aa000006-0000-0000-0000-000000000000'),
    ('bb00004a-0000-0000-0000-000000000000', 'Janet', 'Butler', '1988-04-19', 'Native Hawaiian or Other Pacific Islander', 'Non-Hispanic', 'Female', 'Woman', 'janet.butler74@email.com', '3045556213', '6374 Cherry St, Wheeling WV 26003', 'English', FALSE, TRUE, 'aa000008-0000-0000-0000-000000000000'),
    ('bb00004b-0000-0000-0000-000000000000', 'Kelly', 'Sullivan', '1990-07-13', 'White', 'Hispanic', 'Female', 'Woman', 'kelly.sullivan75@email.com', '3045556439', '2592 Fir Ct, Wheeling WV 26003', 'English', FALSE, TRUE, 'aa000002-0000-0000-0000-000000000000'),
    ('bb00004c-0000-0000-0000-000000000000', 'Anne', 'Cook', '1994-02-17', 'American Indian or Alaska Native', 'Non-Hispanic', 'Female', 'Woman', 'anne.cook76@email.com', '3045553529', '7586 Oak St, Wheeling WV 26003', 'English', FALSE, TRUE, 'aa000002-0000-0000-0000-000000000000'),
    ('bb00004d-0000-0000-0000-000000000000', 'Olga', 'Ford', '1988-05-11', 'White', 'Non-Hispanic', 'Female', 'Woman', 'olga.ford77@email.com', '3045557226', '6612 Dogwood Cir, Wheeling WV 26003', 'Spanish', FALSE, TRUE, 'aa000006-0000-0000-0000-000000000000'),
    ('bb00004e-0000-0000-0000-000000000000', 'Jean', 'Foster', '1979-08-28', 'Asian', 'Hispanic', 'Female', 'Woman', 'jean.foster78@email.com', '3045555708', '8964 Pine Ave, Wheeling WV 26003', 'English', FALSE, TRUE, 'aa000004-0000-0000-0000-000000000000'),
    ('bb00004f-0000-0000-0000-000000000000', 'Theresa', 'Moore', '2005-07-04', 'White', 'Non-Hispanic', 'Female', 'Woman', 'theresa.moore79@email.com', '3045551753', '1746 Spruce Ave, Wheeling WV 26003', 'English', FALSE, TRUE, 'aa000006-0000-0000-0000-000000000000'),
    ('bb000050-0000-0000-0000-000000000000', 'Lori', 'Brown', '1999-05-12', 'White', 'Non-Hispanic', 'Female', 'Woman', 'lori.brown80@email.com', '3045557751', '6241 Cypress St, Wheeling WV 26003', 'Spanish', FALSE, TRUE, 'aa000003-0000-0000-0000-000000000000'),
    ('bb000051-0000-0000-0000-000000000000', 'Melissa', 'Clark', '1983-02-20', 'American Indian or Alaska Native', 'Non-Hispanic', 'Female', 'Woman', 'melissa.clark81@email.com', '3045553344', '6367 Chestnut Pl, Wheeling WV 26003', 'English', FALSE, TRUE, 'aa000004-0000-0000-0000-000000000000'),
    ('bb000052-0000-0000-0000-000000000000', 'Jin', 'Jenkins', '1972-05-15', 'White', 'Non-Hispanic', 'Female', 'Woman', 'jin.jenkins82@email.com', '3045559955', '4283 Hawthorn Blvd, Wheeling WV 26003', 'English', FALSE, TRUE, 'aa000003-0000-0000-0000-000000000000'),
    ('bb000053-0000-0000-0000-000000000000', 'Stephanie', 'Cook', '1999-06-19', 'Black', 'Non-Hispanic', 'Female', 'Woman', 'stephanie.cook83@email.com', '3045555949', '5001 Dogwood Cir, Wheeling WV 26003', 'English', FALSE, TRUE, 'aa000004-0000-0000-0000-000000000000'),
    ('bb000054-0000-0000-0000-000000000000', 'Rosa', 'Rivera', '1996-02-08', 'Black', 'Non-Hispanic', 'Female', 'Woman', 'rosa.rivera84@email.com', '3045555837', '6348 Linden Way, Wheeling WV 26003', 'English', FALSE, TRUE, 'aa000001-0000-0000-0000-000000000000'),
    ('bb000055-0000-0000-0000-000000000000', 'Louise', 'Long', '1990-07-09', 'American Indian or Alaska Native', 'Hispanic', 'Female', 'Woman', 'louise.long85@email.com', '3045555689', '232 Linden Way, Wheeling WV 26003', 'English', FALSE, TRUE, 'aa000004-0000-0000-0000-000000000000'),
    ('bb000056-0000-0000-0000-000000000000', 'Laura', 'Graham', '1978-06-08', 'White', 'Non-Hispanic', 'Female', 'Woman', 'laura.graham86@email.com', '3045551645', '3215 Chestnut Pl, Wheeling WV 26003', 'English', FALSE, TRUE, 'aa000005-0000-0000-0000-000000000000'),
    ('bb000057-0000-0000-0000-000000000000', 'Jane', 'Cook', '1979-01-19', 'White', 'Hispanic', 'Female', 'Woman', 'jane.cook87@email.com', '3045556352', '6077 Laurel Dr, Wheeling WV 26003', 'English', FALSE, TRUE, 'aa000007-0000-0000-0000-000000000000'),
    ('bb000058-0000-0000-0000-000000000000', 'Deborah', 'Lee', '2002-03-26', 'Black', 'Non-Hispanic', 'Female', 'Woman', 'deborah.lee88@email.com', '3045553695', '8937 Hickory Ln, Wheeling WV 26003', 'English', FALSE, TRUE, 'aa000005-0000-0000-0000-000000000000'),
    ('bb000059-0000-0000-0000-000000000000', 'Kathryn', 'Rivera', '1978-05-24', 'Black', 'Hispanic', 'Female', 'Woman', 'kathryn.rivera89@email.com', '3045554696', '5649 Elm St, Wheeling WV 26003', 'English', FALSE, TRUE, 'aa000007-0000-0000-0000-000000000000'),
    ('bb00005a-0000-0000-0000-000000000000', 'Anne', 'Graham', '1993-09-12', 'White', 'Non-Hispanic', 'Female', 'Woman', 'anne.graham90@email.com', '3045553024', '1579 Magnolia Blvd, Wheeling WV 26003', 'Spanish', FALSE, TRUE, 'aa000008-0000-0000-0000-000000000000'),
    ('bb00005b-0000-0000-0000-000000000000', 'Natasha', 'Hughes', '2004-12-22', 'Black', 'Non-Hispanic', 'Female', 'Woman', 'natasha.hughes91@email.com', '3045554830', '4395 Linden Way, Wheeling WV 26003', 'English', FALSE, TRUE, 'aa000008-0000-0000-0000-000000000000'),
    ('bb00005c-0000-0000-0000-000000000000', 'Jennifer', 'Henderson', '1987-09-11', 'White', 'Non-Hispanic', 'Female', 'Woman', 'jennifer.henderson92@email.com', '3045557689', '3726 Dogwood Cir, Wheeling WV 26003', 'English', FALSE, TRUE, 'aa000002-0000-0000-0000-000000000000'),
    ('bb00005d-0000-0000-0000-000000000000', 'Margaret', 'Johnson', '1976-01-10', 'White', 'Non-Hispanic', 'Female', 'Woman', 'margaret.johnson93@email.com', '3045553222', '8171 Elm St, Wheeling WV 26003', 'Spanish', FALSE, TRUE, 'aa000007-0000-0000-0000-000000000000'),
    ('bb00005e-0000-0000-0000-000000000000', 'Yuki', 'Parker', '1997-11-24', 'Asian', 'Non-Hispanic', 'Female', 'Woman', 'yuki.parker94@email.com', '3045552622', '8950 Cypress St, Wheeling WV 26003', 'English', FALSE, TRUE, 'aa000008-0000-0000-0000-000000000000'),
    ('bb00005f-0000-0000-0000-000000000000', 'Diane', 'Sanchez', '1992-05-02', 'Black', 'Non-Hispanic', 'Female', 'Woman', 'diane.sanchez95@email.com', '3045556942', '6170 Walnut Ct, Wheeling WV 26003', 'English', FALSE, TRUE, 'aa000002-0000-0000-0000-000000000000'),
    ('bb000060-0000-0000-0000-000000000000', 'Judith', 'Parker', '1979-09-21', 'Black', 'Non-Hispanic', 'Female', 'Woman', 'judith.parker96@email.com', '3045553001', '5976 Pine Ave, Wheeling WV 26003', 'English', FALSE, TRUE, 'aa000008-0000-0000-0000-000000000000'),
    ('bb000061-0000-0000-0000-000000000000', 'Sharon', 'Long', '1978-04-21', 'White', 'Non-Hispanic', 'Female', 'Woman', 'sharon.long97@email.com', '3045553063', '9883 Oak St, Wheeling WV 26003', 'English', FALSE, TRUE, 'aa000004-0000-0000-0000-000000000000'),
    ('bb000062-0000-0000-0000-000000000000', 'Michelle', 'Cole', '1980-09-07', 'White', 'Non-Hispanic', 'Female', 'Woman', 'michelle.cole98@email.com', '3045551046', '9707 Walnut Ct, Wheeling WV 26003', 'English', FALSE, TRUE, 'aa000005-0000-0000-0000-000000000000'),
    ('bb000063-0000-0000-0000-000000000000', 'Jacqueline', 'Martin', '1986-03-18', 'White', 'Hispanic', 'Female', 'Woman', 'jacqueline.martin99@email.com', '3045551243', '4206 Birch Ln, Wheeling WV 26003', 'English', FALSE, TRUE, 'aa000006-0000-0000-0000-000000000000'),
    ('bb000064-0000-0000-0000-000000000000', 'Lori', 'Ford', '2000-04-19', 'White', 'Non-Hispanic', 'Female', 'Woman', 'lori.ford100@email.com', '3045553076', '5404 Oak St, Wheeling WV 26003', 'English', FALSE, TRUE, 'aa000007-0000-0000-0000-000000000000'),
    ('bb000065-0000-0000-0000-000000000000', 'Olivia', 'Thomas', '1996-12-03', 'Native Hawaiian or Other Pacific Islander', 'Non-Hispanic', 'Female', 'Woman', 'olivia.thomas101@email.com', '3045552786', '7902 Spruce Ave, Wheeling WV 26003', 'Spanish', FALSE, TRUE, 'aa000008-0000-0000-0000-000000000000'),
    ('bb000066-0000-0000-0000-000000000000', 'Chloe', 'Young', '1972-10-02', 'Black', 'Hispanic', 'Female', 'Woman', 'chloe.young102@email.com', '3045558847', '8643 Willow Rd, Wheeling WV 26003', 'English', FALSE, TRUE, 'aa000007-0000-0000-0000-000000000000'),
    ('bb000067-0000-0000-0000-000000000000', 'Fatima', 'Flores', '1998-02-16', 'White', 'Non-Hispanic', 'Female', 'Woman', 'fatima.flores103@email.com', '3045552076', '7367 Maple Dr, Wheeling WV 26003', 'English', FALSE, TRUE, 'aa000003-0000-0000-0000-000000000000'),
    ('bb000068-0000-0000-0000-000000000000', 'Jasmine', 'Henderson', '2002-11-19', 'Black', 'Non-Hispanic', 'Female', 'Woman', 'jasmine.henderson104@email.com', '3045555831', '9084 Juniper Ct, Wheeling WV 26003', 'Spanish', FALSE, TRUE, 'aa000008-0000-0000-0000-000000000000'),
    ('bb000069-0000-0000-0000-000000000000', 'Chloe', 'Barnes', '1992-07-04', 'Asian', 'Non-Hispanic', 'Female', 'Woman', 'chloe.barnes105@email.com', '3045558046', '1974 Dogwood Cir, Wheeling WV 26003', 'English', FALSE, TRUE, 'aa000008-0000-0000-0000-000000000000'),
    ('bb00006a-0000-0000-0000-000000000000', 'Hannah', 'Sanchez', '1981-06-27', 'Black', 'Hispanic', 'Female', 'Woman', 'hannah.sanchez106@email.com', '3045557992', '7530 Magnolia Blvd, Wheeling WV 26003', 'English', FALSE, TRUE, 'aa000006-0000-0000-0000-000000000000'),
    ('bb00006b-0000-0000-0000-000000000000', 'Joan', 'Lopez', '1987-06-05', 'White', 'Hispanic', 'Female', 'Woman', 'joan.lopez107@email.com', '3045558075', '7870 Maple Dr, Wheeling WV 26003', 'English', FALSE, TRUE, 'aa000002-0000-0000-0000-000000000000'),
    ('bb00006c-0000-0000-0000-000000000000', 'Theresa', 'Alexander', '1977-06-26', 'White', 'Non-Hispanic', 'Female', 'Woman', 'theresa.alexander108@email.com', '3045556400', '2231 Sycamore Rd, Wheeling WV 26003', 'Mandarin', FALSE, TRUE, 'aa000002-0000-0000-0000-000000000000'),
    ('bb00006d-0000-0000-0000-000000000000', 'Isabella', 'Phillips', '1999-11-25', 'White', 'Non-Hispanic', 'Female', 'Woman', 'isabella.phillips109@email.com', '3045556761', '7029 Laurel Dr, Wheeling WV 26003', 'English', FALSE, TRUE, 'aa000002-0000-0000-0000-000000000000'),
    ('bb00006e-0000-0000-0000-000000000000', 'Karen', 'Cox', '1981-04-05', 'White', 'Non-Hispanic', 'Female', 'Woman', 'karen.cox110@email.com', '3045557022', '8000 Cherry St, Wheeling WV 26003', 'Mandarin', FALSE, TRUE, 'aa000002-0000-0000-0000-000000000000'),
    ('bb00006f-0000-0000-0000-000000000000', 'Denise', 'Green', '1987-10-08', 'Native Hawaiian or Other Pacific Islander', 'Non-Hispanic', 'Female', 'Woman', 'denise.green111@email.com', '3045555381', '7130 Sycamore Rd, Wheeling WV 26003', 'English', FALSE, TRUE, 'aa000001-0000-0000-0000-000000000000'),
    ('bb000070-0000-0000-0000-000000000000', 'Carolyn', 'Scott', '1993-12-25', 'Black', 'Hispanic', 'Female', 'Woman', 'carolyn.scott112@email.com', '3045553347', '5162 Poplar Dr, Wheeling WV 26003', 'English', FALSE, TRUE, 'aa000007-0000-0000-0000-000000000000'),
    ('bb000071-0000-0000-0000-000000000000', 'Michelle', 'Martin', '1994-12-21', 'Native Hawaiian or Other Pacific Islander', 'Non-Hispanic', 'Female', 'Woman', 'michelle.martin113@email.com', '3045557163', '602 Maple Dr, Wheeling WV 26003', 'English', FALSE, TRUE, 'aa000007-0000-0000-0000-000000000000'),
    ('bb000072-0000-0000-0000-000000000000', 'Yuki', 'Roberts', '1978-03-12', 'Black', 'Non-Hispanic', 'Female', 'Woman', 'yuki.roberts114@email.com', '3045551861', '5205 Laurel Dr, Wheeling WV 26003', 'English', FALSE, TRUE, 'aa000003-0000-0000-0000-000000000000'),
    ('bb000073-0000-0000-0000-000000000000', 'Kimberly', 'Griffin', '1986-10-02', 'Black', 'Non-Hispanic', 'Female', 'Woman', 'kimberly.griffin115@email.com', '3045558242', '1436 Ash Ave, Wheeling WV 26003', 'English', FALSE, TRUE, 'aa000007-0000-0000-0000-000000000000'),
    ('bb000074-0000-0000-0000-000000000000', 'Tiffany', 'Allen', '1978-09-04', 'White', 'Non-Hispanic', 'Female', 'Woman', 'tiffany.allen116@email.com', '3045559633', '5755 Cypress St, Wheeling WV 26003', 'English', FALSE, TRUE, 'aa000005-0000-0000-0000-000000000000'),
    ('bb000075-0000-0000-0000-000000000000', 'Barbara', 'Young', '1983-07-20', 'White', 'Non-Hispanic', 'Female', 'Woman', 'barbara.young117@email.com', '3045553248', '997 Oak St, Wheeling WV 26003', 'English', FALSE, TRUE, 'aa000005-0000-0000-0000-000000000000'),
    ('bb000076-0000-0000-0000-000000000000', 'Amber', 'Mitchell', '1995-02-01', 'Black', 'Non-Hispanic', 'Female', 'Woman', 'amber.mitchell118@email.com', '3045557229', '8249 Laurel Dr, Wheeling WV 26003', 'English', FALSE, TRUE, 'aa000004-0000-0000-0000-000000000000'),
    ('bb000077-0000-0000-0000-000000000000', 'Chloe', 'Watson', '1996-11-26', 'Black', 'Hispanic', 'Female', 'Woman', 'chloe.watson119@email.com', '3045551307', '5902 Maple Dr, Wheeling WV 26003', 'English', FALSE, TRUE, 'aa000008-0000-0000-0000-000000000000'),
    ('bb000078-0000-0000-0000-000000000000', 'Stephanie', 'Carter', '1981-10-14', 'American Indian or Alaska Native', 'Non-Hispanic', 'Female', 'Woman', 'stephanie.carter120@email.com', '3045552887', '9494 Magnolia Blvd, Wheeling WV 26003', 'English', FALSE, TRUE, 'aa000007-0000-0000-0000-000000000000'),
    ('bb000079-0000-0000-0000-000000000000', 'Maria', 'Mitchell', '1967-03-26', 'Black', 'Hispanic', 'Female', 'Woman', 'maria.mitchell121@email.com', '3045552734', '7638 Juniper Ct, Wheeling WV 26003', 'English', FALSE, TRUE, 'aa000004-0000-0000-0000-000000000000'),
    ('bb00007a-0000-0000-0000-000000000000', 'Aisha', 'Bennett', '2003-07-17', 'White', 'Non-Hispanic', 'Female', 'Woman', 'aisha.bennett122@email.com', '3045556456', '1388 Magnolia Blvd, Wheeling WV 26003', 'English', FALSE, TRUE, 'aa000003-0000-0000-0000-000000000000'),
    ('bb00007b-0000-0000-0000-000000000000', 'Stephanie', 'Howard', '1997-11-04', 'White', 'Non-Hispanic', 'Female', 'Woman', 'stephanie.howard123@email.com', '3045553419', '8793 Cottonwood Dr, Wheeling WV 26003', 'English', FALSE, TRUE, 'aa000004-0000-0000-0000-000000000000'),
    ('bb00007c-0000-0000-0000-000000000000', 'Helen', 'Martin', '1991-05-07', 'White', 'Hispanic', 'Female', 'Woman', 'helen.martin124@email.com', '3045559095', '2942 Chestnut Pl, Wheeling WV 26003', 'English', FALSE, TRUE, 'aa000008-0000-0000-0000-000000000000'),
    ('bb00007d-0000-0000-0000-000000000000', 'Beverly', 'Kelly', '1990-10-15', 'Asian', 'Non-Hispanic', 'Female', 'Woman', 'beverly.kelly125@email.com', '3045553473', '9348 Dogwood Cir, Wheeling WV 26003', 'English', FALSE, TRUE, 'aa000008-0000-0000-0000-000000000000'),
    ('bb00007e-0000-0000-0000-000000000000', 'Michelle', 'Bailey', '1981-08-21', 'Asian', 'Hispanic', 'Female', 'Woman', 'michelle.bailey126@email.com', '3045559312', '5061 Ash Ave, Wheeling WV 26003', 'English', FALSE, TRUE, 'aa000002-0000-0000-0000-000000000000'),
    ('bb00007f-0000-0000-0000-000000000000', 'Danielle', 'Murphy', '1997-08-02', 'White', 'Hispanic', 'Female', 'Woman', 'danielle.murphy127@email.com', '3045559307', '1032 Hickory Ln, Wheeling WV 26003', 'English', FALSE, TRUE, 'aa000007-0000-0000-0000-000000000000'),
    ('bb000080-0000-0000-0000-000000000000', 'Jin', 'Price', '1977-09-26', 'Asian', 'Non-Hispanic', 'Female', 'Woman', 'jin.price128@email.com', '3045558792', '772 Spruce Ave, Wheeling WV 26003', 'English', FALSE, TRUE, 'aa000003-0000-0000-0000-000000000000'),
    ('bb000081-0000-0000-0000-000000000000', 'Dorothy', 'Morgan', '1975-02-26', 'White', 'Non-Hispanic', 'Female', 'Woman', 'dorothy.morgan129@email.com', '3045551641', '5726 Juniper Ct, Wheeling WV 26003', 'English', FALSE, TRUE, 'aa000004-0000-0000-0000-000000000000'),
    ('bb000082-0000-0000-0000-000000000000', 'Kelly', 'Cook', '2001-08-17', 'White', 'Non-Hispanic', 'Female', 'Woman', 'kelly.cook130@email.com', '3045555634', '8664 Chestnut Pl, Wheeling WV 26003', 'English', FALSE, TRUE, 'aa000007-0000-0000-0000-000000000000'),
    ('bb000083-0000-0000-0000-000000000000', 'Isabella', 'Myers', '1988-06-22', 'Asian', 'Non-Hispanic', 'Female', 'Woman', 'isabella.myers131@email.com', '3045556401', '9895 Pine Ave, Wheeling WV 26003', 'English', FALSE, TRUE, 'aa000002-0000-0000-0000-000000000000'),
    ('bb000084-0000-0000-0000-000000000000', 'Rebecca', 'Hughes', '1984-07-10', 'Asian', 'Non-Hispanic', 'Female', 'Woman', 'rebecca.hughes132@email.com', '3045552335', '4228 Laurel Dr, Wheeling WV 26003', 'English', FALSE, TRUE, 'aa000003-0000-0000-0000-000000000000'),
    ('bb000085-0000-0000-0000-000000000000', 'Vanessa', 'Nelson', '1967-11-23', 'Asian', 'Hispanic', 'Female', 'Woman', 'vanessa.nelson133@email.com', '3045557171', '6521 Cedar Blvd, Wheeling WV 26003', 'English', FALSE, TRUE, 'aa000006-0000-0000-0000-000000000000'),
    ('bb000086-0000-0000-0000-000000000000', 'Andrea', 'White', '2003-11-23', 'Asian', 'Non-Hispanic', 'Female', 'Woman', 'andrea.white134@email.com', '3045556928', '8724 Maple Dr, Wheeling WV 26003', 'Spanish', FALSE, TRUE, 'aa000001-0000-0000-0000-000000000000'),
    ('bb000087-0000-0000-0000-000000000000', 'Victoria', 'Nelson', '1979-03-07', 'White', 'Non-Hispanic', 'Female', 'Woman', 'victoria.nelson135@email.com', '3045553538', '5698 Fir Ct, Wheeling WV 26003', 'English', FALSE, TRUE, 'aa000002-0000-0000-0000-000000000000'),
    ('bb000088-0000-0000-0000-000000000000', 'Amber', 'Ford', '1993-02-17', 'Black', 'Hispanic', 'Female', 'Woman', 'amber.ford136@email.com', '3045553147', '8943 Laurel Dr, Wheeling WV 26003', 'English', FALSE, TRUE, 'aa000007-0000-0000-0000-000000000000'),
    ('bb000089-0000-0000-0000-000000000000', 'Amanda', 'Martinez', '2004-03-27', 'Black', 'Hispanic', 'Female', 'Woman', 'amanda.martinez137@email.com', '3045556968', '2812 Laurel Dr, Wheeling WV 26003', 'English', FALSE, TRUE, 'aa000004-0000-0000-0000-000000000000'),
    ('bb00008a-0000-0000-0000-000000000000', 'Priya', 'Ross', '1969-05-25', 'Asian', 'Non-Hispanic', 'Female', 'Woman', 'priya.ross138@email.com', '3045558684', '7455 Cherry St, Wheeling WV 26003', 'English', FALSE, TRUE, 'aa000004-0000-0000-0000-000000000000'),
    ('bb00008b-0000-0000-0000-000000000000', 'Karen', 'Cook', '1989-08-25', 'Black', 'Non-Hispanic', 'Female', 'Woman', 'karen.cook139@email.com', '3045553655', '4716 Magnolia Blvd, Wheeling WV 26003', 'English', FALSE, TRUE, 'aa000004-0000-0000-0000-000000000000'),
    ('bb00008c-0000-0000-0000-000000000000', 'Rachel', 'Barnes', '1994-03-28', 'Asian', 'Non-Hispanic', 'Female', 'Woman', 'rachel.barnes140@email.com', '3045552680', '4196 Pine Ave, Wheeling WV 26003', 'English', FALSE, TRUE, 'aa000002-0000-0000-0000-000000000000'),
    ('bb00008d-0000-0000-0000-000000000000', 'Crystal', 'Wilson', '1971-03-09', 'White', 'Non-Hispanic', 'Female', 'Woman', 'crystal.wilson141@email.com', '3045554637', '7461 Cottonwood Dr, Wheeling WV 26003', 'English', FALSE, TRUE, 'aa000008-0000-0000-0000-000000000000'),
    ('bb00008e-0000-0000-0000-000000000000', 'Vanessa', 'Walker', '2001-07-02', 'Black', 'Non-Hispanic', 'Female', 'Woman', 'vanessa.walker142@email.com', '3045552337', '6595 Cottonwood Dr, Wheeling WV 26003', 'English', FALSE, TRUE, 'aa000006-0000-0000-0000-000000000000'),
    ('bb00008f-0000-0000-0000-000000000000', 'Gloria', 'Walker', '1969-06-04', 'White', 'Hispanic', 'Female', 'Woman', 'gloria.walker143@email.com', '3045558740', '5593 Cedar Blvd, Wheeling WV 26003', 'English', FALSE, TRUE, 'aa000003-0000-0000-0000-000000000000'),
    ('bb000090-0000-0000-0000-000000000000', 'Denise', 'Simmons', '1979-08-15', 'White', 'Non-Hispanic', 'Female', 'Woman', 'denise.simmons144@email.com', '3045553449', '186 Maple Dr, Wheeling WV 26003', 'English', FALSE, TRUE, 'aa000007-0000-0000-0000-000000000000'),
    ('bb000091-0000-0000-0000-000000000000', 'Donna', 'Myers', '1995-05-08', 'White', 'Non-Hispanic', 'Female', 'Woman', 'donna.myers145@email.com', '3045558489', '5034 Elm St, Wheeling WV 26003', 'English', FALSE, TRUE, 'aa000002-0000-0000-0000-000000000000'),
    ('bb000092-0000-0000-0000-000000000000', 'Donna', 'Richardson', '1992-10-18', 'Black', 'Non-Hispanic', 'Female', 'Woman', 'donna.richardson146@email.com', '3045553352', '369 Dogwood Cir, Wheeling WV 26003', 'English', FALSE, TRUE, 'aa000005-0000-0000-0000-000000000000'),
    ('bb000093-0000-0000-0000-000000000000', 'Fatima', 'Torres', '1993-10-12', 'Black', 'Non-Hispanic', 'Female', 'Woman', 'fatima.torres147@email.com', '3045559576', '4041 Linden Way, Wheeling WV 26003', 'English', FALSE, TRUE, 'aa000006-0000-0000-0000-000000000000'),
    ('bb000094-0000-0000-0000-000000000000', 'Michelle', 'Peterson', '1991-09-17', 'White', 'Non-Hispanic', 'Female', 'Woman', 'michelle.peterson148@email.com', '3045551713', '8416 Sycamore Rd, Wheeling WV 26003', 'English', FALSE, TRUE, 'aa000007-0000-0000-0000-000000000000'),
    ('bb000095-0000-0000-0000-000000000000', 'Natasha', 'Lopez', '1991-12-01', 'Black', 'Non-Hispanic', 'Female', 'Woman', 'natasha.lopez149@email.com', '3045556447', '5950 Maple Dr, Wheeling WV 26003', 'English', FALSE, TRUE, 'aa000003-0000-0000-0000-000000000000'),
    ('bb000096-0000-0000-0000-000000000000', 'Barbara', 'Phillips', '1995-09-11', 'Black', 'Non-Hispanic', 'Female', 'Woman', 'barbara.phillips150@email.com', '3045553209', '2968 Hawthorn Blvd, Wheeling WV 26003', 'English', FALSE, TRUE, 'aa000002-0000-0000-0000-000000000000');

-- =============================================================================
-- ENCOUNTER
-- =============================================================================
INSERT INTO Encounter (encounter_id, patient_id, clinician_id, encounter_date)
VALUES
    ('cc000001-0000-0000-0000-000000000000', 'bb000001-0000-0000-0000-000000000000', 'aa000008-0000-0000-0000-000000000000', '2026-03-02'),
    ('cc000002-0000-0000-0000-000000000000', 'bb000002-0000-0000-0000-000000000000', 'aa000007-0000-0000-0000-000000000000', '2025-08-06'),
    ('cc000003-0000-0000-0000-000000000000', 'bb000003-0000-0000-0000-000000000000', 'aa000008-0000-0000-0000-000000000000', '2025-09-21'),
    ('cc000004-0000-0000-0000-000000000000', 'bb000004-0000-0000-0000-000000000000', 'aa000002-0000-0000-0000-000000000000', '2025-08-12'),
    ('cc000005-0000-0000-0000-000000000000', 'bb000005-0000-0000-0000-000000000000', 'aa000008-0000-0000-0000-000000000000', '2026-02-17'),
    ('cc000006-0000-0000-0000-000000000000', 'bb000006-0000-0000-0000-000000000000', 'aa000003-0000-0000-0000-000000000000', '2025-09-03'),
    ('cc000007-0000-0000-0000-000000000000', 'bb000007-0000-0000-0000-000000000000', 'aa000006-0000-0000-0000-000000000000', '2025-09-06'),
    ('cc000008-0000-0000-0000-000000000000', 'bb000008-0000-0000-0000-000000000000', 'aa000005-0000-0000-0000-000000000000', '2025-06-18'),
    ('cc000009-0000-0000-0000-000000000000', 'bb000009-0000-0000-0000-000000000000', 'aa000003-0000-0000-0000-000000000000', '2025-05-20'),
    ('cc00000a-0000-0000-0000-000000000000', 'bb00000a-0000-0000-0000-000000000000', 'aa000002-0000-0000-0000-000000000000', '2025-05-06'),
    ('cc00000b-0000-0000-0000-000000000000', 'bb00000b-0000-0000-0000-000000000000', 'aa000003-0000-0000-0000-000000000000', '2025-04-07'),
    ('cc00000c-0000-0000-0000-000000000000', 'bb00000c-0000-0000-0000-000000000000', 'aa000003-0000-0000-0000-000000000000', '2025-05-03'),
    ('cc00000d-0000-0000-0000-000000000000', 'bb00000d-0000-0000-0000-000000000000', 'aa000003-0000-0000-0000-000000000000', '2025-07-19'),
    ('cc00000e-0000-0000-0000-000000000000', 'bb00000e-0000-0000-0000-000000000000', 'aa000001-0000-0000-0000-000000000000', '2025-08-20'),
    ('cc00000f-0000-0000-0000-000000000000', 'bb00000f-0000-0000-0000-000000000000', 'aa000004-0000-0000-0000-000000000000', '2025-11-03'),
    ('cc000010-0000-0000-0000-000000000000', 'bb000010-0000-0000-0000-000000000000', 'aa000006-0000-0000-0000-000000000000', '2026-03-11'),
    ('cc000011-0000-0000-0000-000000000000', 'bb000011-0000-0000-0000-000000000000', 'aa000005-0000-0000-0000-000000000000', '2025-03-26'),
    ('cc000012-0000-0000-0000-000000000000', 'bb000012-0000-0000-0000-000000000000', 'aa000005-0000-0000-0000-000000000000', '2025-11-11'),
    ('cc000013-0000-0000-0000-000000000000', 'bb000013-0000-0000-0000-000000000000', 'aa000006-0000-0000-0000-000000000000', '2025-12-24'),
    ('cc000014-0000-0000-0000-000000000000', 'bb000014-0000-0000-0000-000000000000', 'aa000001-0000-0000-0000-000000000000', '2025-11-30'),
    ('cc000015-0000-0000-0000-000000000000', 'bb000015-0000-0000-0000-000000000000', 'aa000007-0000-0000-0000-000000000000', '2025-03-24'),
    ('cc000016-0000-0000-0000-000000000000', 'bb000016-0000-0000-0000-000000000000', 'aa000006-0000-0000-0000-000000000000', '2025-09-18'),
    ('cc000017-0000-0000-0000-000000000000', 'bb000017-0000-0000-0000-000000000000', 'aa000001-0000-0000-0000-000000000000', '2025-11-12'),
    ('cc000018-0000-0000-0000-000000000000', 'bb000018-0000-0000-0000-000000000000', 'aa000005-0000-0000-0000-000000000000', '2026-03-14'),
    ('cc000019-0000-0000-0000-000000000000', 'bb000019-0000-0000-0000-000000000000', 'aa000005-0000-0000-0000-000000000000', '2025-12-24'),
    ('cc00001a-0000-0000-0000-000000000000', 'bb00001a-0000-0000-0000-000000000000', 'aa000001-0000-0000-0000-000000000000', '2025-06-06'),
    ('cc00001b-0000-0000-0000-000000000000', 'bb00001b-0000-0000-0000-000000000000', 'aa000004-0000-0000-0000-000000000000', '2025-11-21'),
    ('cc00001c-0000-0000-0000-000000000000', 'bb00001c-0000-0000-0000-000000000000', 'aa000006-0000-0000-0000-000000000000', '2025-11-28'),
    ('cc00001d-0000-0000-0000-000000000000', 'bb00001d-0000-0000-0000-000000000000', 'aa000005-0000-0000-0000-000000000000', '2026-03-30'),
    ('cc00001e-0000-0000-0000-000000000000', 'bb00001e-0000-0000-0000-000000000000', 'aa000003-0000-0000-0000-000000000000', '2025-08-24'),
    ('cc00001f-0000-0000-0000-000000000000', 'bb00001f-0000-0000-0000-000000000000', 'aa000008-0000-0000-0000-000000000000', '2026-03-18'),
    ('cc000020-0000-0000-0000-000000000000', 'bb000020-0000-0000-0000-000000000000', 'aa000004-0000-0000-0000-000000000000', '2025-03-26'),
    ('cc000021-0000-0000-0000-000000000000', 'bb000021-0000-0000-0000-000000000000', 'aa000003-0000-0000-0000-000000000000', '2025-03-03'),
    ('cc000022-0000-0000-0000-000000000000', 'bb000022-0000-0000-0000-000000000000', 'aa000005-0000-0000-0000-000000000000', '2025-08-12'),
    ('cc000023-0000-0000-0000-000000000000', 'bb000023-0000-0000-0000-000000000000', 'aa000007-0000-0000-0000-000000000000', '2025-03-19'),
    ('cc000024-0000-0000-0000-000000000000', 'bb000024-0000-0000-0000-000000000000', 'aa000005-0000-0000-0000-000000000000', '2025-08-19'),
    ('cc000025-0000-0000-0000-000000000000', 'bb000025-0000-0000-0000-000000000000', 'aa000007-0000-0000-0000-000000000000', '2025-05-29'),
    ('cc000026-0000-0000-0000-000000000000', 'bb000026-0000-0000-0000-000000000000', 'aa000001-0000-0000-0000-000000000000', '2025-08-02'),
    ('cc000027-0000-0000-0000-000000000000', 'bb000027-0000-0000-0000-000000000000', 'aa000003-0000-0000-0000-000000000000', '2025-10-31'),
    ('cc000028-0000-0000-0000-000000000000', 'bb000028-0000-0000-0000-000000000000', 'aa000004-0000-0000-0000-000000000000', '2025-12-06'),
    ('cc000029-0000-0000-0000-000000000000', 'bb000029-0000-0000-0000-000000000000', 'aa000008-0000-0000-0000-000000000000', '2025-11-17'),
    ('cc00002a-0000-0000-0000-000000000000', 'bb00002a-0000-0000-0000-000000000000', 'aa000001-0000-0000-0000-000000000000', '2025-12-03'),
    ('cc00002b-0000-0000-0000-000000000000', 'bb00002b-0000-0000-0000-000000000000', 'aa000007-0000-0000-0000-000000000000', '2025-09-08'),
    ('cc00002c-0000-0000-0000-000000000000', 'bb00002c-0000-0000-0000-000000000000', 'aa000006-0000-0000-0000-000000000000', '2025-05-08'),
    ('cc00002d-0000-0000-0000-000000000000', 'bb00002d-0000-0000-0000-000000000000', 'aa000008-0000-0000-0000-000000000000', '2025-07-31'),
    ('cc00002e-0000-0000-0000-000000000000', 'bb00002e-0000-0000-0000-000000000000', 'aa000001-0000-0000-0000-000000000000', '2026-01-09'),
    ('cc00002f-0000-0000-0000-000000000000', 'bb00002f-0000-0000-0000-000000000000', 'aa000005-0000-0000-0000-000000000000', '2025-05-11'),
    ('cc000030-0000-0000-0000-000000000000', 'bb000030-0000-0000-0000-000000000000', 'aa000003-0000-0000-0000-000000000000', '2026-03-12'),
    ('cc000031-0000-0000-0000-000000000000', 'bb000031-0000-0000-0000-000000000000', 'aa000006-0000-0000-0000-000000000000', '2025-11-24'),
    ('cc000032-0000-0000-0000-000000000000', 'bb000032-0000-0000-0000-000000000000', 'aa000004-0000-0000-0000-000000000000', '2025-10-29'),
    ('cc000033-0000-0000-0000-000000000000', 'bb000033-0000-0000-0000-000000000000', 'aa000003-0000-0000-0000-000000000000', '2025-12-11'),
    ('cc000034-0000-0000-0000-000000000000', 'bb000034-0000-0000-0000-000000000000', 'aa000002-0000-0000-0000-000000000000', '2025-09-06'),
    ('cc000035-0000-0000-0000-000000000000', 'bb000035-0000-0000-0000-000000000000', 'aa000002-0000-0000-0000-000000000000', '2026-03-15'),
    ('cc000036-0000-0000-0000-000000000000', 'bb000036-0000-0000-0000-000000000000', 'aa000008-0000-0000-0000-000000000000', '2025-11-18'),
    ('cc000037-0000-0000-0000-000000000000', 'bb000037-0000-0000-0000-000000000000', 'aa000005-0000-0000-0000-000000000000', '2025-03-09'),
    ('cc000038-0000-0000-0000-000000000000', 'bb000038-0000-0000-0000-000000000000', 'aa000008-0000-0000-0000-000000000000', '2026-03-26'),
    ('cc000039-0000-0000-0000-000000000000', 'bb000039-0000-0000-0000-000000000000', 'aa000003-0000-0000-0000-000000000000', '2025-11-06'),
    ('cc00003a-0000-0000-0000-000000000000', 'bb00003a-0000-0000-0000-000000000000', 'aa000008-0000-0000-0000-000000000000', '2025-03-31'),
    ('cc00003b-0000-0000-0000-000000000000', 'bb00003b-0000-0000-0000-000000000000', 'aa000005-0000-0000-0000-000000000000', '2025-11-30'),
    ('cc00003c-0000-0000-0000-000000000000', 'bb00003c-0000-0000-0000-000000000000', 'aa000004-0000-0000-0000-000000000000', '2026-02-20'),
    ('cc00003d-0000-0000-0000-000000000000', 'bb00003d-0000-0000-0000-000000000000', 'aa000001-0000-0000-0000-000000000000', '2025-03-29'),
    ('cc00003e-0000-0000-0000-000000000000', 'bb00003e-0000-0000-0000-000000000000', 'aa000001-0000-0000-0000-000000000000', '2025-11-26'),
    ('cc00003f-0000-0000-0000-000000000000', 'bb00003f-0000-0000-0000-000000000000', 'aa000005-0000-0000-0000-000000000000', '2025-04-09'),
    ('cc000040-0000-0000-0000-000000000000', 'bb000040-0000-0000-0000-000000000000', 'aa000002-0000-0000-0000-000000000000', '2025-03-28'),
    ('cc000041-0000-0000-0000-000000000000', 'bb000041-0000-0000-0000-000000000000', 'aa000006-0000-0000-0000-000000000000', '2025-09-20'),
    ('cc000042-0000-0000-0000-000000000000', 'bb000042-0000-0000-0000-000000000000', 'aa000003-0000-0000-0000-000000000000', '2025-09-11'),
    ('cc000043-0000-0000-0000-000000000000', 'bb000043-0000-0000-0000-000000000000', 'aa000007-0000-0000-0000-000000000000', '2025-10-16'),
    ('cc000044-0000-0000-0000-000000000000', 'bb000044-0000-0000-0000-000000000000', 'aa000003-0000-0000-0000-000000000000', '2025-05-26'),
    ('cc000045-0000-0000-0000-000000000000', 'bb000045-0000-0000-0000-000000000000', 'aa000005-0000-0000-0000-000000000000', '2025-10-09'),
    ('cc000046-0000-0000-0000-000000000000', 'bb000046-0000-0000-0000-000000000000', 'aa000006-0000-0000-0000-000000000000', '2025-09-11'),
    ('cc000047-0000-0000-0000-000000000000', 'bb000047-0000-0000-0000-000000000000', 'aa000008-0000-0000-0000-000000000000', '2025-07-28'),
    ('cc000048-0000-0000-0000-000000000000', 'bb000048-0000-0000-0000-000000000000', 'aa000004-0000-0000-0000-000000000000', '2026-02-26'),
    ('cc000049-0000-0000-0000-000000000000', 'bb000049-0000-0000-0000-000000000000', 'aa000008-0000-0000-0000-000000000000', '2025-04-07'),
    ('cc00004a-0000-0000-0000-000000000000', 'bb00004a-0000-0000-0000-000000000000', 'aa000002-0000-0000-0000-000000000000', '2026-02-23'),
    ('cc00004b-0000-0000-0000-000000000000', 'bb00004b-0000-0000-0000-000000000000', 'aa000004-0000-0000-0000-000000000000', '2025-12-11'),
    ('cc00004c-0000-0000-0000-000000000000', 'bb00004c-0000-0000-0000-000000000000', 'aa000003-0000-0000-0000-000000000000', '2025-04-29'),
    ('cc00004d-0000-0000-0000-000000000000', 'bb00004d-0000-0000-0000-000000000000', 'aa000006-0000-0000-0000-000000000000', '2025-11-03'),
    ('cc00004e-0000-0000-0000-000000000000', 'bb00004e-0000-0000-0000-000000000000', 'aa000003-0000-0000-0000-000000000000', '2026-02-10'),
    ('cc00004f-0000-0000-0000-000000000000', 'bb00004f-0000-0000-0000-000000000000', 'aa000007-0000-0000-0000-000000000000', '2025-10-06'),
    ('cc000050-0000-0000-0000-000000000000', 'bb000050-0000-0000-0000-000000000000', 'aa000003-0000-0000-0000-000000000000', '2025-11-30'),
    ('cc000051-0000-0000-0000-000000000000', 'bb000051-0000-0000-0000-000000000000', 'aa000006-0000-0000-0000-000000000000', '2025-11-26'),
    ('cc000052-0000-0000-0000-000000000000', 'bb000052-0000-0000-0000-000000000000', 'aa000002-0000-0000-0000-000000000000', '2025-08-04'),
    ('cc000053-0000-0000-0000-000000000000', 'bb000053-0000-0000-0000-000000000000', 'aa000001-0000-0000-0000-000000000000', '2026-01-12'),
    ('cc000054-0000-0000-0000-000000000000', 'bb000054-0000-0000-0000-000000000000', 'aa000008-0000-0000-0000-000000000000', '2025-11-14'),
    ('cc000055-0000-0000-0000-000000000000', 'bb000055-0000-0000-0000-000000000000', 'aa000001-0000-0000-0000-000000000000', '2025-12-15'),
    ('cc000056-0000-0000-0000-000000000000', 'bb000056-0000-0000-0000-000000000000', 'aa000006-0000-0000-0000-000000000000', '2025-07-16'),
    ('cc000057-0000-0000-0000-000000000000', 'bb000057-0000-0000-0000-000000000000', 'aa000002-0000-0000-0000-000000000000', '2025-10-11'),
    ('cc000058-0000-0000-0000-000000000000', 'bb000058-0000-0000-0000-000000000000', 'aa000003-0000-0000-0000-000000000000', '2025-12-31'),
    ('cc000059-0000-0000-0000-000000000000', 'bb000059-0000-0000-0000-000000000000', 'aa000002-0000-0000-0000-000000000000', '2026-02-11'),
    ('cc00005a-0000-0000-0000-000000000000', 'bb00005a-0000-0000-0000-000000000000', 'aa000003-0000-0000-0000-000000000000', '2025-11-06'),
    ('cc00005b-0000-0000-0000-000000000000', 'bb00005b-0000-0000-0000-000000000000', 'aa000008-0000-0000-0000-000000000000', '2025-10-19'),
    ('cc00005c-0000-0000-0000-000000000000', 'bb00005c-0000-0000-0000-000000000000', 'aa000007-0000-0000-0000-000000000000', '2025-11-29'),
    ('cc00005d-0000-0000-0000-000000000000', 'bb00005d-0000-0000-0000-000000000000', 'aa000002-0000-0000-0000-000000000000', '2025-03-09'),
    ('cc00005e-0000-0000-0000-000000000000', 'bb00005e-0000-0000-0000-000000000000', 'aa000006-0000-0000-0000-000000000000', '2025-04-12'),
    ('cc00005f-0000-0000-0000-000000000000', 'bb00005f-0000-0000-0000-000000000000', 'aa000002-0000-0000-0000-000000000000', '2026-02-24'),
    ('cc000060-0000-0000-0000-000000000000', 'bb000060-0000-0000-0000-000000000000', 'aa000007-0000-0000-0000-000000000000', '2025-06-26'),
    ('cc000061-0000-0000-0000-000000000000', 'bb000061-0000-0000-0000-000000000000', 'aa000008-0000-0000-0000-000000000000', '2025-09-27'),
    ('cc000062-0000-0000-0000-000000000000', 'bb000062-0000-0000-0000-000000000000', 'aa000005-0000-0000-0000-000000000000', '2026-01-02'),
    ('cc000063-0000-0000-0000-000000000000', 'bb000063-0000-0000-0000-000000000000', 'aa000001-0000-0000-0000-000000000000', '2025-04-06'),
    ('cc000064-0000-0000-0000-000000000000', 'bb000064-0000-0000-0000-000000000000', 'aa000001-0000-0000-0000-000000000000', '2025-03-21'),
    ('cc000065-0000-0000-0000-000000000000', 'bb000065-0000-0000-0000-000000000000', 'aa000003-0000-0000-0000-000000000000', '2026-01-22'),
    ('cc000066-0000-0000-0000-000000000000', 'bb000066-0000-0000-0000-000000000000', 'aa000007-0000-0000-0000-000000000000', '2025-08-06'),
    ('cc000067-0000-0000-0000-000000000000', 'bb000067-0000-0000-0000-000000000000', 'aa000006-0000-0000-0000-000000000000', '2025-05-25'),
    ('cc000068-0000-0000-0000-000000000000', 'bb000068-0000-0000-0000-000000000000', 'aa000005-0000-0000-0000-000000000000', '2025-04-02'),
    ('cc000069-0000-0000-0000-000000000000', 'bb000069-0000-0000-0000-000000000000', 'aa000003-0000-0000-0000-000000000000', '2025-09-05'),
    ('cc00006a-0000-0000-0000-000000000000', 'bb00006a-0000-0000-0000-000000000000', 'aa000007-0000-0000-0000-000000000000', '2025-03-19'),
    ('cc00006b-0000-0000-0000-000000000000', 'bb00006b-0000-0000-0000-000000000000', 'aa000007-0000-0000-0000-000000000000', '2025-03-24'),
    ('cc00006c-0000-0000-0000-000000000000', 'bb00006c-0000-0000-0000-000000000000', 'aa000008-0000-0000-0000-000000000000', '2025-09-05'),
    ('cc00006d-0000-0000-0000-000000000000', 'bb00006d-0000-0000-0000-000000000000', 'aa000004-0000-0000-0000-000000000000', '2025-04-23'),
    ('cc00006e-0000-0000-0000-000000000000', 'bb00006e-0000-0000-0000-000000000000', 'aa000001-0000-0000-0000-000000000000', '2025-04-17'),
    ('cc00006f-0000-0000-0000-000000000000', 'bb00006f-0000-0000-0000-000000000000', 'aa000003-0000-0000-0000-000000000000', '2025-10-09'),
    ('cc000070-0000-0000-0000-000000000000', 'bb000070-0000-0000-0000-000000000000', 'aa000008-0000-0000-0000-000000000000', '2025-05-24'),
    ('cc000071-0000-0000-0000-000000000000', 'bb000071-0000-0000-0000-000000000000', 'aa000005-0000-0000-0000-000000000000', '2026-02-15'),
    ('cc000072-0000-0000-0000-000000000000', 'bb000072-0000-0000-0000-000000000000', 'aa000005-0000-0000-0000-000000000000', '2025-03-26'),
    ('cc000073-0000-0000-0000-000000000000', 'bb000073-0000-0000-0000-000000000000', 'aa000001-0000-0000-0000-000000000000', '2025-03-07'),
    ('cc000074-0000-0000-0000-000000000000', 'bb000074-0000-0000-0000-000000000000', 'aa000002-0000-0000-0000-000000000000', '2025-05-05'),
    ('cc000075-0000-0000-0000-000000000000', 'bb000075-0000-0000-0000-000000000000', 'aa000006-0000-0000-0000-000000000000', '2025-05-28'),
    ('cc000076-0000-0000-0000-000000000000', 'bb000076-0000-0000-0000-000000000000', 'aa000004-0000-0000-0000-000000000000', '2026-01-24'),
    ('cc000077-0000-0000-0000-000000000000', 'bb000077-0000-0000-0000-000000000000', 'aa000006-0000-0000-0000-000000000000', '2025-11-13'),
    ('cc000078-0000-0000-0000-000000000000', 'bb000078-0000-0000-0000-000000000000', 'aa000003-0000-0000-0000-000000000000', '2025-06-28'),
    ('cc000079-0000-0000-0000-000000000000', 'bb000079-0000-0000-0000-000000000000', 'aa000006-0000-0000-0000-000000000000', '2025-06-30'),
    ('cc00007a-0000-0000-0000-000000000000', 'bb00007a-0000-0000-0000-000000000000', 'aa000001-0000-0000-0000-000000000000', '2025-06-21'),
    ('cc00007b-0000-0000-0000-000000000000', 'bb00007b-0000-0000-0000-000000000000', 'aa000001-0000-0000-0000-000000000000', '2025-08-13'),
    ('cc00007c-0000-0000-0000-000000000000', 'bb00007c-0000-0000-0000-000000000000', 'aa000007-0000-0000-0000-000000000000', '2026-02-24'),
    ('cc00007d-0000-0000-0000-000000000000', 'bb00007d-0000-0000-0000-000000000000', 'aa000005-0000-0000-0000-000000000000', '2026-03-11'),
    ('cc00007e-0000-0000-0000-000000000000', 'bb00007e-0000-0000-0000-000000000000', 'aa000008-0000-0000-0000-000000000000', '2025-04-23'),
    ('cc00007f-0000-0000-0000-000000000000', 'bb00007f-0000-0000-0000-000000000000', 'aa000005-0000-0000-0000-000000000000', '2025-03-06'),
    ('cc000080-0000-0000-0000-000000000000', 'bb000080-0000-0000-0000-000000000000', 'aa000007-0000-0000-0000-000000000000', '2025-08-27'),
    ('cc000081-0000-0000-0000-000000000000', 'bb000081-0000-0000-0000-000000000000', 'aa000002-0000-0000-0000-000000000000', '2025-12-06'),
    ('cc000082-0000-0000-0000-000000000000', 'bb000082-0000-0000-0000-000000000000', 'aa000007-0000-0000-0000-000000000000', '2025-03-26'),
    ('cc000083-0000-0000-0000-000000000000', 'bb000083-0000-0000-0000-000000000000', 'aa000004-0000-0000-0000-000000000000', '2025-11-01'),
    ('cc000084-0000-0000-0000-000000000000', 'bb000084-0000-0000-0000-000000000000', 'aa000003-0000-0000-0000-000000000000', '2025-09-06'),
    ('cc000085-0000-0000-0000-000000000000', 'bb000085-0000-0000-0000-000000000000', 'aa000006-0000-0000-0000-000000000000', '2025-04-13'),
    ('cc000086-0000-0000-0000-000000000000', 'bb000086-0000-0000-0000-000000000000', 'aa000003-0000-0000-0000-000000000000', '2025-12-18'),
    ('cc000087-0000-0000-0000-000000000000', 'bb000087-0000-0000-0000-000000000000', 'aa000007-0000-0000-0000-000000000000', '2025-03-22'),
    ('cc000088-0000-0000-0000-000000000000', 'bb000088-0000-0000-0000-000000000000', 'aa000008-0000-0000-0000-000000000000', '2025-11-22'),
    ('cc000089-0000-0000-0000-000000000000', 'bb000089-0000-0000-0000-000000000000', 'aa000002-0000-0000-0000-000000000000', '2026-03-24'),
    ('cc00008a-0000-0000-0000-000000000000', 'bb00008a-0000-0000-0000-000000000000', 'aa000008-0000-0000-0000-000000000000', '2026-01-06'),
    ('cc00008b-0000-0000-0000-000000000000', 'bb00008b-0000-0000-0000-000000000000', 'aa000008-0000-0000-0000-000000000000', '2025-07-22'),
    ('cc00008c-0000-0000-0000-000000000000', 'bb00008c-0000-0000-0000-000000000000', 'aa000008-0000-0000-0000-000000000000', '2026-03-15'),
    ('cc00008d-0000-0000-0000-000000000000', 'bb00008d-0000-0000-0000-000000000000', 'aa000001-0000-0000-0000-000000000000', '2025-11-24'),
    ('cc00008e-0000-0000-0000-000000000000', 'bb00008e-0000-0000-0000-000000000000', 'aa000008-0000-0000-0000-000000000000', '2025-05-30'),
    ('cc00008f-0000-0000-0000-000000000000', 'bb00008f-0000-0000-0000-000000000000', 'aa000001-0000-0000-0000-000000000000', '2025-07-24'),
    ('cc000090-0000-0000-0000-000000000000', 'bb000090-0000-0000-0000-000000000000', 'aa000001-0000-0000-0000-000000000000', '2026-01-02'),
    ('cc000091-0000-0000-0000-000000000000', 'bb000091-0000-0000-0000-000000000000', 'aa000002-0000-0000-0000-000000000000', '2025-09-20'),
    ('cc000092-0000-0000-0000-000000000000', 'bb000092-0000-0000-0000-000000000000', 'aa000006-0000-0000-0000-000000000000', '2025-07-20'),
    ('cc000093-0000-0000-0000-000000000000', 'bb000093-0000-0000-0000-000000000000', 'aa000007-0000-0000-0000-000000000000', '2025-07-11'),
    ('cc000094-0000-0000-0000-000000000000', 'bb000094-0000-0000-0000-000000000000', 'aa000008-0000-0000-0000-000000000000', '2026-02-15'),
    ('cc000095-0000-0000-0000-000000000000', 'bb000095-0000-0000-0000-000000000000', 'aa000006-0000-0000-0000-000000000000', '2026-02-12'),
    ('cc000096-0000-0000-0000-000000000000', 'bb000096-0000-0000-0000-000000000000', 'aa000002-0000-0000-0000-000000000000', '2025-12-23');

-- =============================================================================
-- DIAGNOSIS
-- =============================================================================
INSERT INTO Diagnosis
    (diagnosis_id, encounter_id, entered_by, icd10_code, diagnosis_type, notes, recorded_at)
VALUES
    ('dd000001-0000-0000-0000-000000000000', 'cc000003-0000-0000-0000-000000000000', 'aa000008-0000-0000-0000-000000000000', 'B97.7', 'historical', 'HPV diagnosed 2016', '2025-09-21 10:00:00'),
    ('dd000002-0000-0000-0000-000000000000', 'cc000003-0000-0000-0000-000000000000', 'aa000008-0000-0000-0000-000000000000', 'C53.9', 'historical', 'Prior cervical cancer, treated', '2025-09-21 10:00:00'),
    ('dd000003-0000-0000-0000-000000000000', 'cc000005-0000-0000-0000-000000000000', 'aa000008-0000-0000-0000-000000000000', 'B97.7', 'historical', 'HPV diagnosed 2018', '2026-02-17 10:00:00'),
    ('dd000004-0000-0000-0000-000000000000', 'cc000007-0000-0000-0000-000000000000', 'aa000006-0000-0000-0000-000000000000', 'B97.7', 'historical', 'HPV diagnosed 2017', '2025-09-06 10:00:00'),
    ('dd000005-0000-0000-0000-000000000000', 'cc000007-0000-0000-0000-000000000000', 'aa000006-0000-0000-0000-000000000000', 'N87.1', 'historical', 'CIN diagnosed 2017, treated with LEEP', '2025-09-06 10:00:00'),
    ('dd000006-0000-0000-0000-000000000000', 'cc000008-0000-0000-0000-000000000000', 'aa000005-0000-0000-0000-000000000000', 'B97.7', 'historical', 'HPV diagnosed 2020', '2025-06-18 10:00:00'),
    ('dd000007-0000-0000-0000-000000000000', 'cc000008-0000-0000-0000-000000000000', 'aa000005-0000-0000-0000-000000000000', 'N87.9', 'historical', 'CIN diagnosed 2017, treated with LEEP', '2025-06-18 10:00:00'),
    ('dd000008-0000-0000-0000-000000000000', 'cc00000c-0000-0000-0000-000000000000', 'aa000003-0000-0000-0000-000000000000', 'B97.7', 'historical', 'HPV diagnosed 2018', '2025-05-03 10:00:00'),
    ('dd000009-0000-0000-0000-000000000000', 'cc000019-0000-0000-0000-000000000000', 'aa000005-0000-0000-0000-000000000000', 'B97.7', 'historical', 'HPV diagnosed 2021', '2025-12-24 10:00:00'),
    ('dd00000a-0000-0000-0000-000000000000', 'cc00001a-0000-0000-0000-000000000000', 'aa000001-0000-0000-0000-000000000000', 'B97.7', 'historical', 'HPV diagnosed 2023', '2025-06-06 10:00:00'),
    ('dd00000b-0000-0000-0000-000000000000', 'cc000024-0000-0000-0000-000000000000', 'aa000005-0000-0000-0000-000000000000', 'B97.7', 'historical', 'HPV diagnosed 2019', '2025-08-19 10:00:00'),
    ('dd00000c-0000-0000-0000-000000000000', 'cc000024-0000-0000-0000-000000000000', 'aa000005-0000-0000-0000-000000000000', 'N87.0', 'historical', 'CIN diagnosed 2021, treated with LEEP', '2025-08-19 10:00:00'),
    ('dd00000d-0000-0000-0000-000000000000', 'cc000025-0000-0000-0000-000000000000', 'aa000007-0000-0000-0000-000000000000', 'B97.7', 'historical', 'HPV diagnosed 2015', '2025-05-29 10:00:00'),
    ('dd00000e-0000-0000-0000-000000000000', 'cc000026-0000-0000-0000-000000000000', 'aa000001-0000-0000-0000-000000000000', 'B97.7', 'historical', 'HPV diagnosed 2019', '2025-08-02 10:00:00'),
    ('dd00000f-0000-0000-0000-000000000000', 'cc000026-0000-0000-0000-000000000000', 'aa000001-0000-0000-0000-000000000000', 'N87.9', 'historical', 'CIN diagnosed 2020, treated with LEEP', '2025-08-02 10:00:00'),
    ('dd000010-0000-0000-0000-000000000000', 'cc000027-0000-0000-0000-000000000000', 'aa000003-0000-0000-0000-000000000000', 'B97.7', 'historical', 'HPV diagnosed 2016', '2025-10-31 10:00:00'),
    ('dd000011-0000-0000-0000-000000000000', 'cc000027-0000-0000-0000-000000000000', 'aa000003-0000-0000-0000-000000000000', 'N87.9', 'historical', 'CIN diagnosed 2021, treated with LEEP', '2025-10-31 10:00:00'),
    ('dd000012-0000-0000-0000-000000000000', 'cc000029-0000-0000-0000-000000000000', 'aa000008-0000-0000-0000-000000000000', 'B97.7', 'historical', 'HPV diagnosed 2015', '2025-11-17 10:00:00'),
    ('dd000013-0000-0000-0000-000000000000', 'cc000029-0000-0000-0000-000000000000', 'aa000008-0000-0000-0000-000000000000', 'N87.9', 'historical', 'CIN diagnosed 2017, treated with LEEP', '2025-11-17 10:00:00'),
    ('dd000014-0000-0000-0000-000000000000', 'cc00002d-0000-0000-0000-000000000000', 'aa000008-0000-0000-0000-000000000000', 'B97.7', 'historical', 'HPV diagnosed 2018', '2025-07-31 10:00:00'),
    ('dd000015-0000-0000-0000-000000000000', 'cc000034-0000-0000-0000-000000000000', 'aa000002-0000-0000-0000-000000000000', 'B97.7', 'historical', 'HPV diagnosed 2020', '2025-09-06 10:00:00'),
    ('dd000016-0000-0000-0000-000000000000', 'cc000034-0000-0000-0000-000000000000', 'aa000002-0000-0000-0000-000000000000', 'C53.9', 'historical', 'Prior cervical cancer, treated', '2025-09-06 10:00:00'),
    ('dd000017-0000-0000-0000-000000000000', 'cc00003b-0000-0000-0000-000000000000', 'aa000005-0000-0000-0000-000000000000', 'B97.7', 'historical', 'HPV diagnosed 2021', '2025-11-30 10:00:00'),
    ('dd000018-0000-0000-0000-000000000000', 'cc00003b-0000-0000-0000-000000000000', 'aa000005-0000-0000-0000-000000000000', 'C53.9', 'historical', 'Prior cervical cancer, treated', '2025-11-30 10:00:00'),
    ('dd000019-0000-0000-0000-000000000000', 'cc00003e-0000-0000-0000-000000000000', 'aa000001-0000-0000-0000-000000000000', 'B97.7', 'historical', 'HPV diagnosed 2015', '2025-11-26 10:00:00'),
    ('dd00001a-0000-0000-0000-000000000000', 'cc00003e-0000-0000-0000-000000000000', 'aa000001-0000-0000-0000-000000000000', 'N87.9', 'historical', 'CIN diagnosed 2018, treated with LEEP', '2025-11-26 10:00:00'),
    ('dd00001b-0000-0000-0000-000000000000', 'cc000041-0000-0000-0000-000000000000', 'aa000006-0000-0000-0000-000000000000', 'B97.7', 'historical', 'HPV diagnosed 2016', '2025-09-20 10:00:00'),
    ('dd00001c-0000-0000-0000-000000000000', 'cc000041-0000-0000-0000-000000000000', 'aa000006-0000-0000-0000-000000000000', 'N87.1', 'historical', 'CIN diagnosed 2019, treated with LEEP', '2025-09-20 10:00:00'),
    ('dd00001d-0000-0000-0000-000000000000', 'cc000043-0000-0000-0000-000000000000', 'aa000007-0000-0000-0000-000000000000', 'B97.7', 'historical', 'HPV diagnosed 2016', '2025-10-16 10:00:00'),
    ('dd00001e-0000-0000-0000-000000000000', 'cc000043-0000-0000-0000-000000000000', 'aa000007-0000-0000-0000-000000000000', 'N87.9', 'historical', 'CIN diagnosed 2019, treated with LEEP', '2025-10-16 10:00:00'),
    ('dd00001f-0000-0000-0000-000000000000', 'cc000045-0000-0000-0000-000000000000', 'aa000005-0000-0000-0000-000000000000', 'B97.7', 'historical', 'HPV diagnosed 2016', '2025-10-09 10:00:00'),
    ('dd000020-0000-0000-0000-000000000000', 'cc000048-0000-0000-0000-000000000000', 'aa000004-0000-0000-0000-000000000000', 'B97.7', 'historical', 'HPV diagnosed 2019', '2026-02-26 10:00:00'),
    ('dd000021-0000-0000-0000-000000000000', 'cc00004a-0000-0000-0000-000000000000', 'aa000002-0000-0000-0000-000000000000', 'B97.7', 'historical', 'HPV diagnosed 2021', '2026-02-23 10:00:00'),
    ('dd000022-0000-0000-0000-000000000000', 'cc00004e-0000-0000-0000-000000000000', 'aa000003-0000-0000-0000-000000000000', 'B97.7', 'historical', 'HPV diagnosed 2021', '2026-02-10 10:00:00'),
    ('dd000023-0000-0000-0000-000000000000', 'cc000051-0000-0000-0000-000000000000', 'aa000006-0000-0000-0000-000000000000', 'B97.7', 'historical', 'HPV diagnosed 2019', '2025-11-26 10:00:00'),
    ('dd000024-0000-0000-0000-000000000000', 'cc000051-0000-0000-0000-000000000000', 'aa000006-0000-0000-0000-000000000000', 'N87.9', 'historical', 'CIN diagnosed 2017, treated with LEEP', '2025-11-26 10:00:00'),
    ('dd000025-0000-0000-0000-000000000000', 'cc000052-0000-0000-0000-000000000000', 'aa000002-0000-0000-0000-000000000000', 'B97.7', 'historical', 'HPV diagnosed 2017', '2025-08-04 10:00:00'),
    ('dd000026-0000-0000-0000-000000000000', 'cc000052-0000-0000-0000-000000000000', 'aa000002-0000-0000-0000-000000000000', 'N87.1', 'historical', 'CIN diagnosed 2020, treated with LEEP', '2025-08-04 10:00:00'),
    ('dd000027-0000-0000-0000-000000000000', 'cc000056-0000-0000-0000-000000000000', 'aa000006-0000-0000-0000-000000000000', 'B97.7', 'historical', 'HPV diagnosed 2021', '2025-07-16 10:00:00'),
    ('dd000028-0000-0000-0000-000000000000', 'cc00005a-0000-0000-0000-000000000000', 'aa000003-0000-0000-0000-000000000000', 'B97.7', 'historical', 'HPV diagnosed 2023', '2025-11-06 10:00:00'),
    ('dd000029-0000-0000-0000-000000000000', 'cc00005c-0000-0000-0000-000000000000', 'aa000007-0000-0000-0000-000000000000', 'B97.7', 'historical', 'HPV diagnosed 2020', '2025-11-29 10:00:00'),
    ('dd00002a-0000-0000-0000-000000000000', 'cc00005c-0000-0000-0000-000000000000', 'aa000007-0000-0000-0000-000000000000', 'N87.0', 'historical', 'CIN diagnosed 2016, treated with LEEP', '2025-11-29 10:00:00'),
    ('dd00002b-0000-0000-0000-000000000000', 'cc00005d-0000-0000-0000-000000000000', 'aa000002-0000-0000-0000-000000000000', 'B97.7', 'historical', 'HPV diagnosed 2018', '2025-03-09 10:00:00'),
    ('dd00002c-0000-0000-0000-000000000000', 'cc00005f-0000-0000-0000-000000000000', 'aa000002-0000-0000-0000-000000000000', 'B97.7', 'historical', 'HPV diagnosed 2023', '2026-02-24 10:00:00'),
    ('dd00002d-0000-0000-0000-000000000000', 'cc000060-0000-0000-0000-000000000000', 'aa000007-0000-0000-0000-000000000000', 'B97.7', 'historical', 'HPV diagnosed 2016', '2025-06-26 10:00:00'),
    ('dd00002e-0000-0000-0000-000000000000', 'cc000060-0000-0000-0000-000000000000', 'aa000007-0000-0000-0000-000000000000', 'N87.0', 'historical', 'CIN diagnosed 2018, treated with LEEP', '2025-06-26 10:00:00'),
    ('dd00002f-0000-0000-0000-000000000000', 'cc000063-0000-0000-0000-000000000000', 'aa000001-0000-0000-0000-000000000000', 'B97.7', 'historical', 'HPV diagnosed 2022', '2025-04-06 10:00:00'),
    ('dd000030-0000-0000-0000-000000000000', 'cc000063-0000-0000-0000-000000000000', 'aa000001-0000-0000-0000-000000000000', 'N87.0', 'historical', 'CIN diagnosed 2016, treated with LEEP', '2025-04-06 10:00:00'),
    ('dd000031-0000-0000-0000-000000000000', 'cc000066-0000-0000-0000-000000000000', 'aa000007-0000-0000-0000-000000000000', 'B97.7', 'historical', 'HPV diagnosed 2015', '2025-08-06 10:00:00'),
    ('dd000032-0000-0000-0000-000000000000', 'cc000066-0000-0000-0000-000000000000', 'aa000007-0000-0000-0000-000000000000', 'C53.9', 'historical', 'Prior cervical cancer, treated', '2025-08-06 10:00:00'),
    ('dd000033-0000-0000-0000-000000000000', 'cc00006a-0000-0000-0000-000000000000', 'aa000007-0000-0000-0000-000000000000', 'B97.7', 'historical', 'HPV diagnosed 2019', '2025-03-19 10:00:00'),
    ('dd000034-0000-0000-0000-000000000000', 'cc00006f-0000-0000-0000-000000000000', 'aa000003-0000-0000-0000-000000000000', 'B97.7', 'historical', 'HPV diagnosed 2022', '2025-10-09 10:00:00'),
    ('dd000035-0000-0000-0000-000000000000', 'cc000074-0000-0000-0000-000000000000', 'aa000002-0000-0000-0000-000000000000', 'B97.7', 'historical', 'HPV diagnosed 2021', '2025-05-05 10:00:00'),
    ('dd000036-0000-0000-0000-000000000000', 'cc000075-0000-0000-0000-000000000000', 'aa000006-0000-0000-0000-000000000000', 'B97.7', 'historical', 'HPV diagnosed 2022', '2025-05-28 10:00:00'),
    ('dd000037-0000-0000-0000-000000000000', 'cc000077-0000-0000-0000-000000000000', 'aa000006-0000-0000-0000-000000000000', 'B97.7', 'historical', 'HPV diagnosed 2021', '2025-11-13 10:00:00'),
    ('dd000038-0000-0000-0000-000000000000', 'cc000078-0000-0000-0000-000000000000', 'aa000003-0000-0000-0000-000000000000', 'B97.7', 'historical', 'HPV diagnosed 2021', '2025-06-28 10:00:00'),
    ('dd000039-0000-0000-0000-000000000000', 'cc000079-0000-0000-0000-000000000000', 'aa000006-0000-0000-0000-000000000000', 'B97.7', 'historical', 'HPV diagnosed 2022', '2025-06-30 10:00:00'),
    ('dd00003a-0000-0000-0000-000000000000', 'cc000079-0000-0000-0000-000000000000', 'aa000006-0000-0000-0000-000000000000', 'N87.0', 'historical', 'CIN diagnosed 2023, treated with LEEP', '2025-06-30 10:00:00'),
    ('dd00003b-0000-0000-0000-000000000000', 'cc00007c-0000-0000-0000-000000000000', 'aa000007-0000-0000-0000-000000000000', 'B97.7', 'historical', 'HPV diagnosed 2020', '2026-02-24 10:00:00'),
    ('dd00003c-0000-0000-0000-000000000000', 'cc00007d-0000-0000-0000-000000000000', 'aa000005-0000-0000-0000-000000000000', 'B97.7', 'historical', 'HPV diagnosed 2022', '2026-03-11 10:00:00'),
    ('dd00003d-0000-0000-0000-000000000000', 'cc000081-0000-0000-0000-000000000000', 'aa000002-0000-0000-0000-000000000000', 'B97.7', 'historical', 'HPV diagnosed 2018', '2025-12-06 10:00:00'),
    ('dd00003e-0000-0000-0000-000000000000', 'cc000081-0000-0000-0000-000000000000', 'aa000002-0000-0000-0000-000000000000', 'N87.1', 'historical', 'CIN diagnosed 2020, treated with LEEP', '2025-12-06 10:00:00'),
    ('dd00003f-0000-0000-0000-000000000000', 'cc000083-0000-0000-0000-000000000000', 'aa000004-0000-0000-0000-000000000000', 'B97.7', 'historical', 'HPV diagnosed 2019', '2025-11-01 10:00:00'),
    ('dd000040-0000-0000-0000-000000000000', 'cc000085-0000-0000-0000-000000000000', 'aa000006-0000-0000-0000-000000000000', 'B97.7', 'historical', 'HPV diagnosed 2019', '2025-04-13 10:00:00'),
    ('dd000041-0000-0000-0000-000000000000', 'cc000085-0000-0000-0000-000000000000', 'aa000006-0000-0000-0000-000000000000', 'C53.9', 'historical', 'Prior cervical cancer, treated', '2025-04-13 10:00:00'),
    ('dd000042-0000-0000-0000-000000000000', 'cc00008a-0000-0000-0000-000000000000', 'aa000008-0000-0000-0000-000000000000', 'B97.7', 'historical', 'HPV diagnosed 2022', '2026-01-06 10:00:00'),
    ('dd000043-0000-0000-0000-000000000000', 'cc00008a-0000-0000-0000-000000000000', 'aa000008-0000-0000-0000-000000000000', 'N87.1', 'historical', 'CIN diagnosed 2016, treated with LEEP', '2026-01-06 10:00:00'),
    ('dd000044-0000-0000-0000-000000000000', 'cc00008d-0000-0000-0000-000000000000', 'aa000001-0000-0000-0000-000000000000', 'B97.7', 'historical', 'HPV diagnosed 2021', '2025-11-24 10:00:00'),
    ('dd000045-0000-0000-0000-000000000000', 'cc00008d-0000-0000-0000-000000000000', 'aa000001-0000-0000-0000-000000000000', 'N87.0', 'historical', 'CIN diagnosed 2016, treated with LEEP', '2025-11-24 10:00:00'),
    ('dd000046-0000-0000-0000-000000000000', 'cc00008f-0000-0000-0000-000000000000', 'aa000001-0000-0000-0000-000000000000', 'B97.7', 'historical', 'HPV diagnosed 2021', '2025-07-24 10:00:00'),
    ('dd000047-0000-0000-0000-000000000000', 'cc00008f-0000-0000-0000-000000000000', 'aa000001-0000-0000-0000-000000000000', 'N87.9', 'historical', 'CIN diagnosed 2016, treated with LEEP', '2025-07-24 10:00:00'),
    ('dd000048-0000-0000-0000-000000000000', 'cc000092-0000-0000-0000-000000000000', 'aa000006-0000-0000-0000-000000000000', 'B97.7', 'historical', 'HPV diagnosed 2021', '2025-07-20 10:00:00'),
    ('dd000049-0000-0000-0000-000000000000', 'cc000092-0000-0000-0000-000000000000', 'aa000006-0000-0000-0000-000000000000', 'N87.9', 'historical', 'CIN diagnosed 2018, treated with LEEP', '2025-07-20 10:00:00'),
    ('dd00004a-0000-0000-0000-000000000000', 'cc000094-0000-0000-0000-000000000000', 'aa000008-0000-0000-0000-000000000000', 'B97.7', 'historical', 'HPV diagnosed 2022', '2026-02-15 10:00:00');

-- =============================================================================
-- RISK_ASSESSMENT
-- =============================================================================
INSERT INTO Risk_Assessment
    (assessment_id, encounter_id, entered_by, age_at_assessment, num_sexual_partners,
     num_pregnancies, smokes, smokes_years, smokes_packs_year, hormonal_contraceptives,
     hc_years, iud, iud_years, std, std_count, dx_cancer, dx_cin, dx_hpv, entered_at)
VALUES
    ('ee000001-0000-0000-0000-000000000000', 'cc000001-0000-0000-0000-000000000000', 'aa000008-0000-0000-0000-000000000000', 32, 1, 0, FALSE, 0.0, 0.0, TRUE, 2.4, FALSE, 0.0, FALSE, 0, FALSE, FALSE, FALSE, '2026-03-02 10:30:00'),
    ('ee000002-0000-0000-0000-000000000000', 'cc000002-0000-0000-0000-000000000000', 'aa000007-0000-0000-0000-000000000000', 49, 3, 2, FALSE, 0.0, 0.0, TRUE, 7.3, TRUE, 1.1, FALSE, 0, FALSE, FALSE, FALSE, '2025-08-06 10:30:00'),
    ('ee000003-0000-0000-0000-000000000000', 'cc000003-0000-0000-0000-000000000000', 'aa000008-0000-0000-0000-000000000000', 62, 4, 4, TRUE, 15.4, 1.7, FALSE, 0.0, FALSE, 0.0, TRUE, 3, TRUE, FALSE, TRUE, '2025-09-21 10:30:00'),
    ('ee000004-0000-0000-0000-000000000000', 'cc000004-0000-0000-0000-000000000000', 'aa000002-0000-0000-0000-000000000000', 21, 2, 1, FALSE, 0.0, 0.0, TRUE, 1.3, FALSE, 0.0, FALSE, 0, FALSE, FALSE, FALSE, '2025-08-12 10:30:00'),
    ('ee000005-0000-0000-0000-000000000000', 'cc000005-0000-0000-0000-000000000000', 'aa000008-0000-0000-0000-000000000000', 35, 4, 2, FALSE, 0.0, 0.0, TRUE, 4.4, FALSE, 0.0, FALSE, 0, FALSE, FALSE, TRUE, '2026-02-17 10:30:00'),
    ('ee000006-0000-0000-0000-000000000000', 'cc000006-0000-0000-0000-000000000000', 'aa000003-0000-0000-0000-000000000000', 35, 2, 1, TRUE, 2.5, 1.3, TRUE, 4.8, FALSE, 0.0, FALSE, 0, FALSE, FALSE, FALSE, '2025-09-03 10:30:00'),
    ('ee000007-0000-0000-0000-000000000000', 'cc000007-0000-0000-0000-000000000000', 'aa000006-0000-0000-0000-000000000000', 46, 7, 2, TRUE, 12.9, 1.8, FALSE, 0.0, TRUE, 5.9, TRUE, 2, FALSE, TRUE, TRUE, '2025-09-06 10:30:00'),
    ('ee000008-0000-0000-0000-000000000000', 'cc000008-0000-0000-0000-000000000000', 'aa000005-0000-0000-0000-000000000000', 34, 3, 2, TRUE, 17.8, 1.9, FALSE, 0.0, TRUE, 7.4, TRUE, 4, FALSE, TRUE, TRUE, '2025-06-18 10:30:00'),
    ('ee000009-0000-0000-0000-000000000000', 'cc000009-0000-0000-0000-000000000000', 'aa000003-0000-0000-0000-000000000000', 49, 2, 1, FALSE, 0.0, 0.0, TRUE, 4.2, TRUE, 2.5, FALSE, 0, FALSE, FALSE, FALSE, '2025-05-20 10:30:00'),
    ('ee00000a-0000-0000-0000-000000000000', 'cc00000a-0000-0000-0000-000000000000', 'aa000002-0000-0000-0000-000000000000', 30, 2, 1, FALSE, 0.0, 0.0, TRUE, 1.6, FALSE, 0.0, FALSE, 0, FALSE, FALSE, FALSE, '2025-05-06 10:30:00'),
    ('ee00000b-0000-0000-0000-000000000000', 'cc00000b-0000-0000-0000-000000000000', 'aa000003-0000-0000-0000-000000000000', 42, 3, 2, FALSE, 0.0, 0.0, TRUE, 3.6, FALSE, 0.0, TRUE, 1, FALSE, FALSE, FALSE, '2025-04-07 10:30:00'),
    ('ee00000c-0000-0000-0000-000000000000', 'cc00000c-0000-0000-0000-000000000000', 'aa000003-0000-0000-0000-000000000000', 40, 4, 1, FALSE, 0.0, 0.0, TRUE, 4.7, FALSE, 0.0, FALSE, 0, FALSE, FALSE, TRUE, '2025-05-03 10:30:00'),
    ('ee00000d-0000-0000-0000-000000000000', 'cc00000d-0000-0000-0000-000000000000', 'aa000003-0000-0000-0000-000000000000', 22, 1, 0, FALSE, 0.0, 0.0, FALSE, 0.0, TRUE, 0.3, FALSE, 0, FALSE, FALSE, FALSE, '2025-07-19 10:30:00'),
    ('ee00000e-0000-0000-0000-000000000000', 'cc00000e-0000-0000-0000-000000000000', 'aa000001-0000-0000-0000-000000000000', 31, 4, 1, TRUE, 8.1, 0.9, TRUE, 6.2, FALSE, 0.0, FALSE, 0, FALSE, FALSE, FALSE, '2025-08-20 10:30:00'),
    ('ee00000f-0000-0000-0000-000000000000', 'cc00000f-0000-0000-0000-000000000000', 'aa000004-0000-0000-0000-000000000000', 30, 4, 1, FALSE, 0.0, 0.0, TRUE, 3.8, TRUE, 2.2, FALSE, 0, FALSE, FALSE, FALSE, '2025-11-03 10:30:00'),
    ('ee000010-0000-0000-0000-000000000000', 'cc000010-0000-0000-0000-000000000000', 'aa000006-0000-0000-0000-000000000000', 31, 4, 1, FALSE, 0.0, 0.0, TRUE, 4.6, FALSE, 0.0, FALSE, 0, FALSE, FALSE, FALSE, '2026-03-11 10:30:00'),
    ('ee000011-0000-0000-0000-000000000000', 'cc000011-0000-0000-0000-000000000000', 'aa000005-0000-0000-0000-000000000000', 29, 2, 1, FALSE, 0.0, 0.0, TRUE, 7.1, FALSE, 0.0, TRUE, 2, FALSE, FALSE, FALSE, '2025-03-26 10:30:00'),
    ('ee000012-0000-0000-0000-000000000000', 'cc000012-0000-0000-0000-000000000000', 'aa000005-0000-0000-0000-000000000000', 24, 1, 1, FALSE, 0.0, 0.0, FALSE, 0.0, TRUE, 1.0, FALSE, 0, FALSE, FALSE, FALSE, '2025-11-11 10:30:00'),
    ('ee000013-0000-0000-0000-000000000000', 'cc000013-0000-0000-0000-000000000000', 'aa000006-0000-0000-0000-000000000000', 22, 2, 1, FALSE, 0.0, 0.0, TRUE, 1.8, TRUE, 1.7, FALSE, 0, FALSE, FALSE, FALSE, '2025-12-24 10:30:00'),
    ('ee000014-0000-0000-0000-000000000000', 'cc000014-0000-0000-0000-000000000000', 'aa000001-0000-0000-0000-000000000000', 34, 1, 1, FALSE, 0.0, 0.0, TRUE, 2.2, FALSE, 0.0, FALSE, 0, FALSE, FALSE, FALSE, '2025-11-30 10:30:00'),
    ('ee000015-0000-0000-0000-000000000000', 'cc000015-0000-0000-0000-000000000000', 'aa000007-0000-0000-0000-000000000000', 36, 3, 2, TRUE, 2.6, 1.0, TRUE, 6.8, TRUE, 1.8, FALSE, 0, FALSE, FALSE, FALSE, '2025-03-24 10:30:00'),
    ('ee000016-0000-0000-0000-000000000000', 'cc000016-0000-0000-0000-000000000000', 'aa000006-0000-0000-0000-000000000000', 21, 1, 0, FALSE, 0.0, 0.0, FALSE, 0.0, FALSE, 0.0, FALSE, 0, FALSE, FALSE, FALSE, '2025-09-18 10:30:00'),
    ('ee000017-0000-0000-0000-000000000000', 'cc000017-0000-0000-0000-000000000000', 'aa000001-0000-0000-0000-000000000000', 35, 3, 2, TRUE, 3.2, 1.4, TRUE, 3.7, FALSE, 0.0, FALSE, 0, FALSE, FALSE, FALSE, '2025-11-12 10:30:00'),
    ('ee000018-0000-0000-0000-000000000000', 'cc000018-0000-0000-0000-000000000000', 'aa000005-0000-0000-0000-000000000000', 50, 4, 2, FALSE, 0.0, 0.0, TRUE, 5.4, FALSE, 0.0, FALSE, 0, FALSE, FALSE, FALSE, '2026-03-14 10:30:00'),
    ('ee000019-0000-0000-0000-000000000000', 'cc000019-0000-0000-0000-000000000000', 'aa000005-0000-0000-0000-000000000000', 30, 5, 5, TRUE, 13.7, 2.4, TRUE, 10.8, FALSE, 0.0, TRUE, 2, FALSE, FALSE, TRUE, '2025-12-24 10:30:00'),
    ('ee00001a-0000-0000-0000-000000000000', 'cc00001a-0000-0000-0000-000000000000', 'aa000001-0000-0000-0000-000000000000', 29, 3, 1, FALSE, 0.0, 0.0, TRUE, 5.1, TRUE, 3.3, FALSE, 0, FALSE, FALSE, TRUE, '2025-06-06 10:30:00'),
    ('ee00001b-0000-0000-0000-000000000000', 'cc00001b-0000-0000-0000-000000000000', 'aa000004-0000-0000-0000-000000000000', 24, 2, 1, FALSE, 0.0, 0.0, FALSE, 0.0, FALSE, 0.0, FALSE, 0, FALSE, FALSE, FALSE, '2025-11-21 10:30:00'),
    ('ee00001c-0000-0000-0000-000000000000', 'cc00001c-0000-0000-0000-000000000000', 'aa000006-0000-0000-0000-000000000000', 50, 4, 2, FALSE, 0.0, 0.0, TRUE, 4.0, FALSE, 0.0, TRUE, 1, FALSE, FALSE, FALSE, '2025-11-28 10:30:00'),
    ('ee00001d-0000-0000-0000-000000000000', 'cc00001d-0000-0000-0000-000000000000', 'aa000005-0000-0000-0000-000000000000', 29, 3, 2, TRUE, 4.8, 1.4, TRUE, 7.0, FALSE, 0.0, TRUE, 2, FALSE, FALSE, FALSE, '2026-03-30 10:30:00'),
    ('ee00001e-0000-0000-0000-000000000000', 'cc00001e-0000-0000-0000-000000000000', 'aa000003-0000-0000-0000-000000000000', 22, 2, 0, FALSE, 0.0, 0.0, FALSE, 0.0, TRUE, 0.7, FALSE, 0, FALSE, FALSE, FALSE, '2025-08-24 10:30:00'),
    ('ee00001f-0000-0000-0000-000000000000', 'cc00001f-0000-0000-0000-000000000000', 'aa000008-0000-0000-0000-000000000000', 21, 2, 1, FALSE, 0.0, 0.0, TRUE, 0.4, TRUE, 1.2, FALSE, 0, FALSE, FALSE, FALSE, '2026-03-18 10:30:00'),
    ('ee000020-0000-0000-0000-000000000000', 'cc000020-0000-0000-0000-000000000000', 'aa000004-0000-0000-0000-000000000000', 24, 1, 1, FALSE, 0.0, 0.0, TRUE, 1.0, TRUE, 0.9, FALSE, 0, FALSE, FALSE, FALSE, '2025-03-26 10:30:00'),
    ('ee000021-0000-0000-0000-000000000000', 'cc000021-0000-0000-0000-000000000000', 'aa000003-0000-0000-0000-000000000000', 33, 2, 0, FALSE, 0.0, 0.0, FALSE, 0.0, FALSE, 0.0, FALSE, 0, FALSE, FALSE, FALSE, '2025-03-03 10:30:00'),
    ('ee000022-0000-0000-0000-000000000000', 'cc000022-0000-0000-0000-000000000000', 'aa000005-0000-0000-0000-000000000000', 27, 1, 0, FALSE, 0.0, 0.0, TRUE, 2.7, TRUE, 0.4, FALSE, 0, FALSE, FALSE, FALSE, '2025-08-12 10:30:00'),
    ('ee000023-0000-0000-0000-000000000000', 'cc000023-0000-0000-0000-000000000000', 'aa000007-0000-0000-0000-000000000000', 21, 2, 0, FALSE, 0.0, 0.0, FALSE, 0.0, TRUE, 0.0, FALSE, 0, FALSE, FALSE, FALSE, '2025-03-19 10:30:00'),
    ('ee000024-0000-0000-0000-000000000000', 'cc000024-0000-0000-0000-000000000000', 'aa000005-0000-0000-0000-000000000000', 46, 4, 5, TRUE, 12.0, 1.4, FALSE, 0.0, FALSE, 0.0, TRUE, 1, FALSE, TRUE, TRUE, '2025-08-19 10:30:00'),
    ('ee000025-0000-0000-0000-000000000000', 'cc000025-0000-0000-0000-000000000000', 'aa000007-0000-0000-0000-000000000000', 61, 3, 4, TRUE, 15.0, 1.4, FALSE, 0.0, FALSE, 0.0, TRUE, 2, FALSE, FALSE, TRUE, '2025-05-29 10:30:00'),
    ('ee000026-0000-0000-0000-000000000000', 'cc000026-0000-0000-0000-000000000000', 'aa000001-0000-0000-0000-000000000000', 46, 8, 2, TRUE, 5.9, 1.2, FALSE, 0.0, FALSE, 0.0, TRUE, 3, FALSE, TRUE, TRUE, '2025-08-02 10:30:00'),
    ('ee000027-0000-0000-0000-000000000000', 'cc000027-0000-0000-0000-000000000000', 'aa000003-0000-0000-0000-000000000000', 53, 6, 5, TRUE, 18.7, 2.5, FALSE, 0.0, FALSE, 0.0, TRUE, 2, FALSE, TRUE, TRUE, '2025-10-31 10:30:00'),
    ('ee000028-0000-0000-0000-000000000000', 'cc000028-0000-0000-0000-000000000000', 'aa000004-0000-0000-0000-000000000000', 32, 2, 1, FALSE, 0.0, 0.0, TRUE, 0.3, TRUE, 0.4, FALSE, 0, FALSE, FALSE, FALSE, '2025-12-06 10:30:00'),
    ('ee000029-0000-0000-0000-000000000000', 'cc000029-0000-0000-0000-000000000000', 'aa000008-0000-0000-0000-000000000000', 39, 4, 5, TRUE, 11.2, 2.1, TRUE, 10.6, FALSE, 0.0, TRUE, 3, FALSE, TRUE, TRUE, '2025-11-17 10:30:00'),
    ('ee00002a-0000-0000-0000-000000000000', 'cc00002a-0000-0000-0000-000000000000', 'aa000001-0000-0000-0000-000000000000', 26, 1, 1, FALSE, 0.0, 0.0, TRUE, 1.2, FALSE, 0.0, FALSE, 0, FALSE, FALSE, FALSE, '2025-12-03 10:30:00'),
    ('ee00002b-0000-0000-0000-000000000000', 'cc00002b-0000-0000-0000-000000000000', 'aa000007-0000-0000-0000-000000000000', 26, 2, 0, FALSE, 0.0, 0.0, FALSE, 0.0, FALSE, 0.0, FALSE, 0, FALSE, FALSE, FALSE, '2025-09-08 10:30:00'),
    ('ee00002c-0000-0000-0000-000000000000', 'cc00002c-0000-0000-0000-000000000000', 'aa000006-0000-0000-0000-000000000000', 29, 2, 0, FALSE, 0.0, 0.0, TRUE, 2.2, TRUE, 0.4, FALSE, 0, FALSE, FALSE, FALSE, '2025-05-08 10:30:00'),
    ('ee00002d-0000-0000-0000-000000000000', 'cc00002d-0000-0000-0000-000000000000', 'aa000008-0000-0000-0000-000000000000', 38, 2, 2, FALSE, 0.0, 0.0, TRUE, 4.7, TRUE, 1.8, FALSE, 0, FALSE, FALSE, TRUE, '2025-07-31 10:30:00'),
    ('ee00002e-0000-0000-0000-000000000000', 'cc00002e-0000-0000-0000-000000000000', 'aa000001-0000-0000-0000-000000000000', 40, 4, 1, TRUE, 5.6, 1.2, TRUE, 7.4, TRUE, 1.7, FALSE, 0, FALSE, FALSE, FALSE, '2026-01-09 10:30:00'),
    ('ee00002f-0000-0000-0000-000000000000', 'cc00002f-0000-0000-0000-000000000000', 'aa000005-0000-0000-0000-000000000000', 39, 4, 2, TRUE, 3.9, 1.4, TRUE, 7.9, FALSE, 0.0, TRUE, 1, FALSE, FALSE, FALSE, '2025-05-11 10:30:00'),
    ('ee000030-0000-0000-0000-000000000000', 'cc000030-0000-0000-0000-000000000000', 'aa000003-0000-0000-0000-000000000000', 24, 1, 1, FALSE, 0.0, 0.0, FALSE, 0.0, FALSE, 0.0, FALSE, 0, FALSE, FALSE, FALSE, '2026-03-12 10:30:00'),
    ('ee000031-0000-0000-0000-000000000000', 'cc000031-0000-0000-0000-000000000000', 'aa000006-0000-0000-0000-000000000000', 35, 1, 1, FALSE, 0.0, 0.0, FALSE, 0.0, FALSE, 0.0, FALSE, 0, FALSE, FALSE, FALSE, '2025-11-24 10:30:00'),
    ('ee000032-0000-0000-0000-000000000000', 'cc000032-0000-0000-0000-000000000000', 'aa000004-0000-0000-0000-000000000000', 24, 1, 1, FALSE, 0.0, 0.0, TRUE, 2.7, FALSE, 0.0, FALSE, 0, FALSE, FALSE, FALSE, '2025-10-29 10:30:00'),
    ('ee000033-0000-0000-0000-000000000000', 'cc000033-0000-0000-0000-000000000000', 'aa000003-0000-0000-0000-000000000000', 22, 2, 0, FALSE, 0.0, 0.0, FALSE, 0.0, TRUE, 0.7, FALSE, 0, FALSE, FALSE, FALSE, '2025-12-11 10:30:00'),
    ('ee000034-0000-0000-0000-000000000000', 'cc000034-0000-0000-0000-000000000000', 'aa000002-0000-0000-0000-000000000000', 33, 5, 4, TRUE, 15.1, 2.2, TRUE, 13.7, TRUE, 3.1, TRUE, 2, TRUE, FALSE, TRUE, '2025-09-06 10:30:00'),
    ('ee000035-0000-0000-0000-000000000000', 'cc000035-0000-0000-0000-000000000000', 'aa000002-0000-0000-0000-000000000000', 30, 3, 1, FALSE, 0.0, 0.0, TRUE, 5.8, TRUE, 3.3, TRUE, 2, FALSE, FALSE, FALSE, '2026-03-15 10:30:00'),
    ('ee000036-0000-0000-0000-000000000000', 'cc000036-0000-0000-0000-000000000000', 'aa000008-0000-0000-0000-000000000000', 45, 3, 1, FALSE, 0.0, 0.0, TRUE, 4.9, FALSE, 0.0, FALSE, 0, FALSE, FALSE, FALSE, '2025-11-18 10:30:00'),
    ('ee000037-0000-0000-0000-000000000000', 'cc000037-0000-0000-0000-000000000000', 'aa000005-0000-0000-0000-000000000000', 39, 3, 1, FALSE, 0.0, 0.0, TRUE, 4.9, TRUE, 3.5, FALSE, 0, FALSE, FALSE, FALSE, '2025-03-09 10:30:00'),
    ('ee000038-0000-0000-0000-000000000000', 'cc000038-0000-0000-0000-000000000000', 'aa000008-0000-0000-0000-000000000000', 33, 1, 1, FALSE, 0.0, 0.0, FALSE, 0.0, FALSE, 0.0, FALSE, 0, FALSE, FALSE, FALSE, '2026-03-26 10:30:00'),
    ('ee000039-0000-0000-0000-000000000000', 'cc000039-0000-0000-0000-000000000000', 'aa000003-0000-0000-0000-000000000000', 39, 4, 1, TRUE, 8.1, 0.9, TRUE, 7.2, TRUE, 1.7, FALSE, 0, FALSE, FALSE, FALSE, '2025-11-06 10:30:00'),
    ('ee00003a-0000-0000-0000-000000000000', 'cc00003a-0000-0000-0000-000000000000', 'aa000008-0000-0000-0000-000000000000', 23, 1, 1, FALSE, 0.0, 0.0, FALSE, 0.0, TRUE, 0.0, FALSE, 0, FALSE, FALSE, FALSE, '2025-03-31 10:30:00'),
    ('ee00003b-0000-0000-0000-000000000000', 'cc00003b-0000-0000-0000-000000000000', 'aa000005-0000-0000-0000-000000000000', 37, 4, 1, TRUE, 18.8, 2.0, TRUE, 7.4, FALSE, 0.0, TRUE, 3, TRUE, FALSE, TRUE, '2025-11-30 10:30:00'),
    ('ee00003c-0000-0000-0000-000000000000', 'cc00003c-0000-0000-0000-000000000000', 'aa000004-0000-0000-0000-000000000000', 30, 1, 0, FALSE, 0.0, 0.0, FALSE, 0.0, TRUE, 0.8, FALSE, 0, FALSE, FALSE, FALSE, '2026-02-20 10:30:00'),
    ('ee00003d-0000-0000-0000-000000000000', 'cc00003d-0000-0000-0000-000000000000', 'aa000001-0000-0000-0000-000000000000', 29, 2, 1, FALSE, 0.0, 0.0, TRUE, 1.9, TRUE, 0.7, FALSE, 0, FALSE, FALSE, FALSE, '2025-03-29 10:30:00'),
    ('ee00003e-0000-0000-0000-000000000000', 'cc00003e-0000-0000-0000-000000000000', 'aa000001-0000-0000-0000-000000000000', 44, 8, 5, TRUE, 12.1, 1.1, TRUE, 5.7, TRUE, 7.6, TRUE, 1, FALSE, TRUE, TRUE, '2025-11-26 10:30:00'),
    ('ee00003f-0000-0000-0000-000000000000', 'cc00003f-0000-0000-0000-000000000000', 'aa000005-0000-0000-0000-000000000000', 42, 4, 2, TRUE, 5.1, 1.2, TRUE, 7.0, FALSE, 0.0, FALSE, 0, FALSE, FALSE, FALSE, '2025-04-09 10:30:00'),
    ('ee000040-0000-0000-0000-000000000000', 'cc000040-0000-0000-0000-000000000000', 'aa000002-0000-0000-0000-000000000000', 25, 1, 1, FALSE, 0.0, 0.0, FALSE, 0.0, TRUE, 1.2, FALSE, 0, FALSE, FALSE, FALSE, '2025-03-28 10:30:00'),
    ('ee000041-0000-0000-0000-000000000000', 'cc000041-0000-0000-0000-000000000000', 'aa000006-0000-0000-0000-000000000000', 61, 6, 4, TRUE, 8.4, 2.1, TRUE, 8.8, FALSE, 0.0, TRUE, 2, FALSE, TRUE, TRUE, '2025-09-20 10:30:00'),
    ('ee000042-0000-0000-0000-000000000000', 'cc000042-0000-0000-0000-000000000000', 'aa000003-0000-0000-0000-000000000000', 37, 2, 1, FALSE, 0.0, 0.0, TRUE, 7.7, TRUE, 2.3, FALSE, 0, FALSE, FALSE, FALSE, '2025-09-11 10:30:00'),
    ('ee000043-0000-0000-0000-000000000000', 'cc000043-0000-0000-0000-000000000000', 'aa000007-0000-0000-0000-000000000000', 50, 3, 3, TRUE, 13.3, 2.2, TRUE, 12.8, TRUE, 7.2, TRUE, 1, FALSE, TRUE, TRUE, '2025-10-16 10:30:00'),
    ('ee000044-0000-0000-0000-000000000000', 'cc000044-0000-0000-0000-000000000000', 'aa000003-0000-0000-0000-000000000000', 32, 2, 1, FALSE, 0.0, 0.0, FALSE, 0.0, FALSE, 0.0, FALSE, 0, FALSE, FALSE, FALSE, '2025-05-26 10:30:00'),
    ('ee000045-0000-0000-0000-000000000000', 'cc000045-0000-0000-0000-000000000000', 'aa000005-0000-0000-0000-000000000000', 37, 6, 1, TRUE, 10.4, 2.9, FALSE, 0.0, FALSE, 0.0, TRUE, 4, FALSE, FALSE, TRUE, '2025-10-09 10:30:00'),
    ('ee000046-0000-0000-0000-000000000000', 'cc000046-0000-0000-0000-000000000000', 'aa000006-0000-0000-0000-000000000000', 40, 3, 2, FALSE, 0.0, 0.0, TRUE, 6.0, TRUE, 3.1, FALSE, 0, FALSE, FALSE, FALSE, '2025-09-11 10:30:00'),
    ('ee000047-0000-0000-0000-000000000000', 'cc000047-0000-0000-0000-000000000000', 'aa000008-0000-0000-0000-000000000000', 33, 3, 2, TRUE, 2.9, 1.1, TRUE, 6.0, FALSE, 0.0, FALSE, 0, FALSE, FALSE, FALSE, '2025-07-28 10:30:00'),
    ('ee000048-0000-0000-0000-000000000000', 'cc000048-0000-0000-0000-000000000000', 'aa000004-0000-0000-0000-000000000000', 55, 8, 1, TRUE, 17.3, 2.6, FALSE, 0.0, FALSE, 0.0, TRUE, 4, FALSE, FALSE, TRUE, '2026-02-26 10:30:00'),
    ('ee000049-0000-0000-0000-000000000000', 'cc000049-0000-0000-0000-000000000000', 'aa000008-0000-0000-0000-000000000000', 22, 2, 0, FALSE, 0.0, 0.0, FALSE, 0.0, FALSE, 0.0, FALSE, 0, FALSE, FALSE, FALSE, '2025-04-07 10:30:00'),
    ('ee00004a-0000-0000-0000-000000000000', 'cc00004a-0000-0000-0000-000000000000', 'aa000002-0000-0000-0000-000000000000', 38, 8, 3, TRUE, 7.5, 2.2, TRUE, 10.6, TRUE, 5.9, TRUE, 4, FALSE, FALSE, TRUE, '2026-02-23 10:30:00'),
    ('ee00004b-0000-0000-0000-000000000000', 'cc00004b-0000-0000-0000-000000000000', 'aa000004-0000-0000-0000-000000000000', 36, 4, 1, FALSE, 0.0, 0.0, TRUE, 4.7, FALSE, 0.0, FALSE, 0, FALSE, FALSE, FALSE, '2025-12-11 10:30:00'),
    ('ee00004c-0000-0000-0000-000000000000', 'cc00004c-0000-0000-0000-000000000000', 'aa000003-0000-0000-0000-000000000000', 32, 2, 1, FALSE, 0.0, 0.0, FALSE, 0.0, FALSE, 0.0, FALSE, 0, FALSE, FALSE, FALSE, '2025-04-29 10:30:00'),
    ('ee00004d-0000-0000-0000-000000000000', 'cc00004d-0000-0000-0000-000000000000', 'aa000006-0000-0000-0000-000000000000', 38, 3, 1, FALSE, 0.0, 0.0, TRUE, 4.5, FALSE, 0.0, FALSE, 0, FALSE, FALSE, FALSE, '2025-11-03 10:30:00'),
    ('ee00004e-0000-0000-0000-000000000000', 'cc00004e-0000-0000-0000-000000000000', 'aa000003-0000-0000-0000-000000000000', 47, 7, 2, TRUE, 10.0, 1.9, TRUE, 9.6, TRUE, 6.8, TRUE, 2, FALSE, FALSE, TRUE, '2026-02-10 10:30:00'),
    ('ee00004f-0000-0000-0000-000000000000', 'cc00004f-0000-0000-0000-000000000000', 'aa000007-0000-0000-0000-000000000000', 21, 1, 1, FALSE, 0.0, 0.0, TRUE, 2.3, TRUE, 1.6, FALSE, 0, FALSE, FALSE, FALSE, '2025-10-06 10:30:00'),
    ('ee000050-0000-0000-0000-000000000000', 'cc000050-0000-0000-0000-000000000000', 'aa000003-0000-0000-0000-000000000000', 27, 1, 1, FALSE, 0.0, 0.0, FALSE, 0.0, FALSE, 0.0, FALSE, 0, FALSE, FALSE, FALSE, '2025-11-30 10:30:00'),
    ('ee000051-0000-0000-0000-000000000000', 'cc000051-0000-0000-0000-000000000000', 'aa000006-0000-0000-0000-000000000000', 43, 7, 1, TRUE, 10.2, 2.7, FALSE, 0.0, FALSE, 0.0, TRUE, 2, FALSE, TRUE, TRUE, '2025-11-26 10:30:00'),
    ('ee000052-0000-0000-0000-000000000000', 'cc000052-0000-0000-0000-000000000000', 'aa000002-0000-0000-0000-000000000000', 54, 8, 2, TRUE, 12.7, 1.8, TRUE, 6.4, FALSE, 0.0, TRUE, 4, FALSE, TRUE, TRUE, '2025-08-04 10:30:00'),
    ('ee000053-0000-0000-0000-000000000000', 'cc000053-0000-0000-0000-000000000000', 'aa000001-0000-0000-0000-000000000000', 27, 2, 0, FALSE, 0.0, 0.0, FALSE, 0.0, TRUE, 0.4, FALSE, 0, FALSE, FALSE, FALSE, '2026-01-12 10:30:00'),
    ('ee000054-0000-0000-0000-000000000000', 'cc000054-0000-0000-0000-000000000000', 'aa000008-0000-0000-0000-000000000000', 30, 2, 1, FALSE, 0.0, 0.0, FALSE, 0.0, FALSE, 0.0, FALSE, 0, FALSE, FALSE, FALSE, '2025-11-14 10:30:00'),
    ('ee000055-0000-0000-0000-000000000000', 'cc000055-0000-0000-0000-000000000000', 'aa000001-0000-0000-0000-000000000000', 36, 2, 2, TRUE, 3.3, 1.0, TRUE, 6.7, FALSE, 0.0, FALSE, 0, FALSE, FALSE, FALSE, '2025-12-15 10:30:00'),
    ('ee000056-0000-0000-0000-000000000000', 'cc000056-0000-0000-0000-000000000000', 'aa000006-0000-0000-0000-000000000000', 48, 4, 1, TRUE, 9.9, 0.6, TRUE, 7.2, FALSE, 0.0, TRUE, 1, FALSE, FALSE, TRUE, '2025-07-16 10:30:00'),
    ('ee000057-0000-0000-0000-000000000000', 'cc000057-0000-0000-0000-000000000000', 'aa000002-0000-0000-0000-000000000000', 47, 4, 2, TRUE, 3.3, 0.6, TRUE, 4.0, FALSE, 0.0, FALSE, 0, FALSE, FALSE, FALSE, '2025-10-11 10:30:00'),
    ('ee000058-0000-0000-0000-000000000000', 'cc000058-0000-0000-0000-000000000000', 'aa000003-0000-0000-0000-000000000000', 24, 2, 1, FALSE, 0.0, 0.0, FALSE, 0.0, FALSE, 0.0, FALSE, 0, FALSE, FALSE, FALSE, '2025-12-31 10:30:00'),
    ('ee000059-0000-0000-0000-000000000000', 'cc000059-0000-0000-0000-000000000000', 'aa000002-0000-0000-0000-000000000000', 48, 2, 2, TRUE, 8.9, 0.6, TRUE, 7.3, FALSE, 0.0, TRUE, 1, FALSE, FALSE, FALSE, '2026-02-11 10:30:00'),
    ('ee00005a-0000-0000-0000-000000000000', 'cc00005a-0000-0000-0000-000000000000', 'aa000003-0000-0000-0000-000000000000', 33, 3, 1, FALSE, 0.0, 0.0, TRUE, 6.2, FALSE, 0.0, TRUE, 1, FALSE, FALSE, TRUE, '2025-11-06 10:30:00'),
    ('ee00005b-0000-0000-0000-000000000000', 'cc00005b-0000-0000-0000-000000000000', 'aa000008-0000-0000-0000-000000000000', 22, 1, 1, FALSE, 0.0, 0.0, FALSE, 0.0, TRUE, 1.3, FALSE, 0, FALSE, FALSE, FALSE, '2025-10-19 10:30:00'),
    ('ee00005c-0000-0000-0000-000000000000', 'cc00005c-0000-0000-0000-000000000000', 'aa000007-0000-0000-0000-000000000000', 39, 4, 4, TRUE, 9.0, 2.7, TRUE, 8.4, FALSE, 0.0, TRUE, 2, FALSE, TRUE, TRUE, '2025-11-29 10:30:00'),
    ('ee00005d-0000-0000-0000-000000000000', 'cc00005d-0000-0000-0000-000000000000', 'aa000002-0000-0000-0000-000000000000', 50, 3, 1, TRUE, 10.0, 1.4, TRUE, 7.4, TRUE, 1.9, FALSE, 0, FALSE, FALSE, TRUE, '2025-03-09 10:30:00'),
    ('ee00005e-0000-0000-0000-000000000000', 'cc00005e-0000-0000-0000-000000000000', 'aa000006-0000-0000-0000-000000000000', 29, 2, 1, FALSE, 0.0, 0.0, TRUE, 2.2, TRUE, 1.5, FALSE, 0, FALSE, FALSE, FALSE, '2025-04-12 10:30:00'),
    ('ee00005f-0000-0000-0000-000000000000', 'cc00005f-0000-0000-0000-000000000000', 'aa000002-0000-0000-0000-000000000000', 34, 2, 1, TRUE, 6.2, 0.9, TRUE, 3.0, TRUE, 2.0, FALSE, 0, FALSE, FALSE, TRUE, '2026-02-24 10:30:00'),
    ('ee000060-0000-0000-0000-000000000000', 'cc000060-0000-0000-0000-000000000000', 'aa000007-0000-0000-0000-000000000000', 47, 3, 3, TRUE, 10.5, 1.6, TRUE, 8.8, TRUE, 6.9, TRUE, 2, FALSE, TRUE, TRUE, '2025-06-26 10:30:00'),
    ('ee000061-0000-0000-0000-000000000000', 'cc000061-0000-0000-0000-000000000000', 'aa000008-0000-0000-0000-000000000000', 48, 2, 1, TRUE, 6.7, 0.9, TRUE, 7.8, TRUE, 1.9, FALSE, 0, FALSE, FALSE, FALSE, '2025-09-27 10:30:00'),
    ('ee000062-0000-0000-0000-000000000000', 'cc000062-0000-0000-0000-000000000000', 'aa000005-0000-0000-0000-000000000000', 46, 2, 1, TRUE, 8.0, 0.8, TRUE, 3.3, FALSE, 0.0, TRUE, 1, FALSE, FALSE, FALSE, '2026-01-02 10:30:00'),
    ('ee000063-0000-0000-0000-000000000000', 'cc000063-0000-0000-0000-000000000000', 'aa000001-0000-0000-0000-000000000000', 40, 4, 4, TRUE, 17.9, 2.1, FALSE, 0.0, FALSE, 0.0, TRUE, 3, FALSE, TRUE, TRUE, '2025-04-06 10:30:00'),
    ('ee000064-0000-0000-0000-000000000000', 'cc000064-0000-0000-0000-000000000000', 'aa000001-0000-0000-0000-000000000000', 26, 2, 1, FALSE, 0.0, 0.0, FALSE, 0.0, FALSE, 0.0, FALSE, 0, FALSE, FALSE, FALSE, '2025-03-21 10:30:00'),
    ('ee000065-0000-0000-0000-000000000000', 'cc000065-0000-0000-0000-000000000000', 'aa000003-0000-0000-0000-000000000000', 30, 4, 1, FALSE, 0.0, 0.0, TRUE, 7.9, TRUE, 1.5, FALSE, 0, FALSE, FALSE, FALSE, '2026-01-22 10:30:00'),
    ('ee000066-0000-0000-0000-000000000000', 'cc000066-0000-0000-0000-000000000000', 'aa000007-0000-0000-0000-000000000000', 54, 4, 1, TRUE, 18.9, 1.2, TRUE, 11.1, TRUE, 2.3, TRUE, 2, TRUE, FALSE, TRUE, '2025-08-06 10:30:00'),
    ('ee000067-0000-0000-0000-000000000000', 'cc000067-0000-0000-0000-000000000000', 'aa000006-0000-0000-0000-000000000000', 28, 1, 0, FALSE, 0.0, 0.0, TRUE, 1.0, FALSE, 0.0, FALSE, 0, FALSE, FALSE, FALSE, '2025-05-25 10:30:00'),
    ('ee000068-0000-0000-0000-000000000000', 'cc000068-0000-0000-0000-000000000000', 'aa000005-0000-0000-0000-000000000000', 24, 2, 1, FALSE, 0.0, 0.0, TRUE, 0.2, FALSE, 0.0, FALSE, 0, FALSE, FALSE, FALSE, '2025-04-02 10:30:00'),
    ('ee000069-0000-0000-0000-000000000000', 'cc000069-0000-0000-0000-000000000000', 'aa000003-0000-0000-0000-000000000000', 34, 2, 1, FALSE, 0.0, 0.0, TRUE, 3.2, TRUE, 3.6, TRUE, 1, FALSE, FALSE, FALSE, '2025-09-05 10:30:00'),
    ('ee00006a-0000-0000-0000-000000000000', 'cc00006a-0000-0000-0000-000000000000', 'aa000007-0000-0000-0000-000000000000', 45, 4, 2, TRUE, 4.2, 0.6, TRUE, 4.9, FALSE, 0.0, FALSE, 0, FALSE, FALSE, TRUE, '2025-03-19 10:30:00'),
    ('ee00006b-0000-0000-0000-000000000000', 'cc00006b-0000-0000-0000-000000000000', 'aa000007-0000-0000-0000-000000000000', 39, 3, 2, TRUE, 2.7, 1.0, TRUE, 4.8, FALSE, 0.0, TRUE, 2, FALSE, FALSE, FALSE, '2025-03-24 10:30:00'),
    ('ee00006c-0000-0000-0000-000000000000', 'cc00006c-0000-0000-0000-000000000000', 'aa000008-0000-0000-0000-000000000000', 49, 2, 1, TRUE, 9.5, 0.5, TRUE, 5.7, TRUE, 2.9, TRUE, 1, FALSE, FALSE, FALSE, '2025-09-05 10:30:00'),
    ('ee00006d-0000-0000-0000-000000000000', 'cc00006d-0000-0000-0000-000000000000', 'aa000004-0000-0000-0000-000000000000', 27, 2, 0, FALSE, 0.0, 0.0, TRUE, 2.9, FALSE, 0.0, FALSE, 0, FALSE, FALSE, FALSE, '2025-04-23 10:30:00'),
    ('ee00006e-0000-0000-0000-000000000000', 'cc00006e-0000-0000-0000-000000000000', 'aa000001-0000-0000-0000-000000000000', 45, 4, 2, TRUE, 5.7, 1.2, TRUE, 5.9, FALSE, 0.0, TRUE, 1, FALSE, FALSE, FALSE, '2025-04-17 10:30:00'),
    ('ee00006f-0000-0000-0000-000000000000', 'cc00006f-0000-0000-0000-000000000000', 'aa000003-0000-0000-0000-000000000000', 39, 3, 2, TRUE, 4.5, 0.8, TRUE, 3.4, FALSE, 0.0, FALSE, 0, FALSE, FALSE, TRUE, '2025-10-09 10:30:00'),
    ('ee000070-0000-0000-0000-000000000000', 'cc000070-0000-0000-0000-000000000000', 'aa000008-0000-0000-0000-000000000000', 33, 4, 2, FALSE, 0.0, 0.0, TRUE, 7.8, TRUE, 1.6, FALSE, 0, FALSE, FALSE, FALSE, '2025-05-24 10:30:00'),
    ('ee000071-0000-0000-0000-000000000000', 'cc000071-0000-0000-0000-000000000000', 'aa000005-0000-0000-0000-000000000000', 32, 2, 0, FALSE, 0.0, 0.0, TRUE, 0.3, TRUE, 0.5, FALSE, 0, FALSE, FALSE, FALSE, '2026-02-15 10:30:00'),
    ('ee000072-0000-0000-0000-000000000000', 'cc000072-0000-0000-0000-000000000000', 'aa000005-0000-0000-0000-000000000000', 48, 2, 2, FALSE, 0.0, 0.0, TRUE, 7.3, TRUE, 2.7, TRUE, 1, FALSE, FALSE, FALSE, '2025-03-26 10:30:00'),
    ('ee000073-0000-0000-0000-000000000000', 'cc000073-0000-0000-0000-000000000000', 'aa000001-0000-0000-0000-000000000000', 40, 3, 1, TRUE, 6.7, 0.8, TRUE, 7.1, FALSE, 0.0, FALSE, 0, FALSE, FALSE, FALSE, '2025-03-07 10:30:00'),
    ('ee000074-0000-0000-0000-000000000000', 'cc000074-0000-0000-0000-000000000000', 'aa000002-0000-0000-0000-000000000000', 48, 2, 1, FALSE, 0.0, 0.0, TRUE, 7.6, FALSE, 0.0, FALSE, 0, FALSE, FALSE, TRUE, '2025-05-05 10:30:00'),
    ('ee000075-0000-0000-0000-000000000000', 'cc000075-0000-0000-0000-000000000000', 'aa000006-0000-0000-0000-000000000000', 43, 5, 3, TRUE, 11.7, 1.3, TRUE, 11.1, TRUE, 5.7, TRUE, 3, FALSE, FALSE, TRUE, '2025-05-28 10:30:00'),
    ('ee000076-0000-0000-0000-000000000000', 'cc000076-0000-0000-0000-000000000000', 'aa000004-0000-0000-0000-000000000000', 31, 2, 1, FALSE, 0.0, 0.0, TRUE, 1.6, FALSE, 0.0, FALSE, 0, FALSE, FALSE, FALSE, '2026-01-24 10:30:00'),
    ('ee000077-0000-0000-0000-000000000000', 'cc000077-0000-0000-0000-000000000000', 'aa000006-0000-0000-0000-000000000000', 30, 3, 1, FALSE, 0.0, 0.0, TRUE, 3.1, TRUE, 3.4, FALSE, 0, FALSE, FALSE, TRUE, '2025-11-13 10:30:00'),
    ('ee000078-0000-0000-0000-000000000000', 'cc000078-0000-0000-0000-000000000000', 'aa000003-0000-0000-0000-000000000000', 45, 8, 2, TRUE, 9.0, 2.6, TRUE, 14.2, TRUE, 2.3, TRUE, 2, FALSE, FALSE, TRUE, '2025-06-28 10:30:00'),
    ('ee000079-0000-0000-0000-000000000000', 'cc000079-0000-0000-0000-000000000000', 'aa000006-0000-0000-0000-000000000000', 59, 8, 3, TRUE, 19.2, 2.1, FALSE, 0.0, TRUE, 5.4, TRUE, 2, FALSE, TRUE, TRUE, '2025-06-30 10:30:00'),
    ('ee00007a-0000-0000-0000-000000000000', 'cc00007a-0000-0000-0000-000000000000', 'aa000001-0000-0000-0000-000000000000', 23, 2, 0, FALSE, 0.0, 0.0, FALSE, 0.0, TRUE, 1.6, FALSE, 0, FALSE, FALSE, FALSE, '2025-06-21 10:30:00'),
    ('ee00007b-0000-0000-0000-000000000000', 'cc00007b-0000-0000-0000-000000000000', 'aa000001-0000-0000-0000-000000000000', 29, 1, 0, FALSE, 0.0, 0.0, TRUE, 2.5, TRUE, 1.7, FALSE, 0, FALSE, FALSE, FALSE, '2025-08-13 10:30:00'),
    ('ee00007c-0000-0000-0000-000000000000', 'cc00007c-0000-0000-0000-000000000000', 'aa000007-0000-0000-0000-000000000000', 35, 5, 3, TRUE, 7.0, 1.3, TRUE, 14.5, FALSE, 0.0, TRUE, 4, FALSE, FALSE, TRUE, '2026-02-24 10:30:00'),
    ('ee00007d-0000-0000-0000-000000000000', 'cc00007d-0000-0000-0000-000000000000', 'aa000005-0000-0000-0000-000000000000', 36, 4, 2, TRUE, 8.8, 1.3, TRUE, 5.8, TRUE, 1.5, FALSE, 0, FALSE, FALSE, TRUE, '2026-03-11 10:30:00'),
    ('ee00007e-0000-0000-0000-000000000000', 'cc00007e-0000-0000-0000-000000000000', 'aa000008-0000-0000-0000-000000000000', 45, 2, 2, TRUE, 9.9, 0.7, TRUE, 7.4, TRUE, 1.3, FALSE, 0, FALSE, FALSE, FALSE, '2025-04-23 10:30:00'),
    ('ee00007f-0000-0000-0000-000000000000', 'cc00007f-0000-0000-0000-000000000000', 'aa000005-0000-0000-0000-000000000000', 29, 3, 2, TRUE, 8.3, 1.2, TRUE, 3.2, TRUE, 2.3, FALSE, 0, FALSE, FALSE, FALSE, '2025-03-06 10:30:00'),
    ('ee000080-0000-0000-0000-000000000000', 'cc000080-0000-0000-0000-000000000000', 'aa000007-0000-0000-0000-000000000000', 49, 2, 2, TRUE, 2.6, 1.3, TRUE, 4.5, TRUE, 2.0, TRUE, 1, FALSE, FALSE, FALSE, '2025-08-27 10:30:00'),
    ('ee000081-0000-0000-0000-000000000000', 'cc000081-0000-0000-0000-000000000000', 'aa000002-0000-0000-0000-000000000000', 51, 8, 1, TRUE, 11.5, 2.3, FALSE, 0.0, FALSE, 0.0, TRUE, 4, FALSE, TRUE, TRUE, '2025-12-06 10:30:00'),
    ('ee000082-0000-0000-0000-000000000000', 'cc000082-0000-0000-0000-000000000000', 'aa000007-0000-0000-0000-000000000000', 25, 1, 1, FALSE, 0.0, 0.0, FALSE, 0.0, TRUE, 0.0, FALSE, 0, FALSE, FALSE, FALSE, '2025-03-26 10:30:00'),
    ('ee000083-0000-0000-0000-000000000000', 'cc000083-0000-0000-0000-000000000000', 'aa000004-0000-0000-0000-000000000000', 38, 4, 2, TRUE, 14.6, 3.0, TRUE, 9.7, TRUE, 2.7, TRUE, 4, FALSE, FALSE, TRUE, '2025-11-01 10:30:00'),
    ('ee000084-0000-0000-0000-000000000000', 'cc000084-0000-0000-0000-000000000000', 'aa000003-0000-0000-0000-000000000000', 42, 3, 2, FALSE, 0.0, 0.0, TRUE, 4.1, FALSE, 0.0, FALSE, 0, FALSE, FALSE, FALSE, '2025-09-06 10:30:00'),
    ('ee000085-0000-0000-0000-000000000000', 'cc000085-0000-0000-0000-000000000000', 'aa000006-0000-0000-0000-000000000000', 59, 7, 1, TRUE, 17.6, 2.6, FALSE, 0.0, TRUE, 4.5, TRUE, 4, TRUE, FALSE, TRUE, '2025-04-13 10:30:00'),
    ('ee000086-0000-0000-0000-000000000000', 'cc000086-0000-0000-0000-000000000000', 'aa000003-0000-0000-0000-000000000000', 23, 1, 0, FALSE, 0.0, 0.0, TRUE, 2.9, FALSE, 0.0, FALSE, 0, FALSE, FALSE, FALSE, '2025-12-18 10:30:00'),
    ('ee000087-0000-0000-0000-000000000000', 'cc000087-0000-0000-0000-000000000000', 'aa000007-0000-0000-0000-000000000000', 47, 2, 1, TRUE, 8.7, 0.8, TRUE, 7.6, FALSE, 0.0, TRUE, 1, FALSE, FALSE, FALSE, '2025-03-22 10:30:00'),
    ('ee000088-0000-0000-0000-000000000000', 'cc000088-0000-0000-0000-000000000000', 'aa000008-0000-0000-0000-000000000000', 33, 1, 1, FALSE, 0.0, 0.0, TRUE, 0.4, FALSE, 0.0, FALSE, 0, FALSE, FALSE, FALSE, '2025-11-22 10:30:00'),
    ('ee000089-0000-0000-0000-000000000000', 'cc000089-0000-0000-0000-000000000000', 'aa000002-0000-0000-0000-000000000000', 22, 2, 1, FALSE, 0.0, 0.0, TRUE, 2.6, TRUE, 0.5, FALSE, 0, FALSE, FALSE, FALSE, '2026-03-24 10:30:00'),
    ('ee00008a-0000-0000-0000-000000000000', 'cc00008a-0000-0000-0000-000000000000', 'aa000008-0000-0000-0000-000000000000', 57, 5, 4, TRUE, 7.2, 2.2, TRUE, 11.9, TRUE, 2.2, TRUE, 3, FALSE, TRUE, TRUE, '2026-01-06 10:30:00'),
    ('ee00008b-0000-0000-0000-000000000000', 'cc00008b-0000-0000-0000-000000000000', 'aa000008-0000-0000-0000-000000000000', 37, 2, 2, TRUE, 9.8, 0.9, TRUE, 7.1, TRUE, 1.8, TRUE, 2, FALSE, FALSE, FALSE, '2025-07-22 10:30:00'),
    ('ee00008c-0000-0000-0000-000000000000', 'cc00008c-0000-0000-0000-000000000000', 'aa000008-0000-0000-0000-000000000000', 32, 1, 0, FALSE, 0.0, 0.0, FALSE, 0.0, TRUE, 0.6, FALSE, 0, FALSE, FALSE, FALSE, '2026-03-15 10:30:00'),
    ('ee00008d-0000-0000-0000-000000000000', 'cc00008d-0000-0000-0000-000000000000', 'aa000001-0000-0000-0000-000000000000', 55, 4, 1, TRUE, 8.7, 1.9, TRUE, 14.2, TRUE, 6.2, TRUE, 3, FALSE, TRUE, TRUE, '2025-11-24 10:30:00'),
    ('ee00008e-0000-0000-0000-000000000000', 'cc00008e-0000-0000-0000-000000000000', 'aa000008-0000-0000-0000-000000000000', 25, 1, 1, FALSE, 0.0, 0.0, FALSE, 0.0, FALSE, 0.0, FALSE, 0, FALSE, FALSE, FALSE, '2025-05-30 10:30:00'),
    ('ee00008f-0000-0000-0000-000000000000', 'cc00008f-0000-0000-0000-000000000000', 'aa000001-0000-0000-0000-000000000000', 57, 4, 5, TRUE, 16.7, 1.4, FALSE, 0.0, TRUE, 3.3, TRUE, 2, FALSE, TRUE, TRUE, '2025-07-24 10:30:00'),
    ('ee000090-0000-0000-0000-000000000000', 'cc000090-0000-0000-0000-000000000000', 'aa000001-0000-0000-0000-000000000000', 47, 4, 2, TRUE, 5.4, 0.9, TRUE, 4.7, FALSE, 0.0, FALSE, 0, FALSE, FALSE, FALSE, '2026-01-02 10:30:00'),
    ('ee000091-0000-0000-0000-000000000000', 'cc000091-0000-0000-0000-000000000000', 'aa000002-0000-0000-0000-000000000000', 31, 2, 1, FALSE, 0.0, 0.0, TRUE, 2.1, FALSE, 0.0, FALSE, 0, FALSE, FALSE, FALSE, '2025-09-20 10:30:00'),
    ('ee000092-0000-0000-0000-000000000000', 'cc000092-0000-0000-0000-000000000000', 'aa000006-0000-0000-0000-000000000000', 34, 8, 3, TRUE, 7.8, 2.0, FALSE, 0.0, FALSE, 0.0, TRUE, 2, FALSE, TRUE, TRUE, '2025-07-20 10:30:00'),
    ('ee000093-0000-0000-0000-000000000000', 'cc000093-0000-0000-0000-000000000000', 'aa000007-0000-0000-0000-000000000000', 33, 1, 0, FALSE, 0.0, 0.0, FALSE, 0.0, FALSE, 0.0, FALSE, 0, FALSE, FALSE, FALSE, '2025-07-11 10:30:00'),
    ('ee000094-0000-0000-0000-000000000000', 'cc000094-0000-0000-0000-000000000000', 'aa000008-0000-0000-0000-000000000000', 35, 4, 1, FALSE, 0.0, 0.0, TRUE, 4.5, TRUE, 2.4, FALSE, 0, FALSE, FALSE, TRUE, '2026-02-15 10:30:00'),
    ('ee000095-0000-0000-0000-000000000000', 'cc000095-0000-0000-0000-000000000000', 'aa000006-0000-0000-0000-000000000000', 35, 4, 2, TRUE, 5.4, 1.4, TRUE, 4.9, TRUE, 2.8, FALSE, 0, FALSE, FALSE, FALSE, '2026-02-12 10:30:00'),
    ('ee000096-0000-0000-0000-000000000000', 'cc000096-0000-0000-0000-000000000000', 'aa000002-0000-0000-0000-000000000000', 31, 1, 1, FALSE, 0.0, 0.0, FALSE, 0.0, TRUE, 1.1, FALSE, 0, FALSE, FALSE, FALSE, '2025-12-23 10:30:00');

-- =============================================================================
-- DSS_RECOMMENDATION
-- =============================================================================
INSERT INTO DSS_Recommendation
    (recommendation_id, assessment_id, predicted_probability,
     recommendation_category, risk_level, model_version, created_at)
VALUES
    ('ff000001-0000-0000-0000-000000000000', 'ee000001-0000-0000-0000-000000000000', 0.25, 'routine recall', 'low', 'v1.0-hardcoded', '2026-03-02 10:31:00'),
    ('ff000002-0000-0000-0000-000000000000', 'ee000002-0000-0000-0000-000000000000', 0.58, 'expedited testing', 'medium', 'v1.0-hardcoded', '2025-08-06 10:31:00'),
    ('ff000003-0000-0000-0000-000000000000', 'ee000003-0000-0000-0000-000000000000', 0.73, 'referral', 'high', 'v1.0-hardcoded', '2025-09-21 10:31:00'),
    ('ff000004-0000-0000-0000-000000000000', 'ee000004-0000-0000-0000-000000000000', 0.22, 'routine recall', 'low', 'v1.0-hardcoded', '2025-08-12 10:31:00'),
    ('ff000005-0000-0000-0000-000000000000', 'ee000005-0000-0000-0000-000000000000', 0.54, 'expedited testing', 'medium', 'v1.0-hardcoded', '2026-02-17 10:31:00'),
    ('ff000006-0000-0000-0000-000000000000', 'ee000006-0000-0000-0000-000000000000', 0.52, 'expedited testing', 'medium', 'v1.0-hardcoded', '2025-09-03 10:31:00'),
    ('ff000007-0000-0000-0000-000000000000', 'ee000007-0000-0000-0000-000000000000', 0.75, 'referral', 'high', 'v1.0-hardcoded', '2025-09-06 10:31:00'),
    ('ff000008-0000-0000-0000-000000000000', 'ee000008-0000-0000-0000-000000000000', 0.75, 'referral', 'high', 'v1.0-hardcoded', '2025-06-18 10:31:00'),
    ('ff000009-0000-0000-0000-000000000000', 'ee000009-0000-0000-0000-000000000000', 0.47, 'expedited testing', 'medium', 'v1.0-hardcoded', '2025-05-20 10:31:00'),
    ('ff00000a-0000-0000-0000-000000000000', 'ee00000a-0000-0000-0000-000000000000', 0.23, 'routine recall', 'low', 'v1.0-hardcoded', '2025-05-06 10:31:00'),
    ('ff00000b-0000-0000-0000-000000000000', 'ee00000b-0000-0000-0000-000000000000', 0.49, 'expedited testing', 'medium', 'v1.0-hardcoded', '2025-04-07 10:31:00'),
    ('ff00000c-0000-0000-0000-000000000000', 'ee00000c-0000-0000-0000-000000000000', 0.41, 'expedited testing', 'medium', 'v1.0-hardcoded', '2025-05-03 10:31:00'),
    ('ff00000d-0000-0000-0000-000000000000', 'ee00000d-0000-0000-0000-000000000000', 0.19, 'routine recall', 'low', 'v1.0-hardcoded', '2025-07-19 10:31:00'),
    ('ff00000e-0000-0000-0000-000000000000', 'ee00000e-0000-0000-0000-000000000000', 0.42, 'expedited testing', 'medium', 'v1.0-hardcoded', '2025-08-20 10:31:00'),
    ('ff00000f-0000-0000-0000-000000000000', 'ee00000f-0000-0000-0000-000000000000', 0.37, 'expedited testing', 'medium', 'v1.0-hardcoded', '2025-11-03 10:31:00'),
    ('ff000010-0000-0000-0000-000000000000', 'ee000010-0000-0000-0000-000000000000', 0.41, 'expedited testing', 'medium', 'v1.0-hardcoded', '2026-03-11 10:31:00'),
    ('ff000011-0000-0000-0000-000000000000', 'ee000011-0000-0000-0000-000000000000', 0.64, 'expedited testing', 'medium', 'v1.0-hardcoded', '2025-03-26 10:31:00'),
    ('ff000012-0000-0000-0000-000000000000', 'ee000012-0000-0000-0000-000000000000', 0.27, 'routine recall', 'low', 'v1.0-hardcoded', '2025-11-11 10:31:00'),
    ('ff000013-0000-0000-0000-000000000000', 'ee000013-0000-0000-0000-000000000000', 0.2, 'routine recall', 'low', 'v1.0-hardcoded', '2025-12-24 10:31:00'),
    ('ff000014-0000-0000-0000-000000000000', 'ee000014-0000-0000-0000-000000000000', 0.23, 'routine recall', 'low', 'v1.0-hardcoded', '2025-11-30 10:31:00'),
    ('ff000015-0000-0000-0000-000000000000', 'ee000015-0000-0000-0000-000000000000', 0.37, 'expedited testing', 'medium', 'v1.0-hardcoded', '2025-03-24 10:31:00'),
    ('ff000016-0000-0000-0000-000000000000', 'ee000016-0000-0000-0000-000000000000', 0.19, 'routine recall', 'low', 'v1.0-hardcoded', '2025-09-18 10:31:00'),
    ('ff000017-0000-0000-0000-000000000000', 'ee000017-0000-0000-0000-000000000000', 0.45, 'expedited testing', 'medium', 'v1.0-hardcoded', '2025-11-12 10:31:00'),
    ('ff000018-0000-0000-0000-000000000000', 'ee000018-0000-0000-0000-000000000000', 0.36, 'expedited testing', 'medium', 'v1.0-hardcoded', '2026-03-14 10:31:00'),
    ('ff000019-0000-0000-0000-000000000000', 'ee000019-0000-0000-0000-000000000000', 0.69, 'referral', 'high', 'v1.0-hardcoded', '2025-12-24 10:31:00'),
    ('ff00001a-0000-0000-0000-000000000000', 'ee00001a-0000-0000-0000-000000000000', 0.56, 'expedited testing', 'medium', 'v1.0-hardcoded', '2025-06-06 10:31:00'),
    ('ff00001b-0000-0000-0000-000000000000', 'ee00001b-0000-0000-0000-000000000000', 0.27, 'routine recall', 'low', 'v1.0-hardcoded', '2025-11-21 10:31:00'),
    ('ff00001c-0000-0000-0000-000000000000', 'ee00001c-0000-0000-0000-000000000000', 0.62, 'expedited testing', 'medium', 'v1.0-hardcoded', '2025-11-28 10:31:00'),
    ('ff00001d-0000-0000-0000-000000000000', 'ee00001d-0000-0000-0000-000000000000', 0.5, 'expedited testing', 'medium', 'v1.0-hardcoded', '2026-03-30 10:31:00'),
    ('ff00001e-0000-0000-0000-000000000000', 'ee00001e-0000-0000-0000-000000000000', 0.15, 'routine recall', 'low', 'v1.0-hardcoded', '2025-08-24 10:31:00'),
    ('ff00001f-0000-0000-0000-000000000000', 'ee00001f-0000-0000-0000-000000000000', 0.18, 'routine recall', 'low', 'v1.0-hardcoded', '2026-03-18 10:31:00'),
    ('ff000020-0000-0000-0000-000000000000', 'ee000020-0000-0000-0000-000000000000', 0.21, 'routine recall', 'low', 'v1.0-hardcoded', '2025-03-26 10:31:00'),
    ('ff000021-0000-0000-0000-000000000000', 'ee000021-0000-0000-0000-000000000000', 0.22, 'routine recall', 'low', 'v1.0-hardcoded', '2025-03-03 10:31:00'),
    ('ff000022-0000-0000-0000-000000000000', 'ee000022-0000-0000-0000-000000000000', 0.25, 'routine recall', 'low', 'v1.0-hardcoded', '2025-08-12 10:31:00'),
    ('ff000023-0000-0000-0000-000000000000', 'ee000023-0000-0000-0000-000000000000', 0.18, 'routine recall', 'low', 'v1.0-hardcoded', '2025-03-19 10:31:00'),
    ('ff000024-0000-0000-0000-000000000000', 'ee000024-0000-0000-0000-000000000000', 0.82, 'referral', 'high', 'v1.0-hardcoded', '2025-08-19 10:31:00'),
    ('ff000025-0000-0000-0000-000000000000', 'ee000025-0000-0000-0000-000000000000', 0.87, 'referral', 'high', 'v1.0-hardcoded', '2025-05-29 10:31:00'),
    ('ff000026-0000-0000-0000-000000000000', 'ee000026-0000-0000-0000-000000000000', 0.74, 'referral', 'high', 'v1.0-hardcoded', '2025-08-02 10:31:00'),
    ('ff000027-0000-0000-0000-000000000000', 'ee000027-0000-0000-0000-000000000000', 0.82, 'referral', 'high', 'v1.0-hardcoded', '2025-10-31 10:31:00'),
    ('ff000028-0000-0000-0000-000000000000', 'ee000028-0000-0000-0000-000000000000', 0.18, 'routine recall', 'low', 'v1.0-hardcoded', '2025-12-06 10:31:00'),
    ('ff000029-0000-0000-0000-000000000000', 'ee000029-0000-0000-0000-000000000000', 0.77, 'referral', 'high', 'v1.0-hardcoded', '2025-11-17 10:31:00'),
    ('ff00002a-0000-0000-0000-000000000000', 'ee00002a-0000-0000-0000-000000000000', 0.23, 'routine recall', 'low', 'v1.0-hardcoded', '2025-12-03 10:31:00'),
    ('ff00002b-0000-0000-0000-000000000000', 'ee00002b-0000-0000-0000-000000000000', 0.21, 'routine recall', 'low', 'v1.0-hardcoded', '2025-09-08 10:31:00'),
    ('ff00002c-0000-0000-0000-000000000000', 'ee00002c-0000-0000-0000-000000000000', 0.05, 'routine recall', 'low', 'v1.0-hardcoded', '2025-05-08 10:31:00'),
    ('ff00002d-0000-0000-0000-000000000000', 'ee00002d-0000-0000-0000-000000000000', 0.34, 'expedited testing', 'medium', 'v1.0-hardcoded', '2025-07-31 10:31:00'),
    ('ff00002e-0000-0000-0000-000000000000', 'ee00002e-0000-0000-0000-000000000000', 0.5, 'expedited testing', 'medium', 'v1.0-hardcoded', '2026-01-09 10:31:00'),
    ('ff00002f-0000-0000-0000-000000000000', 'ee00002f-0000-0000-0000-000000000000', 0.5, 'expedited testing', 'medium', 'v1.0-hardcoded', '2025-05-11 10:31:00'),
    ('ff000030-0000-0000-0000-000000000000', 'ee000030-0000-0000-0000-000000000000', 0.27, 'routine recall', 'low', 'v1.0-hardcoded', '2026-03-12 10:31:00'),
    ('ff000031-0000-0000-0000-000000000000', 'ee000031-0000-0000-0000-000000000000', 0.14, 'routine recall', 'low', 'v1.0-hardcoded', '2025-11-24 10:31:00'),
    ('ff000032-0000-0000-0000-000000000000', 'ee000032-0000-0000-0000-000000000000', 0.18, 'routine recall', 'low', 'v1.0-hardcoded', '2025-10-29 10:31:00'),
    ('ff000033-0000-0000-0000-000000000000', 'ee000033-0000-0000-0000-000000000000', 0.07, 'routine recall', 'low', 'v1.0-hardcoded', '2025-12-11 10:31:00'),
    ('ff000034-0000-0000-0000-000000000000', 'ee000034-0000-0000-0000-000000000000', 0.73, 'referral', 'high', 'v1.0-hardcoded', '2025-09-06 10:31:00'),
    ('ff000035-0000-0000-0000-000000000000', 'ee000035-0000-0000-0000-000000000000', 0.43, 'expedited testing', 'medium', 'v1.0-hardcoded', '2026-03-15 10:31:00'),
    ('ff000036-0000-0000-0000-000000000000', 'ee000036-0000-0000-0000-000000000000', 0.4, 'expedited testing', 'medium', 'v1.0-hardcoded', '2025-11-18 10:31:00'),
    ('ff000037-0000-0000-0000-000000000000', 'ee000037-0000-0000-0000-000000000000', 0.54, 'expedited testing', 'medium', 'v1.0-hardcoded', '2025-03-09 10:31:00'),
    ('ff000038-0000-0000-0000-000000000000', 'ee000038-0000-0000-0000-000000000000', 0.09, 'routine recall', 'low', 'v1.0-hardcoded', '2026-03-26 10:31:00'),
    ('ff000039-0000-0000-0000-000000000000', 'ee000039-0000-0000-0000-000000000000', 0.49, 'expedited testing', 'medium', 'v1.0-hardcoded', '2025-11-06 10:31:00'),
    ('ff00003a-0000-0000-0000-000000000000', 'ee00003a-0000-0000-0000-000000000000', 0.17, 'routine recall', 'low', 'v1.0-hardcoded', '2025-03-31 10:31:00'),
    ('ff00003b-0000-0000-0000-000000000000', 'ee00003b-0000-0000-0000-000000000000', 0.79, 'referral', 'high', 'v1.0-hardcoded', '2025-11-30 10:31:00'),
    ('ff00003c-0000-0000-0000-000000000000', 'ee00003c-0000-0000-0000-000000000000', 0.14, 'routine recall', 'low', 'v1.0-hardcoded', '2026-02-20 10:31:00'),
    ('ff00003d-0000-0000-0000-000000000000', 'ee00003d-0000-0000-0000-000000000000', 0.27, 'routine recall', 'low', 'v1.0-hardcoded', '2025-03-29 10:31:00'),
    ('ff00003e-0000-0000-0000-000000000000', 'ee00003e-0000-0000-0000-000000000000', 0.86, 'referral', 'high', 'v1.0-hardcoded', '2025-11-26 10:31:00'),
    ('ff00003f-0000-0000-0000-000000000000', 'ee00003f-0000-0000-0000-000000000000', 0.56, 'expedited testing', 'medium', 'v1.0-hardcoded', '2025-04-09 10:31:00'),
    ('ff000040-0000-0000-0000-000000000000', 'ee000040-0000-0000-0000-000000000000', 0.19, 'routine recall', 'low', 'v1.0-hardcoded', '2025-03-28 10:31:00'),
    ('ff000041-0000-0000-0000-000000000000', 'ee000041-0000-0000-0000-000000000000', 0.7, 'referral', 'high', 'v1.0-hardcoded', '2025-09-20 10:31:00'),
    ('ff000042-0000-0000-0000-000000000000', 'ee000042-0000-0000-0000-000000000000', 0.36, 'expedited testing', 'medium', 'v1.0-hardcoded', '2025-09-11 10:31:00'),
    ('ff000043-0000-0000-0000-000000000000', 'ee000043-0000-0000-0000-000000000000', 0.72, 'referral', 'high', 'v1.0-hardcoded', '2025-10-16 10:31:00'),
    ('ff000044-0000-0000-0000-000000000000', 'ee000044-0000-0000-0000-000000000000', 0.08, 'routine recall', 'low', 'v1.0-hardcoded', '2025-05-26 10:31:00'),
    ('ff000045-0000-0000-0000-000000000000', 'ee000045-0000-0000-0000-000000000000', 0.78, 'referral', 'high', 'v1.0-hardcoded', '2025-10-09 10:31:00'),
    ('ff000046-0000-0000-0000-000000000000', 'ee000046-0000-0000-0000-000000000000', 0.45, 'expedited testing', 'medium', 'v1.0-hardcoded', '2025-09-11 10:31:00'),
    ('ff000047-0000-0000-0000-000000000000', 'ee000047-0000-0000-0000-000000000000', 0.5, 'expedited testing', 'medium', 'v1.0-hardcoded', '2025-07-28 10:31:00'),
    ('ff000048-0000-0000-0000-000000000000', 'ee000048-0000-0000-0000-000000000000', 0.86, 'referral', 'high', 'v1.0-hardcoded', '2026-02-26 10:31:00'),
    ('ff000049-0000-0000-0000-000000000000', 'ee000049-0000-0000-0000-000000000000', 0.23, 'routine recall', 'low', 'v1.0-hardcoded', '2025-04-07 10:31:00'),
    ('ff00004a-0000-0000-0000-000000000000', 'ee00004a-0000-0000-0000-000000000000', 0.74, 'referral', 'high', 'v1.0-hardcoded', '2026-02-23 10:31:00'),
    ('ff00004b-0000-0000-0000-000000000000', 'ee00004b-0000-0000-0000-000000000000', 0.46, 'expedited testing', 'medium', 'v1.0-hardcoded', '2025-12-11 10:31:00'),
    ('ff00004c-0000-0000-0000-000000000000', 'ee00004c-0000-0000-0000-000000000000', 0.23, 'routine recall', 'low', 'v1.0-hardcoded', '2025-04-29 10:31:00'),
    ('ff00004d-0000-0000-0000-000000000000', 'ee00004d-0000-0000-0000-000000000000', 0.59, 'expedited testing', 'medium', 'v1.0-hardcoded', '2025-11-03 10:31:00'),
    ('ff00004e-0000-0000-0000-000000000000', 'ee00004e-0000-0000-0000-000000000000', 0.73, 'referral', 'high', 'v1.0-hardcoded', '2026-02-10 10:31:00'),
    ('ff00004f-0000-0000-0000-000000000000', 'ee00004f-0000-0000-0000-000000000000', 0.06, 'routine recall', 'low', 'v1.0-hardcoded', '2025-10-06 10:31:00'),
    ('ff000050-0000-0000-0000-000000000000', 'ee000050-0000-0000-0000-000000000000', 0.08, 'routine recall', 'low', 'v1.0-hardcoded', '2025-11-30 10:31:00'),
    ('ff000051-0000-0000-0000-000000000000', 'ee000051-0000-0000-0000-000000000000', 0.76, 'referral', 'high', 'v1.0-hardcoded', '2025-11-26 10:31:00'),
    ('ff000052-0000-0000-0000-000000000000', 'ee000052-0000-0000-0000-000000000000', 0.76, 'referral', 'high', 'v1.0-hardcoded', '2025-08-04 10:31:00'),
    ('ff000053-0000-0000-0000-000000000000', 'ee000053-0000-0000-0000-000000000000', 0.14, 'routine recall', 'low', 'v1.0-hardcoded', '2026-01-12 10:31:00'),
    ('ff000054-0000-0000-0000-000000000000', 'ee000054-0000-0000-0000-000000000000', 0.16, 'routine recall', 'low', 'v1.0-hardcoded', '2025-11-14 10:31:00'),
    ('ff000055-0000-0000-0000-000000000000', 'ee000055-0000-0000-0000-000000000000', 0.37, 'expedited testing', 'medium', 'v1.0-hardcoded', '2025-12-15 10:31:00'),
    ('ff000056-0000-0000-0000-000000000000', 'ee000056-0000-0000-0000-000000000000', 0.41, 'expedited testing', 'medium', 'v1.0-hardcoded', '2025-07-16 10:31:00'),
    ('ff000057-0000-0000-0000-000000000000', 'ee000057-0000-0000-0000-000000000000', 0.44, 'expedited testing', 'medium', 'v1.0-hardcoded', '2025-10-11 10:31:00'),
    ('ff000058-0000-0000-0000-000000000000', 'ee000058-0000-0000-0000-000000000000', 0.27, 'routine recall', 'low', 'v1.0-hardcoded', '2025-12-31 10:31:00'),
    ('ff000059-0000-0000-0000-000000000000', 'ee000059-0000-0000-0000-000000000000', 0.41, 'expedited testing', 'medium', 'v1.0-hardcoded', '2026-02-11 10:31:00'),
    ('ff00005a-0000-0000-0000-000000000000', 'ee00005a-0000-0000-0000-000000000000', 0.62, 'expedited testing', 'medium', 'v1.0-hardcoded', '2025-11-06 10:31:00'),
    ('ff00005b-0000-0000-0000-000000000000', 'ee00005b-0000-0000-0000-000000000000', 0.21, 'routine recall', 'low', 'v1.0-hardcoded', '2025-10-19 10:31:00'),
    ('ff00005c-0000-0000-0000-000000000000', 'ee00005c-0000-0000-0000-000000000000', 0.88, 'referral', 'high', 'v1.0-hardcoded', '2025-11-29 10:31:00'),
    ('ff00005d-0000-0000-0000-000000000000', 'ee00005d-0000-0000-0000-000000000000', 0.53, 'expedited testing', 'medium', 'v1.0-hardcoded', '2025-03-09 10:31:00'),
    ('ff00005e-0000-0000-0000-000000000000', 'ee00005e-0000-0000-0000-000000000000', 0.15, 'routine recall', 'low', 'v1.0-hardcoded', '2025-04-12 10:31:00'),
    ('ff00005f-0000-0000-0000-000000000000', 'ee00005f-0000-0000-0000-000000000000', 0.37, 'expedited testing', 'medium', 'v1.0-hardcoded', '2026-02-24 10:31:00'),
    ('ff000060-0000-0000-0000-000000000000', 'ee000060-0000-0000-0000-000000000000', 0.86, 'referral', 'high', 'v1.0-hardcoded', '2025-06-26 10:31:00'),
    ('ff000061-0000-0000-0000-000000000000', 'ee000061-0000-0000-0000-000000000000', 0.36, 'expedited testing', 'medium', 'v1.0-hardcoded', '2025-09-27 10:31:00'),
    ('ff000062-0000-0000-0000-000000000000', 'ee000062-0000-0000-0000-000000000000', 0.48, 'expedited testing', 'medium', 'v1.0-hardcoded', '2026-01-02 10:31:00'),
    ('ff000063-0000-0000-0000-000000000000', 'ee000063-0000-0000-0000-000000000000', 0.68, 'referral', 'high', 'v1.0-hardcoded', '2025-04-06 10:31:00'),
    ('ff000064-0000-0000-0000-000000000000', 'ee000064-0000-0000-0000-000000000000', 0.21, 'routine recall', 'low', 'v1.0-hardcoded', '2025-03-21 10:31:00'),
    ('ff000065-0000-0000-0000-000000000000', 'ee000065-0000-0000-0000-000000000000', 0.57, 'expedited testing', 'medium', 'v1.0-hardcoded', '2026-01-22 10:31:00'),
    ('ff000066-0000-0000-0000-000000000000', 'ee000066-0000-0000-0000-000000000000', 0.81, 'referral', 'high', 'v1.0-hardcoded', '2025-08-06 10:31:00'),
    ('ff000067-0000-0000-0000-000000000000', 'ee000067-0000-0000-0000-000000000000', 0.15, 'routine recall', 'low', 'v1.0-hardcoded', '2025-05-25 10:31:00'),
    ('ff000068-0000-0000-0000-000000000000', 'ee000068-0000-0000-0000-000000000000', 0.25, 'routine recall', 'low', 'v1.0-hardcoded', '2025-04-02 10:31:00'),
    ('ff000069-0000-0000-0000-000000000000', 'ee000069-0000-0000-0000-000000000000', 0.62, 'expedited testing', 'medium', 'v1.0-hardcoded', '2025-09-05 10:31:00'),
    ('ff00006a-0000-0000-0000-000000000000', 'ee00006a-0000-0000-0000-000000000000', 0.4, 'expedited testing', 'medium', 'v1.0-hardcoded', '2025-03-19 10:31:00'),
    ('ff00006b-0000-0000-0000-000000000000', 'ee00006b-0000-0000-0000-000000000000', 0.52, 'expedited testing', 'medium', 'v1.0-hardcoded', '2025-03-24 10:31:00'),
    ('ff00006c-0000-0000-0000-000000000000', 'ee00006c-0000-0000-0000-000000000000', 0.53, 'expedited testing', 'medium', 'v1.0-hardcoded', '2025-09-05 10:31:00'),
    ('ff00006d-0000-0000-0000-000000000000', 'ee00006d-0000-0000-0000-000000000000', 0.08, 'routine recall', 'low', 'v1.0-hardcoded', '2025-04-23 10:31:00'),
    ('ff00006e-0000-0000-0000-000000000000', 'ee00006e-0000-0000-0000-000000000000', 0.51, 'expedited testing', 'medium', 'v1.0-hardcoded', '2025-04-17 10:31:00'),
    ('ff00006f-0000-0000-0000-000000000000', 'ee00006f-0000-0000-0000-000000000000', 0.36, 'expedited testing', 'medium', 'v1.0-hardcoded', '2025-10-09 10:31:00'),
    ('ff000070-0000-0000-0000-000000000000', 'ee000070-0000-0000-0000-000000000000', 0.37, 'expedited testing', 'medium', 'v1.0-hardcoded', '2025-05-24 10:31:00'),
    ('ff000071-0000-0000-0000-000000000000', 'ee000071-0000-0000-0000-000000000000', 0.13, 'routine recall', 'low', 'v1.0-hardcoded', '2026-02-15 10:31:00'),
    ('ff000072-0000-0000-0000-000000000000', 'ee000072-0000-0000-0000-000000000000', 0.58, 'expedited testing', 'medium', 'v1.0-hardcoded', '2025-03-26 10:31:00'),
    ('ff000073-0000-0000-0000-000000000000', 'ee000073-0000-0000-0000-000000000000', 0.61, 'expedited testing', 'medium', 'v1.0-hardcoded', '2025-03-07 10:31:00'),
    ('ff000074-0000-0000-0000-000000000000', 'ee000074-0000-0000-0000-000000000000', 0.34, 'expedited testing', 'medium', 'v1.0-hardcoded', '2025-05-05 10:31:00'),
    ('ff000075-0000-0000-0000-000000000000', 'ee000075-0000-0000-0000-000000000000', 0.71, 'referral', 'high', 'v1.0-hardcoded', '2025-05-28 10:31:00'),
    ('ff000076-0000-0000-0000-000000000000', 'ee000076-0000-0000-0000-000000000000', 0.16, 'routine recall', 'low', 'v1.0-hardcoded', '2026-01-24 10:31:00'),
    ('ff000077-0000-0000-0000-000000000000', 'ee000077-0000-0000-0000-000000000000', 0.49, 'expedited testing', 'medium', 'v1.0-hardcoded', '2025-11-13 10:31:00'),
    ('ff000078-0000-0000-0000-000000000000', 'ee000078-0000-0000-0000-000000000000', 0.89, 'referral', 'high', 'v1.0-hardcoded', '2025-06-28 10:31:00'),
    ('ff000079-0000-0000-0000-000000000000', 'ee000079-0000-0000-0000-000000000000', 0.69, 'referral', 'high', 'v1.0-hardcoded', '2025-06-30 10:31:00'),
    ('ff00007a-0000-0000-0000-000000000000', 'ee00007a-0000-0000-0000-000000000000', 0.13, 'routine recall', 'low', 'v1.0-hardcoded', '2025-06-21 10:31:00'),
    ('ff00007b-0000-0000-0000-000000000000', 'ee00007b-0000-0000-0000-000000000000', 0.27, 'routine recall', 'low', 'v1.0-hardcoded', '2025-08-13 10:31:00'),
    ('ff00007c-0000-0000-0000-000000000000', 'ee00007c-0000-0000-0000-000000000000', 0.72, 'referral', 'high', 'v1.0-hardcoded', '2026-02-24 10:31:00'),
    ('ff00007d-0000-0000-0000-000000000000', 'ee00007d-0000-0000-0000-000000000000', 0.4, 'expedited testing', 'medium', 'v1.0-hardcoded', '2026-03-11 10:31:00'),
    ('ff00007e-0000-0000-0000-000000000000', 'ee00007e-0000-0000-0000-000000000000', 0.6, 'expedited testing', 'medium', 'v1.0-hardcoded', '2025-04-23 10:31:00'),
    ('ff00007f-0000-0000-0000-000000000000', 'ee00007f-0000-0000-0000-000000000000', 0.46, 'expedited testing', 'medium', 'v1.0-hardcoded', '2025-03-06 10:31:00'),
    ('ff000080-0000-0000-0000-000000000000', 'ee000080-0000-0000-0000-000000000000', 0.45, 'expedited testing', 'medium', 'v1.0-hardcoded', '2025-08-27 10:31:00'),
    ('ff000081-0000-0000-0000-000000000000', 'ee000081-0000-0000-0000-000000000000', 0.75, 'referral', 'high', 'v1.0-hardcoded', '2025-12-06 10:31:00'),
    ('ff000082-0000-0000-0000-000000000000', 'ee000082-0000-0000-0000-000000000000', 0.07, 'routine recall', 'low', 'v1.0-hardcoded', '2025-03-26 10:31:00'),
    ('ff000083-0000-0000-0000-000000000000', 'ee000083-0000-0000-0000-000000000000', 0.73, 'referral', 'high', 'v1.0-hardcoded', '2025-11-01 10:31:00'),
    ('ff000084-0000-0000-0000-000000000000', 'ee000084-0000-0000-0000-000000000000', 0.56, 'expedited testing', 'medium', 'v1.0-hardcoded', '2025-09-06 10:31:00'),
    ('ff000085-0000-0000-0000-000000000000', 'ee000085-0000-0000-0000-000000000000', 0.86, 'referral', 'high', 'v1.0-hardcoded', '2025-04-13 10:31:00'),
    ('ff000086-0000-0000-0000-000000000000', 'ee000086-0000-0000-0000-000000000000', 0.24, 'routine recall', 'low', 'v1.0-hardcoded', '2025-12-18 10:31:00'),
    ('ff000087-0000-0000-0000-000000000000', 'ee000087-0000-0000-0000-000000000000', 0.5, 'expedited testing', 'medium', 'v1.0-hardcoded', '2025-03-22 10:31:00'),
    ('ff000088-0000-0000-0000-000000000000', 'ee000088-0000-0000-0000-000000000000', 0.18, 'routine recall', 'low', 'v1.0-hardcoded', '2025-11-22 10:31:00'),
    ('ff000089-0000-0000-0000-000000000000', 'ee000089-0000-0000-0000-000000000000', 0.2, 'routine recall', 'low', 'v1.0-hardcoded', '2026-03-24 10:31:00'),
    ('ff00008a-0000-0000-0000-000000000000', 'ee00008a-0000-0000-0000-000000000000', 0.88, 'referral', 'high', 'v1.0-hardcoded', '2026-01-06 10:31:00'),
    ('ff00008b-0000-0000-0000-000000000000', 'ee00008b-0000-0000-0000-000000000000', 0.47, 'expedited testing', 'medium', 'v1.0-hardcoded', '2025-07-22 10:31:00'),
    ('ff00008c-0000-0000-0000-000000000000', 'ee00008c-0000-0000-0000-000000000000', 0.17, 'routine recall', 'low', 'v1.0-hardcoded', '2026-03-15 10:31:00'),
    ('ff00008d-0000-0000-0000-000000000000', 'ee00008d-0000-0000-0000-000000000000', 0.8, 'referral', 'high', 'v1.0-hardcoded', '2025-11-24 10:31:00'),
    ('ff00008e-0000-0000-0000-000000000000', 'ee00008e-0000-0000-0000-000000000000', 0.22, 'routine recall', 'low', 'v1.0-hardcoded', '2025-05-30 10:31:00'),
    ('ff00008f-0000-0000-0000-000000000000', 'ee00008f-0000-0000-0000-000000000000', 0.71, 'referral', 'high', 'v1.0-hardcoded', '2025-07-24 10:31:00'),
    ('ff000090-0000-0000-0000-000000000000', 'ee000090-0000-0000-0000-000000000000', 0.54, 'expedited testing', 'medium', 'v1.0-hardcoded', '2026-01-02 10:31:00'),
    ('ff000091-0000-0000-0000-000000000000', 'ee000091-0000-0000-0000-000000000000', 0.16, 'routine recall', 'low', 'v1.0-hardcoded', '2025-09-20 10:31:00'),
    ('ff000092-0000-0000-0000-000000000000', 'ee000092-0000-0000-0000-000000000000', 0.84, 'referral', 'high', 'v1.0-hardcoded', '2025-07-20 10:31:00'),
    ('ff000093-0000-0000-0000-000000000000', 'ee000093-0000-0000-0000-000000000000', 0.13, 'routine recall', 'low', 'v1.0-hardcoded', '2025-07-11 10:31:00'),
    ('ff000094-0000-0000-0000-000000000000', 'ee000094-0000-0000-0000-000000000000', 0.57, 'expedited testing', 'medium', 'v1.0-hardcoded', '2026-02-15 10:31:00'),
    ('ff000095-0000-0000-0000-000000000000', 'ee000095-0000-0000-0000-000000000000', 0.35, 'expedited testing', 'medium', 'v1.0-hardcoded', '2026-02-12 10:31:00'),
    ('ff000096-0000-0000-0000-000000000000', 'ee000096-0000-0000-0000-000000000000', 0.15, 'routine recall', 'low', 'v1.0-hardcoded', '2025-12-23 10:31:00');

-- =============================================================================
-- RISK_DRIVER
-- =============================================================================
INSERT INTO Risk_Driver
    (driver_id, recommendation_id, factor_code, feature_value, importance_score, rank)
VALUES
    ('a1000001-0000-0000-0000-000000000000', 'ff000001-0000-0000-0000-000000000000', 'age_at_assessment', 32, 0.178, 1),
    ('a1000002-0000-0000-0000-000000000000', 'ff000001-0000-0000-0000-000000000000', 'num_sexual_partners', 1, 0.075, 2),
    ('a1000003-0000-0000-0000-000000000000', 'ff000001-0000-0000-0000-000000000000', 'num_pregnancies', 0, 0.084, 3),
    ('a1000004-0000-0000-0000-000000000000', 'ff000002-0000-0000-0000-000000000000', 'hc_years', 7.3, 0.224, 1),
    ('a1000005-0000-0000-0000-000000000000', 'ff000002-0000-0000-0000-000000000000', 'num_sexual_partners', 3, 0.173, 2),
    ('a1000006-0000-0000-0000-000000000000', 'ff000002-0000-0000-0000-000000000000', 'age_at_assessment', 49, 0.164, 3),
    ('a1000007-0000-0000-0000-000000000000', 'ff000002-0000-0000-0000-000000000000', 'smokes_packs_year', 0.0, 0.114, 4),
    ('a1000008-0000-0000-0000-000000000000', 'ff000002-0000-0000-0000-000000000000', 'num_pregnancies', 2, 0.061, 5),
    ('a1000009-0000-0000-0000-000000000000', 'ff000003-0000-0000-0000-000000000000', 'dx_hpv', 1.0, 0.307, 1),
    ('a100000a-0000-0000-0000-000000000000', 'ff000003-0000-0000-0000-000000000000', 'std_count', 3, 0.236, 2),
    ('a100000b-0000-0000-0000-000000000000', 'ff000003-0000-0000-0000-000000000000', 'smokes_packs_year', 1.7, 0.176, 3),
    ('a100000c-0000-0000-0000-000000000000', 'ff000003-0000-0000-0000-000000000000', 'age_at_assessment', 62, 0.119, 4),
    ('a100000d-0000-0000-0000-000000000000', 'ff000003-0000-0000-0000-000000000000', 'num_sexual_partners', 4, 0.065, 5),
    ('a100000e-0000-0000-0000-000000000000', 'ff000004-0000-0000-0000-000000000000', 'age_at_assessment', 21, 0.182, 1),
    ('a100000f-0000-0000-0000-000000000000', 'ff000004-0000-0000-0000-000000000000', 'num_sexual_partners', 2, 0.102, 2),
    ('a1000010-0000-0000-0000-000000000000', 'ff000004-0000-0000-0000-000000000000', 'num_pregnancies', 1, 0.093, 3),
    ('a1000011-0000-0000-0000-000000000000', 'ff000005-0000-0000-0000-000000000000', 'hc_years', 4.4, 0.24, 1),
    ('a1000012-0000-0000-0000-000000000000', 'ff000005-0000-0000-0000-000000000000', 'num_sexual_partners', 4, 0.203, 2),
    ('a1000013-0000-0000-0000-000000000000', 'ff000005-0000-0000-0000-000000000000', 'age_at_assessment', 35, 0.152, 3),
    ('a1000014-0000-0000-0000-000000000000', 'ff000005-0000-0000-0000-000000000000', 'smokes_packs_year', 0.0, 0.076, 4),
    ('a1000015-0000-0000-0000-000000000000', 'ff000005-0000-0000-0000-000000000000', 'num_pregnancies', 2, 0.055, 5),
    ('a1000016-0000-0000-0000-000000000000', 'ff000006-0000-0000-0000-000000000000', 'hc_years', 4.8, 0.232, 1),
    ('a1000017-0000-0000-0000-000000000000', 'ff000006-0000-0000-0000-000000000000', 'num_sexual_partners', 2, 0.176, 2),
    ('a1000018-0000-0000-0000-000000000000', 'ff000006-0000-0000-0000-000000000000', 'age_at_assessment', 35, 0.169, 3),
    ('a1000019-0000-0000-0000-000000000000', 'ff000006-0000-0000-0000-000000000000', 'smokes_packs_year', 1.3, 0.091, 4),
    ('a100001a-0000-0000-0000-000000000000', 'ff000006-0000-0000-0000-000000000000', 'num_pregnancies', 1, 0.06, 5),
    ('a100001b-0000-0000-0000-000000000000', 'ff000007-0000-0000-0000-000000000000', 'dx_cin', 1.0, 0.38, 1),
    ('a100001c-0000-0000-0000-000000000000', 'ff000007-0000-0000-0000-000000000000', 'dx_hpv', 1.0, 0.27, 2),
    ('a100001d-0000-0000-0000-000000000000', 'ff000007-0000-0000-0000-000000000000', 'num_sexual_partners', 7, 0.118, 3),
    ('a100001e-0000-0000-0000-000000000000', 'ff000007-0000-0000-0000-000000000000', 'hc_years', 0.0, 0.077, 4),
    ('a100001f-0000-0000-0000-000000000000', 'ff000007-0000-0000-0000-000000000000', 'smokes_packs_year', 1.8, 0.102, 5),
    ('a1000020-0000-0000-0000-000000000000', 'ff000008-0000-0000-0000-000000000000', 'dx_cin', 1.0, 0.378, 1),
    ('a1000021-0000-0000-0000-000000000000', 'ff000008-0000-0000-0000-000000000000', 'dx_hpv', 1.0, 0.281, 2),
    ('a1000022-0000-0000-0000-000000000000', 'ff000008-0000-0000-0000-000000000000', 'num_sexual_partners', 3, 0.141, 3),
    ('a1000023-0000-0000-0000-000000000000', 'ff000008-0000-0000-0000-000000000000', 'hc_years', 0.0, 0.097, 4),
    ('a1000024-0000-0000-0000-000000000000', 'ff000008-0000-0000-0000-000000000000', 'smokes_packs_year', 1.9, 0.089, 5),
    ('a1000025-0000-0000-0000-000000000000', 'ff000009-0000-0000-0000-000000000000', 'hc_years', 4.2, 0.202, 1),
    ('a1000026-0000-0000-0000-000000000000', 'ff000009-0000-0000-0000-000000000000', 'num_sexual_partners', 2, 0.215, 2),
    ('a1000027-0000-0000-0000-000000000000', 'ff000009-0000-0000-0000-000000000000', 'age_at_assessment', 49, 0.15, 3),
    ('a1000028-0000-0000-0000-000000000000', 'ff000009-0000-0000-0000-000000000000', 'smokes_packs_year', 0.0, 0.113, 4),
    ('a1000029-0000-0000-0000-000000000000', 'ff000009-0000-0000-0000-000000000000', 'num_pregnancies', 1, 0.063, 5),
    ('a100002a-0000-0000-0000-000000000000', 'ff00000a-0000-0000-0000-000000000000', 'age_at_assessment', 30, 0.2, 1),
    ('a100002b-0000-0000-0000-000000000000', 'ff00000a-0000-0000-0000-000000000000', 'num_sexual_partners', 2, 0.106, 2),
    ('a100002c-0000-0000-0000-000000000000', 'ff00000a-0000-0000-0000-000000000000', 'num_pregnancies', 1, 0.046, 3),
    ('a100002d-0000-0000-0000-000000000000', 'ff00000b-0000-0000-0000-000000000000', 'hc_years', 3.6, 0.206, 1),
    ('a100002e-0000-0000-0000-000000000000', 'ff00000b-0000-0000-0000-000000000000', 'num_sexual_partners', 3, 0.214, 2),
    ('a100002f-0000-0000-0000-000000000000', 'ff00000b-0000-0000-0000-000000000000', 'age_at_assessment', 42, 0.136, 3),
    ('a1000030-0000-0000-0000-000000000000', 'ff00000b-0000-0000-0000-000000000000', 'smokes_packs_year', 0.0, 0.076, 4),
    ('a1000031-0000-0000-0000-000000000000', 'ff00000b-0000-0000-0000-000000000000', 'num_pregnancies', 2, 0.08, 5),
    ('a1000032-0000-0000-0000-000000000000', 'ff00000c-0000-0000-0000-000000000000', 'hc_years', 4.7, 0.201, 1),
    ('a1000033-0000-0000-0000-000000000000', 'ff00000c-0000-0000-0000-000000000000', 'num_sexual_partners', 4, 0.201, 2),
    ('a1000034-0000-0000-0000-000000000000', 'ff00000c-0000-0000-0000-000000000000', 'age_at_assessment', 40, 0.165, 3),
    ('a1000035-0000-0000-0000-000000000000', 'ff00000c-0000-0000-0000-000000000000', 'smokes_packs_year', 0.0, 0.094, 4),
    ('a1000036-0000-0000-0000-000000000000', 'ff00000c-0000-0000-0000-000000000000', 'num_pregnancies', 1, 0.087, 5),
    ('a1000037-0000-0000-0000-000000000000', 'ff00000d-0000-0000-0000-000000000000', 'age_at_assessment', 22, 0.194, 1),
    ('a1000038-0000-0000-0000-000000000000', 'ff00000d-0000-0000-0000-000000000000', 'num_sexual_partners', 1, 0.096, 2),
    ('a1000039-0000-0000-0000-000000000000', 'ff00000d-0000-0000-0000-000000000000', 'num_pregnancies', 0, 0.075, 3),
    ('a100003a-0000-0000-0000-000000000000', 'ff00000e-0000-0000-0000-000000000000', 'hc_years', 6.2, 0.197, 1),
    ('a100003b-0000-0000-0000-000000000000', 'ff00000e-0000-0000-0000-000000000000', 'num_sexual_partners', 4, 0.17, 2),
    ('a100003c-0000-0000-0000-000000000000', 'ff00000e-0000-0000-0000-000000000000', 'age_at_assessment', 31, 0.167, 3),
    ('a100003d-0000-0000-0000-000000000000', 'ff00000e-0000-0000-0000-000000000000', 'smokes_packs_year', 0.9, 0.077, 4),
    ('a100003e-0000-0000-0000-000000000000', 'ff00000e-0000-0000-0000-000000000000', 'num_pregnancies', 1, 0.061, 5),
    ('a100003f-0000-0000-0000-000000000000', 'ff00000f-0000-0000-0000-000000000000', 'hc_years', 3.8, 0.217, 1),
    ('a1000040-0000-0000-0000-000000000000', 'ff00000f-0000-0000-0000-000000000000', 'num_sexual_partners', 4, 0.171, 2),
    ('a1000041-0000-0000-0000-000000000000', 'ff00000f-0000-0000-0000-000000000000', 'age_at_assessment', 30, 0.138, 3),
    ('a1000042-0000-0000-0000-000000000000', 'ff00000f-0000-0000-0000-000000000000', 'smokes_packs_year', 0.0, 0.11, 4),
    ('a1000043-0000-0000-0000-000000000000', 'ff00000f-0000-0000-0000-000000000000', 'num_pregnancies', 1, 0.065, 5),
    ('a1000044-0000-0000-0000-000000000000', 'ff000010-0000-0000-0000-000000000000', 'hc_years', 4.6, 0.229, 1),
    ('a1000045-0000-0000-0000-000000000000', 'ff000010-0000-0000-0000-000000000000', 'num_sexual_partners', 4, 0.165, 2),
    ('a1000046-0000-0000-0000-000000000000', 'ff000010-0000-0000-0000-000000000000', 'age_at_assessment', 31, 0.146, 3),
    ('a1000047-0000-0000-0000-000000000000', 'ff000010-0000-0000-0000-000000000000', 'smokes_packs_year', 0.0, 0.08, 4),
    ('a1000048-0000-0000-0000-000000000000', 'ff000010-0000-0000-0000-000000000000', 'num_pregnancies', 1, 0.081, 5),
    ('a1000049-0000-0000-0000-000000000000', 'ff000011-0000-0000-0000-000000000000', 'hc_years', 7.1, 0.226, 1),
    ('a100004a-0000-0000-0000-000000000000', 'ff000011-0000-0000-0000-000000000000', 'num_sexual_partners', 2, 0.2, 2),
    ('a100004b-0000-0000-0000-000000000000', 'ff000011-0000-0000-0000-000000000000', 'age_at_assessment', 29, 0.146, 3),
    ('a100004c-0000-0000-0000-000000000000', 'ff000011-0000-0000-0000-000000000000', 'smokes_packs_year', 0.0, 0.12, 4),
    ('a100004d-0000-0000-0000-000000000000', 'ff000011-0000-0000-0000-000000000000', 'num_pregnancies', 1, 0.081, 5),
    ('a100004e-0000-0000-0000-000000000000', 'ff000012-0000-0000-0000-000000000000', 'age_at_assessment', 24, 0.186, 1),
    ('a100004f-0000-0000-0000-000000000000', 'ff000012-0000-0000-0000-000000000000', 'num_sexual_partners', 1, 0.079, 2),
    ('a1000050-0000-0000-0000-000000000000', 'ff000012-0000-0000-0000-000000000000', 'num_pregnancies', 1, 0.084, 3),
    ('a1000051-0000-0000-0000-000000000000', 'ff000013-0000-0000-0000-000000000000', 'age_at_assessment', 22, 0.18, 1),
    ('a1000052-0000-0000-0000-000000000000', 'ff000013-0000-0000-0000-000000000000', 'num_sexual_partners', 2, 0.095, 2),
    ('a1000053-0000-0000-0000-000000000000', 'ff000013-0000-0000-0000-000000000000', 'num_pregnancies', 1, 0.084, 3),
    ('a1000054-0000-0000-0000-000000000000', 'ff000014-0000-0000-0000-000000000000', 'age_at_assessment', 34, 0.197, 1),
    ('a1000055-0000-0000-0000-000000000000', 'ff000014-0000-0000-0000-000000000000', 'num_sexual_partners', 1, 0.114, 2),
    ('a1000056-0000-0000-0000-000000000000', 'ff000014-0000-0000-0000-000000000000', 'num_pregnancies', 1, 0.063, 3),
    ('a1000057-0000-0000-0000-000000000000', 'ff000015-0000-0000-0000-000000000000', 'hc_years', 6.8, 0.215, 1),
    ('a1000058-0000-0000-0000-000000000000', 'ff000015-0000-0000-0000-000000000000', 'num_sexual_partners', 3, 0.173, 2),
    ('a1000059-0000-0000-0000-000000000000', 'ff000015-0000-0000-0000-000000000000', 'age_at_assessment', 36, 0.152, 3),
    ('a100005a-0000-0000-0000-000000000000', 'ff000015-0000-0000-0000-000000000000', 'smokes_packs_year', 1.0, 0.121, 4),
    ('a100005b-0000-0000-0000-000000000000', 'ff000015-0000-0000-0000-000000000000', 'num_pregnancies', 2, 0.089, 5),
    ('a100005c-0000-0000-0000-000000000000', 'ff000016-0000-0000-0000-000000000000', 'age_at_assessment', 21, 0.179, 1),
    ('a100005d-0000-0000-0000-000000000000', 'ff000016-0000-0000-0000-000000000000', 'num_sexual_partners', 1, 0.077, 2),
    ('a100005e-0000-0000-0000-000000000000', 'ff000016-0000-0000-0000-000000000000', 'num_pregnancies', 0, 0.046, 3),
    ('a100005f-0000-0000-0000-000000000000', 'ff000017-0000-0000-0000-000000000000', 'hc_years', 3.7, 0.199, 1),
    ('a1000060-0000-0000-0000-000000000000', 'ff000017-0000-0000-0000-000000000000', 'num_sexual_partners', 3, 0.171, 2),
    ('a1000061-0000-0000-0000-000000000000', 'ff000017-0000-0000-0000-000000000000', 'age_at_assessment', 35, 0.154, 3),
    ('a1000062-0000-0000-0000-000000000000', 'ff000017-0000-0000-0000-000000000000', 'smokes_packs_year', 1.4, 0.1, 4),
    ('a1000063-0000-0000-0000-000000000000', 'ff000017-0000-0000-0000-000000000000', 'num_pregnancies', 2, 0.102, 5),
    ('a1000064-0000-0000-0000-000000000000', 'ff000018-0000-0000-0000-000000000000', 'hc_years', 5.4, 0.234, 1),
    ('a1000065-0000-0000-0000-000000000000', 'ff000018-0000-0000-0000-000000000000', 'num_sexual_partners', 4, 0.169, 2),
    ('a1000066-0000-0000-0000-000000000000', 'ff000018-0000-0000-0000-000000000000', 'age_at_assessment', 50, 0.161, 3),
    ('a1000067-0000-0000-0000-000000000000', 'ff000018-0000-0000-0000-000000000000', 'smokes_packs_year', 0.0, 0.12, 4),
    ('a1000068-0000-0000-0000-000000000000', 'ff000018-0000-0000-0000-000000000000', 'num_pregnancies', 2, 0.087, 5),
    ('a1000069-0000-0000-0000-000000000000', 'ff000019-0000-0000-0000-000000000000', 'dx_hpv', 1.0, 0.308, 1),
    ('a100006a-0000-0000-0000-000000000000', 'ff000019-0000-0000-0000-000000000000', 'std_count', 2, 0.264, 2),
    ('a100006b-0000-0000-0000-000000000000', 'ff000019-0000-0000-0000-000000000000', 'smokes_packs_year', 2.4, 0.168, 3),
    ('a100006c-0000-0000-0000-000000000000', 'ff000019-0000-0000-0000-000000000000', 'age_at_assessment', 30, 0.098, 4),
    ('a100006d-0000-0000-0000-000000000000', 'ff000019-0000-0000-0000-000000000000', 'num_sexual_partners', 5, 0.106, 5),
    ('a100006e-0000-0000-0000-000000000000', 'ff00001a-0000-0000-0000-000000000000', 'hc_years', 5.1, 0.239, 1),
    ('a100006f-0000-0000-0000-000000000000', 'ff00001a-0000-0000-0000-000000000000', 'num_sexual_partners', 3, 0.208, 2),
    ('a1000070-0000-0000-0000-000000000000', 'ff00001a-0000-0000-0000-000000000000', 'age_at_assessment', 29, 0.143, 3),
    ('a1000071-0000-0000-0000-000000000000', 'ff00001a-0000-0000-0000-000000000000', 'smokes_packs_year', 0.0, 0.109, 4),
    ('a1000072-0000-0000-0000-000000000000', 'ff00001a-0000-0000-0000-000000000000', 'num_pregnancies', 1, 0.076, 5),
    ('a1000073-0000-0000-0000-000000000000', 'ff00001b-0000-0000-0000-000000000000', 'age_at_assessment', 24, 0.161, 1),
    ('a1000074-0000-0000-0000-000000000000', 'ff00001b-0000-0000-0000-000000000000', 'num_sexual_partners', 2, 0.108, 2),
    ('a1000075-0000-0000-0000-000000000000', 'ff00001b-0000-0000-0000-000000000000', 'num_pregnancies', 1, 0.09, 3),
    ('a1000076-0000-0000-0000-000000000000', 'ff00001c-0000-0000-0000-000000000000', 'hc_years', 4.0, 0.195, 1),
    ('a1000077-0000-0000-0000-000000000000', 'ff00001c-0000-0000-0000-000000000000', 'num_sexual_partners', 4, 0.172, 2),
    ('a1000078-0000-0000-0000-000000000000', 'ff00001c-0000-0000-0000-000000000000', 'age_at_assessment', 50, 0.157, 3),
    ('a1000079-0000-0000-0000-000000000000', 'ff00001c-0000-0000-0000-000000000000', 'smokes_packs_year', 0.0, 0.091, 4),
    ('a100007a-0000-0000-0000-000000000000', 'ff00001c-0000-0000-0000-000000000000', 'num_pregnancies', 2, 0.1, 5),
    ('a100007b-0000-0000-0000-000000000000', 'ff00001d-0000-0000-0000-000000000000', 'hc_years', 7.0, 0.243, 1),
    ('a100007c-0000-0000-0000-000000000000', 'ff00001d-0000-0000-0000-000000000000', 'num_sexual_partners', 3, 0.178, 2),
    ('a100007d-0000-0000-0000-000000000000', 'ff00001d-0000-0000-0000-000000000000', 'age_at_assessment', 29, 0.162, 3),
    ('a100007e-0000-0000-0000-000000000000', 'ff00001d-0000-0000-0000-000000000000', 'smokes_packs_year', 1.4, 0.094, 4),
    ('a100007f-0000-0000-0000-000000000000', 'ff00001d-0000-0000-0000-000000000000', 'num_pregnancies', 2, 0.072, 5),
    ('a1000080-0000-0000-0000-000000000000', 'ff00001e-0000-0000-0000-000000000000', 'age_at_assessment', 22, 0.161, 1),
    ('a1000081-0000-0000-0000-000000000000', 'ff00001e-0000-0000-0000-000000000000', 'num_sexual_partners', 2, 0.085, 2),
    ('a1000082-0000-0000-0000-000000000000', 'ff00001e-0000-0000-0000-000000000000', 'num_pregnancies', 0, 0.068, 3),
    ('a1000083-0000-0000-0000-000000000000', 'ff00001f-0000-0000-0000-000000000000', 'age_at_assessment', 21, 0.197, 1),
    ('a1000084-0000-0000-0000-000000000000', 'ff00001f-0000-0000-0000-000000000000', 'num_sexual_partners', 2, 0.099, 2),
    ('a1000085-0000-0000-0000-000000000000', 'ff00001f-0000-0000-0000-000000000000', 'num_pregnancies', 1, 0.069, 3),
    ('a1000086-0000-0000-0000-000000000000', 'ff000020-0000-0000-0000-000000000000', 'age_at_assessment', 24, 0.176, 1),
    ('a1000087-0000-0000-0000-000000000000', 'ff000020-0000-0000-0000-000000000000', 'num_sexual_partners', 1, 0.109, 2),
    ('a1000088-0000-0000-0000-000000000000', 'ff000020-0000-0000-0000-000000000000', 'num_pregnancies', 1, 0.053, 3),
    ('a1000089-0000-0000-0000-000000000000', 'ff000021-0000-0000-0000-000000000000', 'age_at_assessment', 33, 0.162, 1),
    ('a100008a-0000-0000-0000-000000000000', 'ff000021-0000-0000-0000-000000000000', 'num_sexual_partners', 2, 0.101, 2),
    ('a100008b-0000-0000-0000-000000000000', 'ff000021-0000-0000-0000-000000000000', 'num_pregnancies', 0, 0.094, 3),
    ('a100008c-0000-0000-0000-000000000000', 'ff000022-0000-0000-0000-000000000000', 'age_at_assessment', 27, 0.197, 1),
    ('a100008d-0000-0000-0000-000000000000', 'ff000022-0000-0000-0000-000000000000', 'num_sexual_partners', 1, 0.07, 2),
    ('a100008e-0000-0000-0000-000000000000', 'ff000022-0000-0000-0000-000000000000', 'num_pregnancies', 0, 0.091, 3),
    ('a100008f-0000-0000-0000-000000000000', 'ff000023-0000-0000-0000-000000000000', 'age_at_assessment', 21, 0.179, 1),
    ('a1000090-0000-0000-0000-000000000000', 'ff000023-0000-0000-0000-000000000000', 'num_sexual_partners', 2, 0.093, 2),
    ('a1000091-0000-0000-0000-000000000000', 'ff000023-0000-0000-0000-000000000000', 'num_pregnancies', 0, 0.067, 3),
    ('a1000092-0000-0000-0000-000000000000', 'ff000024-0000-0000-0000-000000000000', 'dx_cin', 1.0, 0.386, 1),
    ('a1000093-0000-0000-0000-000000000000', 'ff000024-0000-0000-0000-000000000000', 'dx_hpv', 1.0, 0.294, 2),
    ('a1000094-0000-0000-0000-000000000000', 'ff000024-0000-0000-0000-000000000000', 'num_sexual_partners', 4, 0.146, 3),
    ('a1000095-0000-0000-0000-000000000000', 'ff000024-0000-0000-0000-000000000000', 'hc_years', 0.0, 0.118, 4),
    ('a1000096-0000-0000-0000-000000000000', 'ff000024-0000-0000-0000-000000000000', 'smokes_packs_year', 1.4, 0.099, 5),
    ('a1000097-0000-0000-0000-000000000000', 'ff000025-0000-0000-0000-000000000000', 'dx_hpv', 1.0, 0.321, 1),
    ('a1000098-0000-0000-0000-000000000000', 'ff000025-0000-0000-0000-000000000000', 'std_count', 2, 0.26, 2),
    ('a1000099-0000-0000-0000-000000000000', 'ff000025-0000-0000-0000-000000000000', 'smokes_packs_year', 1.4, 0.179, 3),
    ('a100009a-0000-0000-0000-000000000000', 'ff000025-0000-0000-0000-000000000000', 'age_at_assessment', 61, 0.119, 4),
    ('a100009b-0000-0000-0000-000000000000', 'ff000025-0000-0000-0000-000000000000', 'num_sexual_partners', 3, 0.109, 5),
    ('a100009c-0000-0000-0000-000000000000', 'ff000026-0000-0000-0000-000000000000', 'dx_cin', 1.0, 0.377, 1),
    ('a100009d-0000-0000-0000-000000000000', 'ff000026-0000-0000-0000-000000000000', 'dx_hpv', 1.0, 0.258, 2),
    ('a100009e-0000-0000-0000-000000000000', 'ff000026-0000-0000-0000-000000000000', 'num_sexual_partners', 8, 0.148, 3),
    ('a100009f-0000-0000-0000-000000000000', 'ff000026-0000-0000-0000-000000000000', 'hc_years', 0.0, 0.076, 4),
    ('a10000a0-0000-0000-0000-000000000000', 'ff000026-0000-0000-0000-000000000000', 'smokes_packs_year', 1.2, 0.098, 5),
    ('a10000a1-0000-0000-0000-000000000000', 'ff000027-0000-0000-0000-000000000000', 'dx_cin', 1.0, 0.381, 1),
    ('a10000a2-0000-0000-0000-000000000000', 'ff000027-0000-0000-0000-000000000000', 'dx_hpv', 1.0, 0.292, 2),
    ('a10000a3-0000-0000-0000-000000000000', 'ff000027-0000-0000-0000-000000000000', 'num_sexual_partners', 6, 0.151, 3),
    ('a10000a4-0000-0000-0000-000000000000', 'ff000027-0000-0000-0000-000000000000', 'hc_years', 0.0, 0.086, 4),
    ('a10000a5-0000-0000-0000-000000000000', 'ff000027-0000-0000-0000-000000000000', 'smokes_packs_year', 2.5, 0.103, 5),
    ('a10000a6-0000-0000-0000-000000000000', 'ff000028-0000-0000-0000-000000000000', 'age_at_assessment', 32, 0.199, 1),
    ('a10000a7-0000-0000-0000-000000000000', 'ff000028-0000-0000-0000-000000000000', 'num_sexual_partners', 2, 0.091, 2),
    ('a10000a8-0000-0000-0000-000000000000', 'ff000028-0000-0000-0000-000000000000', 'num_pregnancies', 1, 0.079, 3),
    ('a10000a9-0000-0000-0000-000000000000', 'ff000029-0000-0000-0000-000000000000', 'dx_cin', 1.0, 0.386, 1),
    ('a10000aa-0000-0000-0000-000000000000', 'ff000029-0000-0000-0000-000000000000', 'dx_hpv', 1.0, 0.277, 2),
    ('a10000ab-0000-0000-0000-000000000000', 'ff000029-0000-0000-0000-000000000000', 'num_sexual_partners', 4, 0.151, 3),
    ('a10000ac-0000-0000-0000-000000000000', 'ff000029-0000-0000-0000-000000000000', 'hc_years', 10.6, 0.099, 4),
    ('a10000ad-0000-0000-0000-000000000000', 'ff000029-0000-0000-0000-000000000000', 'smokes_packs_year', 2.1, 0.088, 5),
    ('a10000ae-0000-0000-0000-000000000000', 'ff00002a-0000-0000-0000-000000000000', 'age_at_assessment', 26, 0.187, 1),
    ('a10000af-0000-0000-0000-000000000000', 'ff00002a-0000-0000-0000-000000000000', 'num_sexual_partners', 1, 0.072, 2),
    ('a10000b0-0000-0000-0000-000000000000', 'ff00002a-0000-0000-0000-000000000000', 'num_pregnancies', 1, 0.086, 3),
    ('a10000b1-0000-0000-0000-000000000000', 'ff00002b-0000-0000-0000-000000000000', 'age_at_assessment', 26, 0.2, 1),
    ('a10000b2-0000-0000-0000-000000000000', 'ff00002b-0000-0000-0000-000000000000', 'num_sexual_partners', 2, 0.096, 2),
    ('a10000b3-0000-0000-0000-000000000000', 'ff00002b-0000-0000-0000-000000000000', 'num_pregnancies', 0, 0.046, 3),
    ('a10000b4-0000-0000-0000-000000000000', 'ff00002c-0000-0000-0000-000000000000', 'age_at_assessment', 29, 0.202, 1),
    ('a10000b5-0000-0000-0000-000000000000', 'ff00002c-0000-0000-0000-000000000000', 'num_sexual_partners', 2, 0.09, 2),
    ('a10000b6-0000-0000-0000-000000000000', 'ff00002c-0000-0000-0000-000000000000', 'num_pregnancies', 0, 0.068, 3),
    ('a10000b7-0000-0000-0000-000000000000', 'ff00002d-0000-0000-0000-000000000000', 'hc_years', 4.7, 0.22, 1),
    ('a10000b8-0000-0000-0000-000000000000', 'ff00002d-0000-0000-0000-000000000000', 'num_sexual_partners', 2, 0.173, 2),
    ('a10000b9-0000-0000-0000-000000000000', 'ff00002d-0000-0000-0000-000000000000', 'age_at_assessment', 38, 0.163, 3),
    ('a10000ba-0000-0000-0000-000000000000', 'ff00002d-0000-0000-0000-000000000000', 'smokes_packs_year', 0.0, 0.091, 4),
    ('a10000bb-0000-0000-0000-000000000000', 'ff00002d-0000-0000-0000-000000000000', 'num_pregnancies', 2, 0.072, 5),
    ('a10000bc-0000-0000-0000-000000000000', 'ff00002e-0000-0000-0000-000000000000', 'hc_years', 7.4, 0.209, 1),
    ('a10000bd-0000-0000-0000-000000000000', 'ff00002e-0000-0000-0000-000000000000', 'num_sexual_partners', 4, 0.19, 2),
    ('a10000be-0000-0000-0000-000000000000', 'ff00002e-0000-0000-0000-000000000000', 'age_at_assessment', 40, 0.153, 3),
    ('a10000bf-0000-0000-0000-000000000000', 'ff00002e-0000-0000-0000-000000000000', 'smokes_packs_year', 1.2, 0.094, 4),
    ('a10000c0-0000-0000-0000-000000000000', 'ff00002e-0000-0000-0000-000000000000', 'num_pregnancies', 1, 0.096, 5),
    ('a10000c1-0000-0000-0000-000000000000', 'ff00002f-0000-0000-0000-000000000000', 'hc_years', 7.9, 0.199, 1),
    ('a10000c2-0000-0000-0000-000000000000', 'ff00002f-0000-0000-0000-000000000000', 'num_sexual_partners', 4, 0.187, 2),
    ('a10000c3-0000-0000-0000-000000000000', 'ff00002f-0000-0000-0000-000000000000', 'age_at_assessment', 39, 0.154, 3),
    ('a10000c4-0000-0000-0000-000000000000', 'ff00002f-0000-0000-0000-000000000000', 'smokes_packs_year', 1.4, 0.079, 4),
    ('a10000c5-0000-0000-0000-000000000000', 'ff00002f-0000-0000-0000-000000000000', 'num_pregnancies', 2, 0.08, 5),
    ('a10000c6-0000-0000-0000-000000000000', 'ff000030-0000-0000-0000-000000000000', 'age_at_assessment', 24, 0.171, 1),
    ('a10000c7-0000-0000-0000-000000000000', 'ff000030-0000-0000-0000-000000000000', 'num_sexual_partners', 1, 0.114, 2),
    ('a10000c8-0000-0000-0000-000000000000', 'ff000030-0000-0000-0000-000000000000', 'num_pregnancies', 1, 0.082, 3),
    ('a10000c9-0000-0000-0000-000000000000', 'ff000031-0000-0000-0000-000000000000', 'age_at_assessment', 35, 0.156, 1),
    ('a10000ca-0000-0000-0000-000000000000', 'ff000031-0000-0000-0000-000000000000', 'num_sexual_partners', 1, 0.085, 2),
    ('a10000cb-0000-0000-0000-000000000000', 'ff000031-0000-0000-0000-000000000000', 'num_pregnancies', 1, 0.047, 3),
    ('a10000cc-0000-0000-0000-000000000000', 'ff000032-0000-0000-0000-000000000000', 'age_at_assessment', 24, 0.182, 1),
    ('a10000cd-0000-0000-0000-000000000000', 'ff000032-0000-0000-0000-000000000000', 'num_sexual_partners', 1, 0.106, 2),
    ('a10000ce-0000-0000-0000-000000000000', 'ff000032-0000-0000-0000-000000000000', 'num_pregnancies', 1, 0.085, 3),
    ('a10000cf-0000-0000-0000-000000000000', 'ff000033-0000-0000-0000-000000000000', 'age_at_assessment', 22, 0.203, 1),
    ('a10000d0-0000-0000-0000-000000000000', 'ff000033-0000-0000-0000-000000000000', 'num_sexual_partners', 2, 0.097, 2),
    ('a10000d1-0000-0000-0000-000000000000', 'ff000033-0000-0000-0000-000000000000', 'num_pregnancies', 0, 0.09, 3),
    ('a10000d2-0000-0000-0000-000000000000', 'ff000034-0000-0000-0000-000000000000', 'dx_hpv', 1.0, 0.313, 1),
    ('a10000d3-0000-0000-0000-000000000000', 'ff000034-0000-0000-0000-000000000000', 'std_count', 2, 0.248, 2),
    ('a10000d4-0000-0000-0000-000000000000', 'ff000034-0000-0000-0000-000000000000', 'smokes_packs_year', 2.2, 0.178, 3),
    ('a10000d5-0000-0000-0000-000000000000', 'ff000034-0000-0000-0000-000000000000', 'age_at_assessment', 33, 0.112, 4),
    ('a10000d6-0000-0000-0000-000000000000', 'ff000034-0000-0000-0000-000000000000', 'num_sexual_partners', 5, 0.106, 5),
    ('a10000d7-0000-0000-0000-000000000000', 'ff000035-0000-0000-0000-000000000000', 'hc_years', 5.8, 0.236, 1),
    ('a10000d8-0000-0000-0000-000000000000', 'ff000035-0000-0000-0000-000000000000', 'num_sexual_partners', 3, 0.207, 2),
    ('a10000d9-0000-0000-0000-000000000000', 'ff000035-0000-0000-0000-000000000000', 'age_at_assessment', 30, 0.142, 3),
    ('a10000da-0000-0000-0000-000000000000', 'ff000035-0000-0000-0000-000000000000', 'smokes_packs_year', 0.0, 0.113, 4),
    ('a10000db-0000-0000-0000-000000000000', 'ff000035-0000-0000-0000-000000000000', 'num_pregnancies', 1, 0.085, 5),
    ('a10000dc-0000-0000-0000-000000000000', 'ff000036-0000-0000-0000-000000000000', 'hc_years', 4.9, 0.231, 1),
    ('a10000dd-0000-0000-0000-000000000000', 'ff000036-0000-0000-0000-000000000000', 'num_sexual_partners', 3, 0.183, 2),
    ('a10000de-0000-0000-0000-000000000000', 'ff000036-0000-0000-0000-000000000000', 'age_at_assessment', 45, 0.148, 3),
    ('a10000df-0000-0000-0000-000000000000', 'ff000036-0000-0000-0000-000000000000', 'smokes_packs_year', 0.0, 0.08, 4),
    ('a10000e0-0000-0000-0000-000000000000', 'ff000036-0000-0000-0000-000000000000', 'num_pregnancies', 1, 0.088, 5),
    ('a10000e1-0000-0000-0000-000000000000', 'ff000037-0000-0000-0000-000000000000', 'hc_years', 4.9, 0.195, 1),
    ('a10000e2-0000-0000-0000-000000000000', 'ff000037-0000-0000-0000-000000000000', 'num_sexual_partners', 3, 0.183, 2),
    ('a10000e3-0000-0000-0000-000000000000', 'ff000037-0000-0000-0000-000000000000', 'age_at_assessment', 39, 0.157, 3),
    ('a10000e4-0000-0000-0000-000000000000', 'ff000037-0000-0000-0000-000000000000', 'smokes_packs_year', 0.0, 0.115, 4),
    ('a10000e5-0000-0000-0000-000000000000', 'ff000037-0000-0000-0000-000000000000', 'num_pregnancies', 1, 0.082, 5),
    ('a10000e6-0000-0000-0000-000000000000', 'ff000038-0000-0000-0000-000000000000', 'age_at_assessment', 33, 0.174, 1),
    ('a10000e7-0000-0000-0000-000000000000', 'ff000038-0000-0000-0000-000000000000', 'num_sexual_partners', 1, 0.07, 2),
    ('a10000e8-0000-0000-0000-000000000000', 'ff000038-0000-0000-0000-000000000000', 'num_pregnancies', 1, 0.09, 3),
    ('a10000e9-0000-0000-0000-000000000000', 'ff000039-0000-0000-0000-000000000000', 'hc_years', 7.2, 0.22, 1),
    ('a10000ea-0000-0000-0000-000000000000', 'ff000039-0000-0000-0000-000000000000', 'num_sexual_partners', 4, 0.206, 2),
    ('a10000eb-0000-0000-0000-000000000000', 'ff000039-0000-0000-0000-000000000000', 'age_at_assessment', 39, 0.162, 3),
    ('a10000ec-0000-0000-0000-000000000000', 'ff000039-0000-0000-0000-000000000000', 'smokes_packs_year', 0.9, 0.095, 4),
    ('a10000ed-0000-0000-0000-000000000000', 'ff000039-0000-0000-0000-000000000000', 'num_pregnancies', 1, 0.068, 5),
    ('a10000ee-0000-0000-0000-000000000000', 'ff00003a-0000-0000-0000-000000000000', 'age_at_assessment', 23, 0.165, 1),
    ('a10000ef-0000-0000-0000-000000000000', 'ff00003a-0000-0000-0000-000000000000', 'num_sexual_partners', 1, 0.071, 2),
    ('a10000f0-0000-0000-0000-000000000000', 'ff00003a-0000-0000-0000-000000000000', 'num_pregnancies', 1, 0.088, 3),
    ('a10000f1-0000-0000-0000-000000000000', 'ff00003b-0000-0000-0000-000000000000', 'dx_hpv', 1.0, 0.296, 1),
    ('a10000f2-0000-0000-0000-000000000000', 'ff00003b-0000-0000-0000-000000000000', 'std_count', 3, 0.256, 2),
    ('a10000f3-0000-0000-0000-000000000000', 'ff00003b-0000-0000-0000-000000000000', 'smokes_packs_year', 2.0, 0.165, 3),
    ('a10000f4-0000-0000-0000-000000000000', 'ff00003b-0000-0000-0000-000000000000', 'age_at_assessment', 37, 0.112, 4),
    ('a10000f5-0000-0000-0000-000000000000', 'ff00003b-0000-0000-0000-000000000000', 'num_sexual_partners', 4, 0.103, 5),
    ('a10000f6-0000-0000-0000-000000000000', 'ff00003c-0000-0000-0000-000000000000', 'age_at_assessment', 30, 0.157, 1),
    ('a10000f7-0000-0000-0000-000000000000', 'ff00003c-0000-0000-0000-000000000000', 'num_sexual_partners', 1, 0.097, 2),
    ('a10000f8-0000-0000-0000-000000000000', 'ff00003c-0000-0000-0000-000000000000', 'num_pregnancies', 0, 0.079, 3),
    ('a10000f9-0000-0000-0000-000000000000', 'ff00003d-0000-0000-0000-000000000000', 'age_at_assessment', 29, 0.161, 1),
    ('a10000fa-0000-0000-0000-000000000000', 'ff00003d-0000-0000-0000-000000000000', 'num_sexual_partners', 2, 0.11, 2),
    ('a10000fb-0000-0000-0000-000000000000', 'ff00003d-0000-0000-0000-000000000000', 'num_pregnancies', 1, 0.068, 3),
    ('a10000fc-0000-0000-0000-000000000000', 'ff00003e-0000-0000-0000-000000000000', 'dx_cin', 1.0, 0.384, 1),
    ('a10000fd-0000-0000-0000-000000000000', 'ff00003e-0000-0000-0000-000000000000', 'dx_hpv', 1.0, 0.28, 2),
    ('a10000fe-0000-0000-0000-000000000000', 'ff00003e-0000-0000-0000-000000000000', 'num_sexual_partners', 8, 0.163, 3),
    ('a10000ff-0000-0000-0000-000000000000', 'ff00003e-0000-0000-0000-000000000000', 'hc_years', 5.7, 0.075, 4),
    ('a1000100-0000-0000-0000-000000000000', 'ff00003e-0000-0000-0000-000000000000', 'smokes_packs_year', 1.1, 0.092, 5),
    ('a1000101-0000-0000-0000-000000000000', 'ff00003f-0000-0000-0000-000000000000', 'hc_years', 7.0, 0.223, 1),
    ('a1000102-0000-0000-0000-000000000000', 'ff00003f-0000-0000-0000-000000000000', 'num_sexual_partners', 4, 0.187, 2),
    ('a1000103-0000-0000-0000-000000000000', 'ff00003f-0000-0000-0000-000000000000', 'age_at_assessment', 42, 0.154, 3),
    ('a1000104-0000-0000-0000-000000000000', 'ff00003f-0000-0000-0000-000000000000', 'smokes_packs_year', 1.2, 0.121, 4),
    ('a1000105-0000-0000-0000-000000000000', 'ff00003f-0000-0000-0000-000000000000', 'num_pregnancies', 2, 0.094, 5),
    ('a1000106-0000-0000-0000-000000000000', 'ff000040-0000-0000-0000-000000000000', 'age_at_assessment', 25, 0.201, 1),
    ('a1000107-0000-0000-0000-000000000000', 'ff000040-0000-0000-0000-000000000000', 'num_sexual_partners', 1, 0.1, 2),
    ('a1000108-0000-0000-0000-000000000000', 'ff000040-0000-0000-0000-000000000000', 'num_pregnancies', 1, 0.054, 3),
    ('a1000109-0000-0000-0000-000000000000', 'ff000041-0000-0000-0000-000000000000', 'dx_cin', 1.0, 0.396, 1),
    ('a100010a-0000-0000-0000-000000000000', 'ff000041-0000-0000-0000-000000000000', 'dx_hpv', 1.0, 0.26, 2),
    ('a100010b-0000-0000-0000-000000000000', 'ff000041-0000-0000-0000-000000000000', 'num_sexual_partners', 6, 0.148, 3),
    ('a100010c-0000-0000-0000-000000000000', 'ff000041-0000-0000-0000-000000000000', 'hc_years', 8.8, 0.105, 4),
    ('a100010d-0000-0000-0000-000000000000', 'ff000041-0000-0000-0000-000000000000', 'smokes_packs_year', 2.1, 0.071, 5),
    ('a100010e-0000-0000-0000-000000000000', 'ff000042-0000-0000-0000-000000000000', 'hc_years', 7.7, 0.239, 1),
    ('a100010f-0000-0000-0000-000000000000', 'ff000042-0000-0000-0000-000000000000', 'num_sexual_partners', 2, 0.186, 2),
    ('a1000110-0000-0000-0000-000000000000', 'ff000042-0000-0000-0000-000000000000', 'age_at_assessment', 37, 0.155, 3),
    ('a1000111-0000-0000-0000-000000000000', 'ff000042-0000-0000-0000-000000000000', 'smokes_packs_year', 0.0, 0.11, 4),
    ('a1000112-0000-0000-0000-000000000000', 'ff000042-0000-0000-0000-000000000000', 'num_pregnancies', 1, 0.067, 5),
    ('a1000113-0000-0000-0000-000000000000', 'ff000043-0000-0000-0000-000000000000', 'dx_cin', 1.0, 0.375, 1),
    ('a1000114-0000-0000-0000-000000000000', 'ff000043-0000-0000-0000-000000000000', 'dx_hpv', 1.0, 0.272, 2),
    ('a1000115-0000-0000-0000-000000000000', 'ff000043-0000-0000-0000-000000000000', 'num_sexual_partners', 3, 0.13, 3),
    ('a1000116-0000-0000-0000-000000000000', 'ff000043-0000-0000-0000-000000000000', 'hc_years', 12.8, 0.115, 4),
    ('a1000117-0000-0000-0000-000000000000', 'ff000043-0000-0000-0000-000000000000', 'smokes_packs_year', 2.2, 0.062, 5),
    ('a1000118-0000-0000-0000-000000000000', 'ff000044-0000-0000-0000-000000000000', 'age_at_assessment', 32, 0.185, 1),
    ('a1000119-0000-0000-0000-000000000000', 'ff000044-0000-0000-0000-000000000000', 'num_sexual_partners', 2, 0.109, 2),
    ('a100011a-0000-0000-0000-000000000000', 'ff000044-0000-0000-0000-000000000000', 'num_pregnancies', 1, 0.071, 3),
    ('a100011b-0000-0000-0000-000000000000', 'ff000045-0000-0000-0000-000000000000', 'dx_hpv', 1.0, 0.327, 1),
    ('a100011c-0000-0000-0000-000000000000', 'ff000045-0000-0000-0000-000000000000', 'std_count', 4, 0.242, 2),
    ('a100011d-0000-0000-0000-000000000000', 'ff000045-0000-0000-0000-000000000000', 'smokes_packs_year', 2.9, 0.171, 3),
    ('a100011e-0000-0000-0000-000000000000', 'ff000045-0000-0000-0000-000000000000', 'age_at_assessment', 37, 0.132, 4),
    ('a100011f-0000-0000-0000-000000000000', 'ff000045-0000-0000-0000-000000000000', 'num_sexual_partners', 6, 0.093, 5),
    ('a1000120-0000-0000-0000-000000000000', 'ff000046-0000-0000-0000-000000000000', 'hc_years', 6.0, 0.206, 1),
    ('a1000121-0000-0000-0000-000000000000', 'ff000046-0000-0000-0000-000000000000', 'num_sexual_partners', 3, 0.175, 2),
    ('a1000122-0000-0000-0000-000000000000', 'ff000046-0000-0000-0000-000000000000', 'age_at_assessment', 40, 0.161, 3),
    ('a1000123-0000-0000-0000-000000000000', 'ff000046-0000-0000-0000-000000000000', 'smokes_packs_year', 0.0, 0.109, 4),
    ('a1000124-0000-0000-0000-000000000000', 'ff000046-0000-0000-0000-000000000000', 'num_pregnancies', 2, 0.101, 5),
    ('a1000125-0000-0000-0000-000000000000', 'ff000047-0000-0000-0000-000000000000', 'hc_years', 6.0, 0.202, 1),
    ('a1000126-0000-0000-0000-000000000000', 'ff000047-0000-0000-0000-000000000000', 'num_sexual_partners', 3, 0.201, 2),
    ('a1000127-0000-0000-0000-000000000000', 'ff000047-0000-0000-0000-000000000000', 'age_at_assessment', 33, 0.174, 3),
    ('a1000128-0000-0000-0000-000000000000', 'ff000047-0000-0000-0000-000000000000', 'smokes_packs_year', 1.1, 0.084, 4),
    ('a1000129-0000-0000-0000-000000000000', 'ff000047-0000-0000-0000-000000000000', 'num_pregnancies', 2, 0.082, 5),
    ('a100012a-0000-0000-0000-000000000000', 'ff000048-0000-0000-0000-000000000000', 'dx_hpv', 1.0, 0.317, 1),
    ('a100012b-0000-0000-0000-000000000000', 'ff000048-0000-0000-0000-000000000000', 'std_count', 4, 0.251, 2),
    ('a100012c-0000-0000-0000-000000000000', 'ff000048-0000-0000-0000-000000000000', 'smokes_packs_year', 2.6, 0.193, 3),
    ('a100012d-0000-0000-0000-000000000000', 'ff000048-0000-0000-0000-000000000000', 'age_at_assessment', 55, 0.123, 4),
    ('a100012e-0000-0000-0000-000000000000', 'ff000048-0000-0000-0000-000000000000', 'num_sexual_partners', 8, 0.094, 5),
    ('a100012f-0000-0000-0000-000000000000', 'ff000049-0000-0000-0000-000000000000', 'age_at_assessment', 22, 0.202, 1),
    ('a1000130-0000-0000-0000-000000000000', 'ff000049-0000-0000-0000-000000000000', 'num_sexual_partners', 2, 0.101, 2),
    ('a1000131-0000-0000-0000-000000000000', 'ff000049-0000-0000-0000-000000000000', 'num_pregnancies', 0, 0.079, 3),
    ('a1000132-0000-0000-0000-000000000000', 'ff00004a-0000-0000-0000-000000000000', 'dx_hpv', 1.0, 0.33, 1),
    ('a1000133-0000-0000-0000-000000000000', 'ff00004a-0000-0000-0000-000000000000', 'std_count', 4, 0.242, 2),
    ('a1000134-0000-0000-0000-000000000000', 'ff00004a-0000-0000-0000-000000000000', 'smokes_packs_year', 2.2, 0.199, 3),
    ('a1000135-0000-0000-0000-000000000000', 'ff00004a-0000-0000-0000-000000000000', 'age_at_assessment', 38, 0.116, 4),
    ('a1000136-0000-0000-0000-000000000000', 'ff00004a-0000-0000-0000-000000000000', 'num_sexual_partners', 8, 0.066, 5),
    ('a1000137-0000-0000-0000-000000000000', 'ff00004b-0000-0000-0000-000000000000', 'hc_years', 4.7, 0.2, 1),
    ('a1000138-0000-0000-0000-000000000000', 'ff00004b-0000-0000-0000-000000000000', 'num_sexual_partners', 4, 0.184, 2),
    ('a1000139-0000-0000-0000-000000000000', 'ff00004b-0000-0000-0000-000000000000', 'age_at_assessment', 36, 0.128, 3),
    ('a100013a-0000-0000-0000-000000000000', 'ff00004b-0000-0000-0000-000000000000', 'smokes_packs_year', 0.0, 0.078, 4),
    ('a100013b-0000-0000-0000-000000000000', 'ff00004b-0000-0000-0000-000000000000', 'num_pregnancies', 1, 0.068, 5),
    ('a100013c-0000-0000-0000-000000000000', 'ff00004c-0000-0000-0000-000000000000', 'age_at_assessment', 32, 0.194, 1),
    ('a100013d-0000-0000-0000-000000000000', 'ff00004c-0000-0000-0000-000000000000', 'num_sexual_partners', 2, 0.114, 2),
    ('a100013e-0000-0000-0000-000000000000', 'ff00004c-0000-0000-0000-000000000000', 'num_pregnancies', 1, 0.079, 3),
    ('a100013f-0000-0000-0000-000000000000', 'ff00004d-0000-0000-0000-000000000000', 'hc_years', 4.5, 0.202, 1),
    ('a1000140-0000-0000-0000-000000000000', 'ff00004d-0000-0000-0000-000000000000', 'num_sexual_partners', 3, 0.168, 2),
    ('a1000141-0000-0000-0000-000000000000', 'ff00004d-0000-0000-0000-000000000000', 'age_at_assessment', 38, 0.164, 3),
    ('a1000142-0000-0000-0000-000000000000', 'ff00004d-0000-0000-0000-000000000000', 'smokes_packs_year', 0.0, 0.085, 4),
    ('a1000143-0000-0000-0000-000000000000', 'ff00004d-0000-0000-0000-000000000000', 'num_pregnancies', 1, 0.082, 5),
    ('a1000144-0000-0000-0000-000000000000', 'ff00004e-0000-0000-0000-000000000000', 'dx_hpv', 1.0, 0.303, 1),
    ('a1000145-0000-0000-0000-000000000000', 'ff00004e-0000-0000-0000-000000000000', 'std_count', 2, 0.238, 2),
    ('a1000146-0000-0000-0000-000000000000', 'ff00004e-0000-0000-0000-000000000000', 'smokes_packs_year', 1.9, 0.186, 3),
    ('a1000147-0000-0000-0000-000000000000', 'ff00004e-0000-0000-0000-000000000000', 'age_at_assessment', 47, 0.129, 4),
    ('a1000148-0000-0000-0000-000000000000', 'ff00004e-0000-0000-0000-000000000000', 'num_sexual_partners', 7, 0.093, 5),
    ('a1000149-0000-0000-0000-000000000000', 'ff00004f-0000-0000-0000-000000000000', 'age_at_assessment', 21, 0.166, 1),
    ('a100014a-0000-0000-0000-000000000000', 'ff00004f-0000-0000-0000-000000000000', 'num_sexual_partners', 1, 0.097, 2),
    ('a100014b-0000-0000-0000-000000000000', 'ff00004f-0000-0000-0000-000000000000', 'num_pregnancies', 1, 0.064, 3),
    ('a100014c-0000-0000-0000-000000000000', 'ff000050-0000-0000-0000-000000000000', 'age_at_assessment', 27, 0.181, 1),
    ('a100014d-0000-0000-0000-000000000000', 'ff000050-0000-0000-0000-000000000000', 'num_sexual_partners', 1, 0.105, 2),
    ('a100014e-0000-0000-0000-000000000000', 'ff000050-0000-0000-0000-000000000000', 'num_pregnancies', 1, 0.08, 3),
    ('a100014f-0000-0000-0000-000000000000', 'ff000051-0000-0000-0000-000000000000', 'dx_cin', 1.0, 0.39, 1),
    ('a1000150-0000-0000-0000-000000000000', 'ff000051-0000-0000-0000-000000000000', 'dx_hpv', 1.0, 0.257, 2),
    ('a1000151-0000-0000-0000-000000000000', 'ff000051-0000-0000-0000-000000000000', 'num_sexual_partners', 7, 0.134, 3),
    ('a1000152-0000-0000-0000-000000000000', 'ff000051-0000-0000-0000-000000000000', 'hc_years', 0.0, 0.096, 4),
    ('a1000153-0000-0000-0000-000000000000', 'ff000051-0000-0000-0000-000000000000', 'smokes_packs_year', 2.7, 0.094, 5),
    ('a1000154-0000-0000-0000-000000000000', 'ff000052-0000-0000-0000-000000000000', 'dx_cin', 1.0, 0.389, 1),
    ('a1000155-0000-0000-0000-000000000000', 'ff000052-0000-0000-0000-000000000000', 'dx_hpv', 1.0, 0.303, 2),
    ('a1000156-0000-0000-0000-000000000000', 'ff000052-0000-0000-0000-000000000000', 'num_sexual_partners', 8, 0.118, 3),
    ('a1000157-0000-0000-0000-000000000000', 'ff000052-0000-0000-0000-000000000000', 'hc_years', 6.4, 0.112, 4),
    ('a1000158-0000-0000-0000-000000000000', 'ff000052-0000-0000-0000-000000000000', 'smokes_packs_year', 1.8, 0.065, 5),
    ('a1000159-0000-0000-0000-000000000000', 'ff000053-0000-0000-0000-000000000000', 'age_at_assessment', 27, 0.198, 1),
    ('a100015a-0000-0000-0000-000000000000', 'ff000053-0000-0000-0000-000000000000', 'num_sexual_partners', 2, 0.108, 2),
    ('a100015b-0000-0000-0000-000000000000', 'ff000053-0000-0000-0000-000000000000', 'num_pregnancies', 0, 0.067, 3),
    ('a100015c-0000-0000-0000-000000000000', 'ff000054-0000-0000-0000-000000000000', 'age_at_assessment', 30, 0.166, 1),
    ('a100015d-0000-0000-0000-000000000000', 'ff000054-0000-0000-0000-000000000000', 'num_sexual_partners', 2, 0.097, 2),
    ('a100015e-0000-0000-0000-000000000000', 'ff000054-0000-0000-0000-000000000000', 'num_pregnancies', 1, 0.08, 3),
    ('a100015f-0000-0000-0000-000000000000', 'ff000055-0000-0000-0000-000000000000', 'hc_years', 6.7, 0.213, 1),
    ('a1000160-0000-0000-0000-000000000000', 'ff000055-0000-0000-0000-000000000000', 'num_sexual_partners', 2, 0.194, 2),
    ('a1000161-0000-0000-0000-000000000000', 'ff000055-0000-0000-0000-000000000000', 'age_at_assessment', 36, 0.162, 3),
    ('a1000162-0000-0000-0000-000000000000', 'ff000055-0000-0000-0000-000000000000', 'smokes_packs_year', 1.0, 0.085, 4),
    ('a1000163-0000-0000-0000-000000000000', 'ff000055-0000-0000-0000-000000000000', 'num_pregnancies', 2, 0.091, 5),
    ('a1000164-0000-0000-0000-000000000000', 'ff000056-0000-0000-0000-000000000000', 'hc_years', 7.2, 0.205, 1),
    ('a1000165-0000-0000-0000-000000000000', 'ff000056-0000-0000-0000-000000000000', 'num_sexual_partners', 4, 0.187, 2),
    ('a1000166-0000-0000-0000-000000000000', 'ff000056-0000-0000-0000-000000000000', 'age_at_assessment', 48, 0.174, 3),
    ('a1000167-0000-0000-0000-000000000000', 'ff000056-0000-0000-0000-000000000000', 'smokes_packs_year', 0.6, 0.079, 4),
    ('a1000168-0000-0000-0000-000000000000', 'ff000056-0000-0000-0000-000000000000', 'num_pregnancies', 1, 0.103, 5),
    ('a1000169-0000-0000-0000-000000000000', 'ff000057-0000-0000-0000-000000000000', 'hc_years', 4.0, 0.232, 1),
    ('a100016a-0000-0000-0000-000000000000', 'ff000057-0000-0000-0000-000000000000', 'num_sexual_partners', 4, 0.171, 2),
    ('a100016b-0000-0000-0000-000000000000', 'ff000057-0000-0000-0000-000000000000', 'age_at_assessment', 47, 0.127, 3),
    ('a100016c-0000-0000-0000-000000000000', 'ff000057-0000-0000-0000-000000000000', 'smokes_packs_year', 0.6, 0.089, 4),
    ('a100016d-0000-0000-0000-000000000000', 'ff000057-0000-0000-0000-000000000000', 'num_pregnancies', 2, 0.068, 5),
    ('a100016e-0000-0000-0000-000000000000', 'ff000058-0000-0000-0000-000000000000', 'age_at_assessment', 24, 0.163, 1),
    ('a100016f-0000-0000-0000-000000000000', 'ff000058-0000-0000-0000-000000000000', 'num_sexual_partners', 2, 0.107, 2),
    ('a1000170-0000-0000-0000-000000000000', 'ff000058-0000-0000-0000-000000000000', 'num_pregnancies', 1, 0.045, 3),
    ('a1000171-0000-0000-0000-000000000000', 'ff000059-0000-0000-0000-000000000000', 'hc_years', 7.3, 0.218, 1),
    ('a1000172-0000-0000-0000-000000000000', 'ff000059-0000-0000-0000-000000000000', 'num_sexual_partners', 2, 0.212, 2),
    ('a1000173-0000-0000-0000-000000000000', 'ff000059-0000-0000-0000-000000000000', 'age_at_assessment', 48, 0.127, 3),
    ('a1000174-0000-0000-0000-000000000000', 'ff000059-0000-0000-0000-000000000000', 'smokes_packs_year', 0.6, 0.121, 4),
    ('a1000175-0000-0000-0000-000000000000', 'ff000059-0000-0000-0000-000000000000', 'num_pregnancies', 2, 0.085, 5),
    ('a1000176-0000-0000-0000-000000000000', 'ff00005a-0000-0000-0000-000000000000', 'hc_years', 6.2, 0.234, 1),
    ('a1000177-0000-0000-0000-000000000000', 'ff00005a-0000-0000-0000-000000000000', 'num_sexual_partners', 3, 0.196, 2),
    ('a1000178-0000-0000-0000-000000000000', 'ff00005a-0000-0000-0000-000000000000', 'age_at_assessment', 33, 0.167, 3),
    ('a1000179-0000-0000-0000-000000000000', 'ff00005a-0000-0000-0000-000000000000', 'smokes_packs_year', 0.0, 0.09, 4),
    ('a100017a-0000-0000-0000-000000000000', 'ff00005a-0000-0000-0000-000000000000', 'num_pregnancies', 1, 0.094, 5),
    ('a100017b-0000-0000-0000-000000000000', 'ff00005b-0000-0000-0000-000000000000', 'age_at_assessment', 22, 0.183, 1),
    ('a100017c-0000-0000-0000-000000000000', 'ff00005b-0000-0000-0000-000000000000', 'num_sexual_partners', 1, 0.069, 2),
    ('a100017d-0000-0000-0000-000000000000', 'ff00005b-0000-0000-0000-000000000000', 'num_pregnancies', 1, 0.08, 3),
    ('a100017e-0000-0000-0000-000000000000', 'ff00005c-0000-0000-0000-000000000000', 'dx_cin', 1.0, 0.381, 1),
    ('a100017f-0000-0000-0000-000000000000', 'ff00005c-0000-0000-0000-000000000000', 'dx_hpv', 1.0, 0.303, 2),
    ('a1000180-0000-0000-0000-000000000000', 'ff00005c-0000-0000-0000-000000000000', 'num_sexual_partners', 4, 0.141, 3),
    ('a1000181-0000-0000-0000-000000000000', 'ff00005c-0000-0000-0000-000000000000', 'hc_years', 8.4, 0.114, 4),
    ('a1000182-0000-0000-0000-000000000000', 'ff00005c-0000-0000-0000-000000000000', 'smokes_packs_year', 2.7, 0.063, 5),
    ('a1000183-0000-0000-0000-000000000000', 'ff00005d-0000-0000-0000-000000000000', 'hc_years', 7.4, 0.222, 1),
    ('a1000184-0000-0000-0000-000000000000', 'ff00005d-0000-0000-0000-000000000000', 'num_sexual_partners', 3, 0.185, 2),
    ('a1000185-0000-0000-0000-000000000000', 'ff00005d-0000-0000-0000-000000000000', 'age_at_assessment', 50, 0.142, 3),
    ('a1000186-0000-0000-0000-000000000000', 'ff00005d-0000-0000-0000-000000000000', 'smokes_packs_year', 1.4, 0.119, 4),
    ('a1000187-0000-0000-0000-000000000000', 'ff00005d-0000-0000-0000-000000000000', 'num_pregnancies', 1, 0.088, 5),
    ('a1000188-0000-0000-0000-000000000000', 'ff00005e-0000-0000-0000-000000000000', 'age_at_assessment', 29, 0.172, 1),
    ('a1000189-0000-0000-0000-000000000000', 'ff00005e-0000-0000-0000-000000000000', 'num_sexual_partners', 2, 0.08, 2),
    ('a100018a-0000-0000-0000-000000000000', 'ff00005e-0000-0000-0000-000000000000', 'num_pregnancies', 1, 0.093, 3),
    ('a100018b-0000-0000-0000-000000000000', 'ff00005f-0000-0000-0000-000000000000', 'hc_years', 3.0, 0.226, 1),
    ('a100018c-0000-0000-0000-000000000000', 'ff00005f-0000-0000-0000-000000000000', 'num_sexual_partners', 2, 0.189, 2),
    ('a100018d-0000-0000-0000-000000000000', 'ff00005f-0000-0000-0000-000000000000', 'age_at_assessment', 34, 0.153, 3),
    ('a100018e-0000-0000-0000-000000000000', 'ff00005f-0000-0000-0000-000000000000', 'smokes_packs_year', 0.9, 0.113, 4),
    ('a100018f-0000-0000-0000-000000000000', 'ff00005f-0000-0000-0000-000000000000', 'num_pregnancies', 1, 0.087, 5),
    ('a1000190-0000-0000-0000-000000000000', 'ff000060-0000-0000-0000-000000000000', 'dx_cin', 1.0, 0.361, 1),
    ('a1000191-0000-0000-0000-000000000000', 'ff000060-0000-0000-0000-000000000000', 'dx_hpv', 1.0, 0.272, 2),
    ('a1000192-0000-0000-0000-000000000000', 'ff000060-0000-0000-0000-000000000000', 'num_sexual_partners', 3, 0.127, 3),
    ('a1000193-0000-0000-0000-000000000000', 'ff000060-0000-0000-0000-000000000000', 'hc_years', 8.8, 0.107, 4),
    ('a1000194-0000-0000-0000-000000000000', 'ff000060-0000-0000-0000-000000000000', 'smokes_packs_year', 1.6, 0.101, 5),
    ('a1000195-0000-0000-0000-000000000000', 'ff000061-0000-0000-0000-000000000000', 'hc_years', 7.8, 0.207, 1),
    ('a1000196-0000-0000-0000-000000000000', 'ff000061-0000-0000-0000-000000000000', 'num_sexual_partners', 2, 0.167, 2),
    ('a1000197-0000-0000-0000-000000000000', 'ff000061-0000-0000-0000-000000000000', 'age_at_assessment', 48, 0.169, 3),
    ('a1000198-0000-0000-0000-000000000000', 'ff000061-0000-0000-0000-000000000000', 'smokes_packs_year', 0.9, 0.094, 4),
    ('a1000199-0000-0000-0000-000000000000', 'ff000061-0000-0000-0000-000000000000', 'num_pregnancies', 1, 0.095, 5),
    ('a100019a-0000-0000-0000-000000000000', 'ff000062-0000-0000-0000-000000000000', 'hc_years', 3.3, 0.201, 1),
    ('a100019b-0000-0000-0000-000000000000', 'ff000062-0000-0000-0000-000000000000', 'num_sexual_partners', 2, 0.178, 2),
    ('a100019c-0000-0000-0000-000000000000', 'ff000062-0000-0000-0000-000000000000', 'age_at_assessment', 46, 0.161, 3),
    ('a100019d-0000-0000-0000-000000000000', 'ff000062-0000-0000-0000-000000000000', 'smokes_packs_year', 0.8, 0.076, 4),
    ('a100019e-0000-0000-0000-000000000000', 'ff000062-0000-0000-0000-000000000000', 'num_pregnancies', 1, 0.081, 5),
    ('a100019f-0000-0000-0000-000000000000', 'ff000063-0000-0000-0000-000000000000', 'dx_cin', 1.0, 0.394, 1),
    ('a10001a0-0000-0000-0000-000000000000', 'ff000063-0000-0000-0000-000000000000', 'dx_hpv', 1.0, 0.281, 2),
    ('a10001a1-0000-0000-0000-000000000000', 'ff000063-0000-0000-0000-000000000000', 'num_sexual_partners', 4, 0.14, 3),
    ('a10001a2-0000-0000-0000-000000000000', 'ff000063-0000-0000-0000-000000000000', 'hc_years', 0.0, 0.099, 4),
    ('a10001a3-0000-0000-0000-000000000000', 'ff000063-0000-0000-0000-000000000000', 'smokes_packs_year', 2.1, 0.07, 5),
    ('a10001a4-0000-0000-0000-000000000000', 'ff000064-0000-0000-0000-000000000000', 'age_at_assessment', 26, 0.188, 1),
    ('a10001a5-0000-0000-0000-000000000000', 'ff000064-0000-0000-0000-000000000000', 'num_sexual_partners', 2, 0.081, 2),
    ('a10001a6-0000-0000-0000-000000000000', 'ff000064-0000-0000-0000-000000000000', 'num_pregnancies', 1, 0.049, 3),
    ('a10001a7-0000-0000-0000-000000000000', 'ff000065-0000-0000-0000-000000000000', 'hc_years', 7.9, 0.2, 1),
    ('a10001a8-0000-0000-0000-000000000000', 'ff000065-0000-0000-0000-000000000000', 'num_sexual_partners', 4, 0.214, 2),
    ('a10001a9-0000-0000-0000-000000000000', 'ff000065-0000-0000-0000-000000000000', 'age_at_assessment', 30, 0.164, 3),
    ('a10001aa-0000-0000-0000-000000000000', 'ff000065-0000-0000-0000-000000000000', 'smokes_packs_year', 0.0, 0.102, 4),
    ('a10001ab-0000-0000-0000-000000000000', 'ff000065-0000-0000-0000-000000000000', 'num_pregnancies', 1, 0.086, 5),
    ('a10001ac-0000-0000-0000-000000000000', 'ff000066-0000-0000-0000-000000000000', 'dx_hpv', 1.0, 0.296, 1),
    ('a10001ad-0000-0000-0000-000000000000', 'ff000066-0000-0000-0000-000000000000', 'std_count', 2, 0.246, 2),
    ('a10001ae-0000-0000-0000-000000000000', 'ff000066-0000-0000-0000-000000000000', 'smokes_packs_year', 1.2, 0.166, 3),
    ('a10001af-0000-0000-0000-000000000000', 'ff000066-0000-0000-0000-000000000000', 'age_at_assessment', 54, 0.129, 4),
    ('a10001b0-0000-0000-0000-000000000000', 'ff000066-0000-0000-0000-000000000000', 'num_sexual_partners', 4, 0.107, 5),
    ('a10001b1-0000-0000-0000-000000000000', 'ff000067-0000-0000-0000-000000000000', 'age_at_assessment', 28, 0.165, 1),
    ('a10001b2-0000-0000-0000-000000000000', 'ff000067-0000-0000-0000-000000000000', 'num_sexual_partners', 1, 0.106, 2),
    ('a10001b3-0000-0000-0000-000000000000', 'ff000067-0000-0000-0000-000000000000', 'num_pregnancies', 0, 0.089, 3),
    ('a10001b4-0000-0000-0000-000000000000', 'ff000068-0000-0000-0000-000000000000', 'age_at_assessment', 24, 0.192, 1),
    ('a10001b5-0000-0000-0000-000000000000', 'ff000068-0000-0000-0000-000000000000', 'num_sexual_partners', 2, 0.087, 2),
    ('a10001b6-0000-0000-0000-000000000000', 'ff000068-0000-0000-0000-000000000000', 'num_pregnancies', 1, 0.086, 3),
    ('a10001b7-0000-0000-0000-000000000000', 'ff000069-0000-0000-0000-000000000000', 'hc_years', 3.2, 0.199, 1),
    ('a10001b8-0000-0000-0000-000000000000', 'ff000069-0000-0000-0000-000000000000', 'num_sexual_partners', 2, 0.199, 2),
    ('a10001b9-0000-0000-0000-000000000000', 'ff000069-0000-0000-0000-000000000000', 'age_at_assessment', 34, 0.126, 3),
    ('a10001ba-0000-0000-0000-000000000000', 'ff000069-0000-0000-0000-000000000000', 'smokes_packs_year', 0.0, 0.111, 4),
    ('a10001bb-0000-0000-0000-000000000000', 'ff000069-0000-0000-0000-000000000000', 'num_pregnancies', 1, 0.057, 5),
    ('a10001bc-0000-0000-0000-000000000000', 'ff00006a-0000-0000-0000-000000000000', 'hc_years', 4.9, 0.199, 1),
    ('a10001bd-0000-0000-0000-000000000000', 'ff00006a-0000-0000-0000-000000000000', 'num_sexual_partners', 4, 0.174, 2),
    ('a10001be-0000-0000-0000-000000000000', 'ff00006a-0000-0000-0000-000000000000', 'age_at_assessment', 45, 0.138, 3),
    ('a10001bf-0000-0000-0000-000000000000', 'ff00006a-0000-0000-0000-000000000000', 'smokes_packs_year', 0.6, 0.079, 4),
    ('a10001c0-0000-0000-0000-000000000000', 'ff00006a-0000-0000-0000-000000000000', 'num_pregnancies', 2, 0.096, 5),
    ('a10001c1-0000-0000-0000-000000000000', 'ff00006b-0000-0000-0000-000000000000', 'hc_years', 4.8, 0.241, 1),
    ('a10001c2-0000-0000-0000-000000000000', 'ff00006b-0000-0000-0000-000000000000', 'num_sexual_partners', 3, 0.185, 2),
    ('a10001c3-0000-0000-0000-000000000000', 'ff00006b-0000-0000-0000-000000000000', 'age_at_assessment', 39, 0.148, 3),
    ('a10001c4-0000-0000-0000-000000000000', 'ff00006b-0000-0000-0000-000000000000', 'smokes_packs_year', 1.0, 0.095, 4),
    ('a10001c5-0000-0000-0000-000000000000', 'ff00006b-0000-0000-0000-000000000000', 'num_pregnancies', 2, 0.071, 5),
    ('a10001c6-0000-0000-0000-000000000000', 'ff00006c-0000-0000-0000-000000000000', 'hc_years', 5.7, 0.214, 1),
    ('a10001c7-0000-0000-0000-000000000000', 'ff00006c-0000-0000-0000-000000000000', 'num_sexual_partners', 2, 0.171, 2),
    ('a10001c8-0000-0000-0000-000000000000', 'ff00006c-0000-0000-0000-000000000000', 'age_at_assessment', 49, 0.125, 3),
    ('a10001c9-0000-0000-0000-000000000000', 'ff00006c-0000-0000-0000-000000000000', 'smokes_packs_year', 0.5, 0.111, 4),
    ('a10001ca-0000-0000-0000-000000000000', 'ff00006c-0000-0000-0000-000000000000', 'num_pregnancies', 1, 0.058, 5),
    ('a10001cb-0000-0000-0000-000000000000', 'ff00006d-0000-0000-0000-000000000000', 'age_at_assessment', 27, 0.192, 1),
    ('a10001cc-0000-0000-0000-000000000000', 'ff00006d-0000-0000-0000-000000000000', 'num_sexual_partners', 2, 0.067, 2),
    ('a10001cd-0000-0000-0000-000000000000', 'ff00006d-0000-0000-0000-000000000000', 'num_pregnancies', 0, 0.087, 3),
    ('a10001ce-0000-0000-0000-000000000000', 'ff00006e-0000-0000-0000-000000000000', 'hc_years', 5.9, 0.213, 1),
    ('a10001cf-0000-0000-0000-000000000000', 'ff00006e-0000-0000-0000-000000000000', 'num_sexual_partners', 4, 0.19, 2),
    ('a10001d0-0000-0000-0000-000000000000', 'ff00006e-0000-0000-0000-000000000000', 'age_at_assessment', 45, 0.139, 3),
    ('a10001d1-0000-0000-0000-000000000000', 'ff00006e-0000-0000-0000-000000000000', 'smokes_packs_year', 1.2, 0.109, 4),
    ('a10001d2-0000-0000-0000-000000000000', 'ff00006e-0000-0000-0000-000000000000', 'num_pregnancies', 2, 0.085, 5),
    ('a10001d3-0000-0000-0000-000000000000', 'ff00006f-0000-0000-0000-000000000000', 'hc_years', 3.4, 0.209, 1),
    ('a10001d4-0000-0000-0000-000000000000', 'ff00006f-0000-0000-0000-000000000000', 'num_sexual_partners', 3, 0.211, 2),
    ('a10001d5-0000-0000-0000-000000000000', 'ff00006f-0000-0000-0000-000000000000', 'age_at_assessment', 39, 0.144, 3),
    ('a10001d6-0000-0000-0000-000000000000', 'ff00006f-0000-0000-0000-000000000000', 'smokes_packs_year', 0.8, 0.116, 4),
    ('a10001d7-0000-0000-0000-000000000000', 'ff00006f-0000-0000-0000-000000000000', 'num_pregnancies', 2, 0.057, 5),
    ('a10001d8-0000-0000-0000-000000000000', 'ff000070-0000-0000-0000-000000000000', 'hc_years', 7.8, 0.203, 1),
    ('a10001d9-0000-0000-0000-000000000000', 'ff000070-0000-0000-0000-000000000000', 'num_sexual_partners', 4, 0.176, 2),
    ('a10001da-0000-0000-0000-000000000000', 'ff000070-0000-0000-0000-000000000000', 'age_at_assessment', 33, 0.162, 3),
    ('a10001db-0000-0000-0000-000000000000', 'ff000070-0000-0000-0000-000000000000', 'smokes_packs_year', 0.0, 0.115, 4),
    ('a10001dc-0000-0000-0000-000000000000', 'ff000070-0000-0000-0000-000000000000', 'num_pregnancies', 2, 0.097, 5),
    ('a10001dd-0000-0000-0000-000000000000', 'ff000071-0000-0000-0000-000000000000', 'age_at_assessment', 32, 0.17, 1),
    ('a10001de-0000-0000-0000-000000000000', 'ff000071-0000-0000-0000-000000000000', 'num_sexual_partners', 2, 0.097, 2),
    ('a10001df-0000-0000-0000-000000000000', 'ff000071-0000-0000-0000-000000000000', 'num_pregnancies', 0, 0.06, 3),
    ('a10001e0-0000-0000-0000-000000000000', 'ff000072-0000-0000-0000-000000000000', 'hc_years', 7.3, 0.239, 1),
    ('a10001e1-0000-0000-0000-000000000000', 'ff000072-0000-0000-0000-000000000000', 'num_sexual_partners', 2, 0.213, 2),
    ('a10001e2-0000-0000-0000-000000000000', 'ff000072-0000-0000-0000-000000000000', 'age_at_assessment', 48, 0.168, 3),
    ('a10001e3-0000-0000-0000-000000000000', 'ff000072-0000-0000-0000-000000000000', 'smokes_packs_year', 0.0, 0.107, 4),
    ('a10001e4-0000-0000-0000-000000000000', 'ff000072-0000-0000-0000-000000000000', 'num_pregnancies', 2, 0.103, 5),
    ('a10001e5-0000-0000-0000-000000000000', 'ff000073-0000-0000-0000-000000000000', 'hc_years', 7.1, 0.196, 1),
    ('a10001e6-0000-0000-0000-000000000000', 'ff000073-0000-0000-0000-000000000000', 'num_sexual_partners', 3, 0.209, 2),
    ('a10001e7-0000-0000-0000-000000000000', 'ff000073-0000-0000-0000-000000000000', 'age_at_assessment', 40, 0.132, 3),
    ('a10001e8-0000-0000-0000-000000000000', 'ff000073-0000-0000-0000-000000000000', 'smokes_packs_year', 0.8, 0.077, 4),
    ('a10001e9-0000-0000-0000-000000000000', 'ff000073-0000-0000-0000-000000000000', 'num_pregnancies', 1, 0.084, 5),
    ('a10001ea-0000-0000-0000-000000000000', 'ff000074-0000-0000-0000-000000000000', 'hc_years', 7.6, 0.215, 1),
    ('a10001eb-0000-0000-0000-000000000000', 'ff000074-0000-0000-0000-000000000000', 'num_sexual_partners', 2, 0.192, 2),
    ('a10001ec-0000-0000-0000-000000000000', 'ff000074-0000-0000-0000-000000000000', 'age_at_assessment', 48, 0.129, 3),
    ('a10001ed-0000-0000-0000-000000000000', 'ff000074-0000-0000-0000-000000000000', 'smokes_packs_year', 0.0, 0.086, 4),
    ('a10001ee-0000-0000-0000-000000000000', 'ff000074-0000-0000-0000-000000000000', 'num_pregnancies', 1, 0.092, 5),
    ('a10001ef-0000-0000-0000-000000000000', 'ff000075-0000-0000-0000-000000000000', 'dx_hpv', 1.0, 0.321, 1),
    ('a10001f0-0000-0000-0000-000000000000', 'ff000075-0000-0000-0000-000000000000', 'std_count', 3, 0.226, 2),
    ('a10001f1-0000-0000-0000-000000000000', 'ff000075-0000-0000-0000-000000000000', 'smokes_packs_year', 1.3, 0.2, 3),
    ('a10001f2-0000-0000-0000-000000000000', 'ff000075-0000-0000-0000-000000000000', 'age_at_assessment', 43, 0.138, 4),
    ('a10001f3-0000-0000-0000-000000000000', 'ff000075-0000-0000-0000-000000000000', 'num_sexual_partners', 5, 0.072, 5),
    ('a10001f4-0000-0000-0000-000000000000', 'ff000076-0000-0000-0000-000000000000', 'age_at_assessment', 31, 0.164, 1),
    ('a10001f5-0000-0000-0000-000000000000', 'ff000076-0000-0000-0000-000000000000', 'num_sexual_partners', 2, 0.096, 2),
    ('a10001f6-0000-0000-0000-000000000000', 'ff000076-0000-0000-0000-000000000000', 'num_pregnancies', 1, 0.058, 3),
    ('a10001f7-0000-0000-0000-000000000000', 'ff000077-0000-0000-0000-000000000000', 'hc_years', 3.1, 0.201, 1),
    ('a10001f8-0000-0000-0000-000000000000', 'ff000077-0000-0000-0000-000000000000', 'num_sexual_partners', 3, 0.199, 2),
    ('a10001f9-0000-0000-0000-000000000000', 'ff000077-0000-0000-0000-000000000000', 'age_at_assessment', 30, 0.153, 3),
    ('a10001fa-0000-0000-0000-000000000000', 'ff000077-0000-0000-0000-000000000000', 'smokes_packs_year', 0.0, 0.078, 4),
    ('a10001fb-0000-0000-0000-000000000000', 'ff000077-0000-0000-0000-000000000000', 'num_pregnancies', 1, 0.093, 5),
    ('a10001fc-0000-0000-0000-000000000000', 'ff000078-0000-0000-0000-000000000000', 'dx_hpv', 1.0, 0.335, 1),
    ('a10001fd-0000-0000-0000-000000000000', 'ff000078-0000-0000-0000-000000000000', 'std_count', 2, 0.242, 2),
    ('a10001fe-0000-0000-0000-000000000000', 'ff000078-0000-0000-0000-000000000000', 'smokes_packs_year', 2.6, 0.187, 3),
    ('a10001ff-0000-0000-0000-000000000000', 'ff000078-0000-0000-0000-000000000000', 'age_at_assessment', 45, 0.099, 4),
    ('a1000200-0000-0000-0000-000000000000', 'ff000078-0000-0000-0000-000000000000', 'num_sexual_partners', 8, 0.099, 5),
    ('a1000201-0000-0000-0000-000000000000', 'ff000079-0000-0000-0000-000000000000', 'dx_cin', 1.0, 0.368, 1),
    ('a1000202-0000-0000-0000-000000000000', 'ff000079-0000-0000-0000-000000000000', 'dx_hpv', 1.0, 0.265, 2),
    ('a1000203-0000-0000-0000-000000000000', 'ff000079-0000-0000-0000-000000000000', 'num_sexual_partners', 8, 0.144, 3),
    ('a1000204-0000-0000-0000-000000000000', 'ff000079-0000-0000-0000-000000000000', 'hc_years', 0.0, 0.123, 4),
    ('a1000205-0000-0000-0000-000000000000', 'ff000079-0000-0000-0000-000000000000', 'smokes_packs_year', 2.1, 0.073, 5),
    ('a1000206-0000-0000-0000-000000000000', 'ff00007a-0000-0000-0000-000000000000', 'age_at_assessment', 23, 0.189, 1),
    ('a1000207-0000-0000-0000-000000000000', 'ff00007a-0000-0000-0000-000000000000', 'num_sexual_partners', 2, 0.077, 2),
    ('a1000208-0000-0000-0000-000000000000', 'ff00007a-0000-0000-0000-000000000000', 'num_pregnancies', 0, 0.059, 3),
    ('a1000209-0000-0000-0000-000000000000', 'ff00007b-0000-0000-0000-000000000000', 'age_at_assessment', 29, 0.158, 1),
    ('a100020a-0000-0000-0000-000000000000', 'ff00007b-0000-0000-0000-000000000000', 'num_sexual_partners', 1, 0.075, 2),
    ('a100020b-0000-0000-0000-000000000000', 'ff00007b-0000-0000-0000-000000000000', 'num_pregnancies', 0, 0.069, 3),
    ('a100020c-0000-0000-0000-000000000000', 'ff00007c-0000-0000-0000-000000000000', 'dx_hpv', 1.0, 0.301, 1),
    ('a100020d-0000-0000-0000-000000000000', 'ff00007c-0000-0000-0000-000000000000', 'std_count', 4, 0.248, 2),
    ('a100020e-0000-0000-0000-000000000000', 'ff00007c-0000-0000-0000-000000000000', 'smokes_packs_year', 1.3, 0.19, 3),
    ('a100020f-0000-0000-0000-000000000000', 'ff00007c-0000-0000-0000-000000000000', 'age_at_assessment', 35, 0.103, 4),
    ('a1000210-0000-0000-0000-000000000000', 'ff00007c-0000-0000-0000-000000000000', 'num_sexual_partners', 5, 0.093, 5),
    ('a1000211-0000-0000-0000-000000000000', 'ff00007d-0000-0000-0000-000000000000', 'hc_years', 5.8, 0.235, 1),
    ('a1000212-0000-0000-0000-000000000000', 'ff00007d-0000-0000-0000-000000000000', 'num_sexual_partners', 4, 0.213, 2),
    ('a1000213-0000-0000-0000-000000000000', 'ff00007d-0000-0000-0000-000000000000', 'age_at_assessment', 36, 0.133, 3),
    ('a1000214-0000-0000-0000-000000000000', 'ff00007d-0000-0000-0000-000000000000', 'smokes_packs_year', 1.3, 0.091, 4),
    ('a1000215-0000-0000-0000-000000000000', 'ff00007d-0000-0000-0000-000000000000', 'num_pregnancies', 2, 0.094, 5),
    ('a1000216-0000-0000-0000-000000000000', 'ff00007e-0000-0000-0000-000000000000', 'hc_years', 7.4, 0.231, 1),
    ('a1000217-0000-0000-0000-000000000000', 'ff00007e-0000-0000-0000-000000000000', 'num_sexual_partners', 2, 0.197, 2),
    ('a1000218-0000-0000-0000-000000000000', 'ff00007e-0000-0000-0000-000000000000', 'age_at_assessment', 45, 0.139, 3),
    ('a1000219-0000-0000-0000-000000000000', 'ff00007e-0000-0000-0000-000000000000', 'smokes_packs_year', 0.7, 0.093, 4),
    ('a100021a-0000-0000-0000-000000000000', 'ff00007e-0000-0000-0000-000000000000', 'num_pregnancies', 2, 0.089, 5),
    ('a100021b-0000-0000-0000-000000000000', 'ff00007f-0000-0000-0000-000000000000', 'hc_years', 3.2, 0.212, 1),
    ('a100021c-0000-0000-0000-000000000000', 'ff00007f-0000-0000-0000-000000000000', 'num_sexual_partners', 3, 0.189, 2),
    ('a100021d-0000-0000-0000-000000000000', 'ff00007f-0000-0000-0000-000000000000', 'age_at_assessment', 29, 0.147, 3),
    ('a100021e-0000-0000-0000-000000000000', 'ff00007f-0000-0000-0000-000000000000', 'smokes_packs_year', 1.2, 0.114, 4),
    ('a100021f-0000-0000-0000-000000000000', 'ff00007f-0000-0000-0000-000000000000', 'num_pregnancies', 2, 0.079, 5),
    ('a1000220-0000-0000-0000-000000000000', 'ff000080-0000-0000-0000-000000000000', 'hc_years', 4.5, 0.2, 1),
    ('a1000221-0000-0000-0000-000000000000', 'ff000080-0000-0000-0000-000000000000', 'num_sexual_partners', 2, 0.197, 2),
    ('a1000222-0000-0000-0000-000000000000', 'ff000080-0000-0000-0000-000000000000', 'age_at_assessment', 49, 0.129, 3),
    ('a1000223-0000-0000-0000-000000000000', 'ff000080-0000-0000-0000-000000000000', 'smokes_packs_year', 1.3, 0.089, 4),
    ('a1000224-0000-0000-0000-000000000000', 'ff000080-0000-0000-0000-000000000000', 'num_pregnancies', 2, 0.096, 5),
    ('a1000225-0000-0000-0000-000000000000', 'ff000081-0000-0000-0000-000000000000', 'dx_cin', 1.0, 0.4, 1),
    ('a1000226-0000-0000-0000-000000000000', 'ff000081-0000-0000-0000-000000000000', 'dx_hpv', 1.0, 0.265, 2),
    ('a1000227-0000-0000-0000-000000000000', 'ff000081-0000-0000-0000-000000000000', 'num_sexual_partners', 8, 0.152, 3),
    ('a1000228-0000-0000-0000-000000000000', 'ff000081-0000-0000-0000-000000000000', 'hc_years', 0.0, 0.106, 4),
    ('a1000229-0000-0000-0000-000000000000', 'ff000081-0000-0000-0000-000000000000', 'smokes_packs_year', 2.3, 0.091, 5),
    ('a100022a-0000-0000-0000-000000000000', 'ff000082-0000-0000-0000-000000000000', 'age_at_assessment', 25, 0.2, 1),
    ('a100022b-0000-0000-0000-000000000000', 'ff000082-0000-0000-0000-000000000000', 'num_sexual_partners', 1, 0.107, 2),
    ('a100022c-0000-0000-0000-000000000000', 'ff000082-0000-0000-0000-000000000000', 'num_pregnancies', 1, 0.077, 3),
    ('a100022d-0000-0000-0000-000000000000', 'ff000083-0000-0000-0000-000000000000', 'dx_hpv', 1.0, 0.326, 1),
    ('a100022e-0000-0000-0000-000000000000', 'ff000083-0000-0000-0000-000000000000', 'std_count', 4, 0.244, 2),
    ('a100022f-0000-0000-0000-000000000000', 'ff000083-0000-0000-0000-000000000000', 'smokes_packs_year', 3.0, 0.193, 3),
    ('a1000230-0000-0000-0000-000000000000', 'ff000083-0000-0000-0000-000000000000', 'age_at_assessment', 38, 0.106, 4),
    ('a1000231-0000-0000-0000-000000000000', 'ff000083-0000-0000-0000-000000000000', 'num_sexual_partners', 4, 0.067, 5),
    ('a1000232-0000-0000-0000-000000000000', 'ff000084-0000-0000-0000-000000000000', 'hc_years', 4.1, 0.208, 1),
    ('a1000233-0000-0000-0000-000000000000', 'ff000084-0000-0000-0000-000000000000', 'num_sexual_partners', 3, 0.21, 2),
    ('a1000234-0000-0000-0000-000000000000', 'ff000084-0000-0000-0000-000000000000', 'age_at_assessment', 42, 0.152, 3),
    ('a1000235-0000-0000-0000-000000000000', 'ff000084-0000-0000-0000-000000000000', 'smokes_packs_year', 0.0, 0.108, 4),
    ('a1000236-0000-0000-0000-000000000000', 'ff000084-0000-0000-0000-000000000000', 'num_pregnancies', 2, 0.062, 5),
    ('a1000237-0000-0000-0000-000000000000', 'ff000085-0000-0000-0000-000000000000', 'dx_hpv', 1.0, 0.305, 1),
    ('a1000238-0000-0000-0000-000000000000', 'ff000085-0000-0000-0000-000000000000', 'std_count', 4, 0.26, 2),
    ('a1000239-0000-0000-0000-000000000000', 'ff000085-0000-0000-0000-000000000000', 'smokes_packs_year', 2.6, 0.184, 3),
    ('a100023a-0000-0000-0000-000000000000', 'ff000085-0000-0000-0000-000000000000', 'age_at_assessment', 59, 0.138, 4),
    ('a100023b-0000-0000-0000-000000000000', 'ff000085-0000-0000-0000-000000000000', 'num_sexual_partners', 7, 0.072, 5),
    ('a100023c-0000-0000-0000-000000000000', 'ff000086-0000-0000-0000-000000000000', 'age_at_assessment', 23, 0.18, 1),
    ('a100023d-0000-0000-0000-000000000000', 'ff000086-0000-0000-0000-000000000000', 'num_sexual_partners', 1, 0.07, 2),
    ('a100023e-0000-0000-0000-000000000000', 'ff000086-0000-0000-0000-000000000000', 'num_pregnancies', 0, 0.063, 3),
    ('a100023f-0000-0000-0000-000000000000', 'ff000087-0000-0000-0000-000000000000', 'hc_years', 7.6, 0.196, 1),
    ('a1000240-0000-0000-0000-000000000000', 'ff000087-0000-0000-0000-000000000000', 'num_sexual_partners', 2, 0.177, 2),
    ('a1000241-0000-0000-0000-000000000000', 'ff000087-0000-0000-0000-000000000000', 'age_at_assessment', 47, 0.173, 3),
    ('a1000242-0000-0000-0000-000000000000', 'ff000087-0000-0000-0000-000000000000', 'smokes_packs_year', 0.8, 0.124, 4),
    ('a1000243-0000-0000-0000-000000000000', 'ff000087-0000-0000-0000-000000000000', 'num_pregnancies', 1, 0.089, 5),
    ('a1000244-0000-0000-0000-000000000000', 'ff000088-0000-0000-0000-000000000000', 'age_at_assessment', 33, 0.193, 1),
    ('a1000245-0000-0000-0000-000000000000', 'ff000088-0000-0000-0000-000000000000', 'num_sexual_partners', 1, 0.072, 2),
    ('a1000246-0000-0000-0000-000000000000', 'ff000088-0000-0000-0000-000000000000', 'num_pregnancies', 1, 0.053, 3),
    ('a1000247-0000-0000-0000-000000000000', 'ff000089-0000-0000-0000-000000000000', 'age_at_assessment', 22, 0.183, 1),
    ('a1000248-0000-0000-0000-000000000000', 'ff000089-0000-0000-0000-000000000000', 'num_sexual_partners', 2, 0.093, 2),
    ('a1000249-0000-0000-0000-000000000000', 'ff000089-0000-0000-0000-000000000000', 'num_pregnancies', 1, 0.089, 3),
    ('a100024a-0000-0000-0000-000000000000', 'ff00008a-0000-0000-0000-000000000000', 'dx_cin', 1.0, 0.362, 1),
    ('a100024b-0000-0000-0000-000000000000', 'ff00008a-0000-0000-0000-000000000000', 'dx_hpv', 1.0, 0.292, 2),
    ('a100024c-0000-0000-0000-000000000000', 'ff00008a-0000-0000-0000-000000000000', 'num_sexual_partners', 5, 0.162, 3),
    ('a100024d-0000-0000-0000-000000000000', 'ff00008a-0000-0000-0000-000000000000', 'hc_years', 11.9, 0.077, 4),
    ('a100024e-0000-0000-0000-000000000000', 'ff00008a-0000-0000-0000-000000000000', 'smokes_packs_year', 2.2, 0.093, 5),
    ('a100024f-0000-0000-0000-000000000000', 'ff00008b-0000-0000-0000-000000000000', 'hc_years', 7.1, 0.207, 1),
    ('a1000250-0000-0000-0000-000000000000', 'ff00008b-0000-0000-0000-000000000000', 'num_sexual_partners', 2, 0.178, 2),
    ('a1000251-0000-0000-0000-000000000000', 'ff00008b-0000-0000-0000-000000000000', 'age_at_assessment', 37, 0.137, 3),
    ('a1000252-0000-0000-0000-000000000000', 'ff00008b-0000-0000-0000-000000000000', 'smokes_packs_year', 0.9, 0.108, 4),
    ('a1000253-0000-0000-0000-000000000000', 'ff00008b-0000-0000-0000-000000000000', 'num_pregnancies', 2, 0.081, 5),
    ('a1000254-0000-0000-0000-000000000000', 'ff00008c-0000-0000-0000-000000000000', 'age_at_assessment', 32, 0.195, 1),
    ('a1000255-0000-0000-0000-000000000000', 'ff00008c-0000-0000-0000-000000000000', 'num_sexual_partners', 1, 0.084, 2),
    ('a1000256-0000-0000-0000-000000000000', 'ff00008c-0000-0000-0000-000000000000', 'num_pregnancies', 0, 0.091, 3),
    ('a1000257-0000-0000-0000-000000000000', 'ff00008d-0000-0000-0000-000000000000', 'dx_cin', 1.0, 0.399, 1),
    ('a1000258-0000-0000-0000-000000000000', 'ff00008d-0000-0000-0000-000000000000', 'dx_hpv', 1.0, 0.257, 2),
    ('a1000259-0000-0000-0000-000000000000', 'ff00008d-0000-0000-0000-000000000000', 'num_sexual_partners', 4, 0.147, 3),
    ('a100025a-0000-0000-0000-000000000000', 'ff00008d-0000-0000-0000-000000000000', 'hc_years', 14.2, 0.08, 4),
    ('a100025b-0000-0000-0000-000000000000', 'ff00008d-0000-0000-0000-000000000000', 'smokes_packs_year', 1.9, 0.103, 5),
    ('a100025c-0000-0000-0000-000000000000', 'ff00008e-0000-0000-0000-000000000000', 'age_at_assessment', 25, 0.187, 1),
    ('a100025d-0000-0000-0000-000000000000', 'ff00008e-0000-0000-0000-000000000000', 'num_sexual_partners', 1, 0.079, 2),
    ('a100025e-0000-0000-0000-000000000000', 'ff00008e-0000-0000-0000-000000000000', 'num_pregnancies', 1, 0.082, 3),
    ('a100025f-0000-0000-0000-000000000000', 'ff00008f-0000-0000-0000-000000000000', 'dx_cin', 1.0, 0.384, 1),
    ('a1000260-0000-0000-0000-000000000000', 'ff00008f-0000-0000-0000-000000000000', 'dx_hpv', 1.0, 0.284, 2),
    ('a1000261-0000-0000-0000-000000000000', 'ff00008f-0000-0000-0000-000000000000', 'num_sexual_partners', 4, 0.134, 3),
    ('a1000262-0000-0000-0000-000000000000', 'ff00008f-0000-0000-0000-000000000000', 'hc_years', 0.0, 0.094, 4),
    ('a1000263-0000-0000-0000-000000000000', 'ff00008f-0000-0000-0000-000000000000', 'smokes_packs_year', 1.4, 0.084, 5),
    ('a1000264-0000-0000-0000-000000000000', 'ff000090-0000-0000-0000-000000000000', 'hc_years', 4.7, 0.24, 1),
    ('a1000265-0000-0000-0000-000000000000', 'ff000090-0000-0000-0000-000000000000', 'num_sexual_partners', 4, 0.169, 2),
    ('a1000266-0000-0000-0000-000000000000', 'ff000090-0000-0000-0000-000000000000', 'age_at_assessment', 47, 0.138, 3),
    ('a1000267-0000-0000-0000-000000000000', 'ff000090-0000-0000-0000-000000000000', 'smokes_packs_year', 0.9, 0.124, 4),
    ('a1000268-0000-0000-0000-000000000000', 'ff000090-0000-0000-0000-000000000000', 'num_pregnancies', 2, 0.066, 5),
    ('a1000269-0000-0000-0000-000000000000', 'ff000091-0000-0000-0000-000000000000', 'age_at_assessment', 31, 0.175, 1),
    ('a100026a-0000-0000-0000-000000000000', 'ff000091-0000-0000-0000-000000000000', 'num_sexual_partners', 2, 0.106, 2),
    ('a100026b-0000-0000-0000-000000000000', 'ff000091-0000-0000-0000-000000000000', 'num_pregnancies', 1, 0.062, 3),
    ('a100026c-0000-0000-0000-000000000000', 'ff000092-0000-0000-0000-000000000000', 'dx_cin', 1.0, 0.395, 1),
    ('a100026d-0000-0000-0000-000000000000', 'ff000092-0000-0000-0000-000000000000', 'dx_hpv', 1.0, 0.299, 2),
    ('a100026e-0000-0000-0000-000000000000', 'ff000092-0000-0000-0000-000000000000', 'num_sexual_partners', 8, 0.115, 3),
    ('a100026f-0000-0000-0000-000000000000', 'ff000092-0000-0000-0000-000000000000', 'hc_years', 0.0, 0.119, 4),
    ('a1000270-0000-0000-0000-000000000000', 'ff000092-0000-0000-0000-000000000000', 'smokes_packs_year', 2.0, 0.077, 5),
    ('a1000271-0000-0000-0000-000000000000', 'ff000093-0000-0000-0000-000000000000', 'age_at_assessment', 33, 0.166, 1),
    ('a1000272-0000-0000-0000-000000000000', 'ff000093-0000-0000-0000-000000000000', 'num_sexual_partners', 1, 0.091, 2),
    ('a1000273-0000-0000-0000-000000000000', 'ff000093-0000-0000-0000-000000000000', 'num_pregnancies', 0, 0.059, 3),
    ('a1000274-0000-0000-0000-000000000000', 'ff000094-0000-0000-0000-000000000000', 'hc_years', 4.5, 0.203, 1),
    ('a1000275-0000-0000-0000-000000000000', 'ff000094-0000-0000-0000-000000000000', 'num_sexual_partners', 4, 0.173, 2),
    ('a1000276-0000-0000-0000-000000000000', 'ff000094-0000-0000-0000-000000000000', 'age_at_assessment', 35, 0.155, 3),
    ('a1000277-0000-0000-0000-000000000000', 'ff000094-0000-0000-0000-000000000000', 'smokes_packs_year', 0.0, 0.116, 4),
    ('a1000278-0000-0000-0000-000000000000', 'ff000094-0000-0000-0000-000000000000', 'num_pregnancies', 1, 0.088, 5),
    ('a1000279-0000-0000-0000-000000000000', 'ff000095-0000-0000-0000-000000000000', 'hc_years', 4.9, 0.216, 1),
    ('a100027a-0000-0000-0000-000000000000', 'ff000095-0000-0000-0000-000000000000', 'num_sexual_partners', 4, 0.182, 2),
    ('a100027b-0000-0000-0000-000000000000', 'ff000095-0000-0000-0000-000000000000', 'age_at_assessment', 35, 0.131, 3),
    ('a100027c-0000-0000-0000-000000000000', 'ff000095-0000-0000-0000-000000000000', 'smokes_packs_year', 1.4, 0.109, 4),
    ('a100027d-0000-0000-0000-000000000000', 'ff000095-0000-0000-0000-000000000000', 'num_pregnancies', 2, 0.079, 5),
    ('a100027e-0000-0000-0000-000000000000', 'ff000096-0000-0000-0000-000000000000', 'age_at_assessment', 31, 0.185, 1),
    ('a100027f-0000-0000-0000-000000000000', 'ff000096-0000-0000-0000-000000000000', 'num_sexual_partners', 1, 0.097, 2),
    ('a1000280-0000-0000-0000-000000000000', 'ff000096-0000-0000-0000-000000000000', 'num_pregnancies', 1, 0.066, 3);

-- =============================================================================
-- OVERRIDE (~15 patients, ~10% override rate)
-- =============================================================================
INSERT INTO Override
    (override_id, recommendation_id, override_user_id,
     original_category, new_category, reasoning, entered_at)
VALUES
    ('a2000001-0000-0000-0000-000000000000', 'ff000002-0000-0000-0000-000000000000', 'aa000007-0000-0000-0000-000000000000', 'expedited testing', 'referral', 'Patient reported new risk factors not captured in structured fields. Upgrading recommendation as precaution.', '2025-08-06 11:00:00'),
    ('a2000002-0000-0000-0000-000000000000', 'ff00000f-0000-0000-0000-000000000000', 'aa000004-0000-0000-0000-000000000000', 'expedited testing', 'referral', 'Patient has significant family history not in current model. Elevating for expedited evaluation.', '2025-11-03 11:00:00'),
    ('a2000003-0000-0000-0000-000000000000', 'ff000015-0000-0000-0000-000000000000', 'aa000007-0000-0000-0000-000000000000', 'expedited testing', 'referral', 'Patient reported new risk factors not captured in structured fields. Upgrading recommendation as precaution.', '2025-03-24 11:00:00'),
    ('a2000004-0000-0000-0000-000000000000', 'ff000024-0000-0000-0000-000000000000', 'aa000005-0000-0000-0000-000000000000', 'referral', 'expedited testing', 'Patient has significant family history not in current model. Elevating for expedited evaluation.', '2025-08-19 11:00:00'),
    ('a2000005-0000-0000-0000-000000000000', 'ff000025-0000-0000-0000-000000000000', 'aa000007-0000-0000-0000-000000000000', 'referral', 'expedited testing', 'Patient reported new risk factors not captured in structured fields. Upgrading recommendation as precaution.', '2025-05-29 11:00:00'),
    ('a2000006-0000-0000-0000-000000000000', 'ff00002e-0000-0000-0000-000000000000', 'aa000001-0000-0000-0000-000000000000', 'expedited testing', 'referral', 'Patient deferred last recommended screening. Adjusting to account for extended screening gap.', '2026-01-09 11:00:00'),
    ('a2000007-0000-0000-0000-000000000000', 'ff00002f-0000-0000-0000-000000000000', 'aa000005-0000-0000-0000-000000000000', 'expedited testing', 'referral', 'Patient preference for more frequent monitoring documented. Adjusting accordingly.', '2025-05-11 11:00:00'),
    ('a2000008-0000-0000-0000-000000000000', 'ff000034-0000-0000-0000-000000000000', 'aa000002-0000-0000-0000-000000000000', 'referral', 'expedited testing', 'Patient reported new risk factors not captured in structured fields. Upgrading recommendation as precaution.', '2025-09-06 11:00:00'),
    ('a2000009-0000-0000-0000-000000000000', 'ff000051-0000-0000-0000-000000000000', 'aa000006-0000-0000-0000-000000000000', 'referral', 'expedited testing', 'Patient deferred last recommended screening. Adjusting to account for extended screening gap.', '2025-11-26 11:00:00'),
    ('a200000a-0000-0000-0000-000000000000', 'ff000056-0000-0000-0000-000000000000', 'aa000006-0000-0000-0000-000000000000', 'expedited testing', 'referral', 'Recent STI diagnosis reported verbally during visit. Upgrading to expedited testing.', '2025-07-16 11:00:00'),
    ('a200000b-0000-0000-0000-000000000000', 'ff000058-0000-0000-0000-000000000000', 'aa000003-0000-0000-0000-000000000000', 'routine recall', 'expedited testing', 'Prior biopsy at external facility reported. Upgrading based on additional clinical context.', '2025-12-31 11:00:00'),
    ('a200000c-0000-0000-0000-000000000000', 'ff000069-0000-0000-0000-000000000000', 'aa000003-0000-0000-0000-000000000000', 'expedited testing', 'routine recall', 'Prior biopsy at external facility reported. Upgrading based on additional clinical context.', '2025-09-05 11:00:00'),
    ('a200000d-0000-0000-0000-000000000000', 'ff000076-0000-0000-0000-000000000000', 'aa000004-0000-0000-0000-000000000000', 'routine recall', 'expedited testing', 'Patient has significant family history not in current model. Elevating for expedited evaluation.', '2026-01-24 11:00:00'),
    ('a200000e-0000-0000-0000-000000000000', 'ff00007d-0000-0000-0000-000000000000', 'aa000005-0000-0000-0000-000000000000', 'expedited testing', 'referral', 'Patient preference for more frequent monitoring documented. Adjusting accordingly.', '2026-03-11 11:00:00'),
    ('a200000f-0000-0000-0000-000000000000', 'ff000092-0000-0000-0000-000000000000', 'aa000006-0000-0000-0000-000000000000', 'referral', 'expedited testing', 'Patient has significant family history not in current model. Elevating for expedited evaluation.', '2025-07-20 11:00:00');

-- =============================================================================
-- FOLLOW_UP
-- =============================================================================
INSERT INTO Follow_Up
    (follow_up_id, encounter_id, patient_id, assigned_to, recommended_action,
     status, due_date, updated_by, updated_at)
VALUES
    ('a3000001-0000-0000-0000-000000000000', 'cc000001-0000-0000-0000-000000000000', 'bb000001-0000-0000-0000-000000000000', 'aa00000d-0000-0000-0000-000000000000', 'routine recall', 'complete', '2027-03-02', 'aa00000d-0000-0000-0000-000000000000', '2026-03-03'),
    ('a3000002-0000-0000-0000-000000000000', 'cc000002-0000-0000-0000-000000000000', 'bb000002-0000-0000-0000-000000000000', 'aa00000a-0000-0000-0000-000000000000', 'referral', 'complete', '2025-08-29', 'aa00000a-0000-0000-0000-000000000000', '2025-08-07'),
    ('a3000003-0000-0000-0000-000000000000', 'cc000003-0000-0000-0000-000000000000', 'bb000003-0000-0000-0000-000000000000', 'aa00000d-0000-0000-0000-000000000000', 'referral', 'scheduled', '2025-10-09', 'aa00000d-0000-0000-0000-000000000000', '2025-09-22'),
    ('a3000004-0000-0000-0000-000000000000', 'cc000004-0000-0000-0000-000000000000', 'bb000004-0000-0000-0000-000000000000', 'aa00000a-0000-0000-0000-000000000000', 'routine recall', 'complete', '2026-08-12', 'aa00000a-0000-0000-0000-000000000000', '2025-08-13'),
    ('a3000005-0000-0000-0000-000000000000', 'cc000005-0000-0000-0000-000000000000', 'bb000005-0000-0000-0000-000000000000', 'aa00000b-0000-0000-0000-000000000000', 'expedited testing', 'complete', '2026-03-24', 'aa00000b-0000-0000-0000-000000000000', '2026-02-18'),
    ('a3000006-0000-0000-0000-000000000000', 'cc000006-0000-0000-0000-000000000000', 'bb000006-0000-0000-0000-000000000000', 'aa00000d-0000-0000-0000-000000000000', 'expedited testing', 'complete', '2025-10-12', 'aa00000d-0000-0000-0000-000000000000', '2025-09-04'),
    ('a3000007-0000-0000-0000-000000000000', 'cc000007-0000-0000-0000-000000000000', 'bb000007-0000-0000-0000-000000000000', 'aa000009-0000-0000-0000-000000000000', 'referral', 'pending', '2025-09-23', 'aa000009-0000-0000-0000-000000000000', '2025-09-07'),
    ('a3000008-0000-0000-0000-000000000000', 'cc000008-0000-0000-0000-000000000000', 'bb000008-0000-0000-0000-000000000000', 'aa00000c-0000-0000-0000-000000000000', 'referral', 'scheduled', '2025-07-08', 'aa00000c-0000-0000-0000-000000000000', '2025-06-19'),
    ('a3000009-0000-0000-0000-000000000000', 'cc000009-0000-0000-0000-000000000000', 'bb000009-0000-0000-0000-000000000000', 'aa00000a-0000-0000-0000-000000000000', 'expedited testing', 'pending', '2025-06-13', 'aa00000a-0000-0000-0000-000000000000', '2025-05-21'),
    ('a300000a-0000-0000-0000-000000000000', 'cc00000a-0000-0000-0000-000000000000', 'bb00000a-0000-0000-0000-000000000000', 'aa000009-0000-0000-0000-000000000000', 'routine recall', 'pending', '2026-05-06', 'aa000009-0000-0000-0000-000000000000', '2025-05-07'),
    ('a300000b-0000-0000-0000-000000000000', 'cc00000b-0000-0000-0000-000000000000', 'bb00000b-0000-0000-0000-000000000000', 'aa00000a-0000-0000-0000-000000000000', 'expedited testing', 'scheduled', '2025-05-14', 'aa00000a-0000-0000-0000-000000000000', '2025-04-08'),
    ('a300000c-0000-0000-0000-000000000000', 'cc00000c-0000-0000-0000-000000000000', 'bb00000c-0000-0000-0000-000000000000', 'aa00000d-0000-0000-0000-000000000000', 'expedited testing', 'pending', '2025-06-14', 'aa00000d-0000-0000-0000-000000000000', '2025-05-04'),
    ('a300000d-0000-0000-0000-000000000000', 'cc00000d-0000-0000-0000-000000000000', 'bb00000d-0000-0000-0000-000000000000', 'aa00000c-0000-0000-0000-000000000000', 'routine recall', 'pending', '2026-07-19', 'aa00000c-0000-0000-0000-000000000000', '2025-07-20'),
    ('a300000e-0000-0000-0000-000000000000', 'cc00000e-0000-0000-0000-000000000000', 'bb00000e-0000-0000-0000-000000000000', 'aa00000a-0000-0000-0000-000000000000', 'expedited testing', 'pending', '2025-09-29', 'aa00000a-0000-0000-0000-000000000000', '2025-08-21'),
    ('a300000f-0000-0000-0000-000000000000', 'cc00000f-0000-0000-0000-000000000000', 'bb00000f-0000-0000-0000-000000000000', 'aa000009-0000-0000-0000-000000000000', 'referral', 'pending', '2025-11-19', 'aa000009-0000-0000-0000-000000000000', '2025-11-04'),
    ('a3000010-0000-0000-0000-000000000000', 'cc000010-0000-0000-0000-000000000000', 'bb000010-0000-0000-0000-000000000000', 'aa00000c-0000-0000-0000-000000000000', 'expedited testing', 'scheduled', '2026-04-20', 'aa00000c-0000-0000-0000-000000000000', '2026-03-12'),
    ('a3000011-0000-0000-0000-000000000000', 'cc000011-0000-0000-0000-000000000000', 'bb000011-0000-0000-0000-000000000000', 'aa00000d-0000-0000-0000-000000000000', 'expedited testing', 'complete', '2025-04-17', 'aa00000d-0000-0000-0000-000000000000', '2025-03-27'),
    ('a3000012-0000-0000-0000-000000000000', 'cc000012-0000-0000-0000-000000000000', 'bb000012-0000-0000-0000-000000000000', 'aa00000d-0000-0000-0000-000000000000', 'routine recall', 'complete', '2026-11-11', 'aa00000d-0000-0000-0000-000000000000', '2025-11-12'),
    ('a3000013-0000-0000-0000-000000000000', 'cc000013-0000-0000-0000-000000000000', 'bb000013-0000-0000-0000-000000000000', 'aa00000d-0000-0000-0000-000000000000', 'routine recall', 'complete', '2026-12-24', 'aa00000d-0000-0000-0000-000000000000', '2025-12-25'),
    ('a3000014-0000-0000-0000-000000000000', 'cc000014-0000-0000-0000-000000000000', 'bb000014-0000-0000-0000-000000000000', 'aa000009-0000-0000-0000-000000000000', 'routine recall', 'complete', '2026-11-30', 'aa000009-0000-0000-0000-000000000000', '2025-12-01'),
    ('a3000015-0000-0000-0000-000000000000', 'cc000015-0000-0000-0000-000000000000', 'bb000015-0000-0000-0000-000000000000', 'aa000009-0000-0000-0000-000000000000', 'referral', 'scheduled', '2025-04-14', 'aa000009-0000-0000-0000-000000000000', '2025-03-25'),
    ('a3000016-0000-0000-0000-000000000000', 'cc000016-0000-0000-0000-000000000000', 'bb000016-0000-0000-0000-000000000000', 'aa00000a-0000-0000-0000-000000000000', 'routine recall', 'scheduled', '2026-09-18', 'aa00000a-0000-0000-0000-000000000000', '2025-09-19'),
    ('a3000017-0000-0000-0000-000000000000', 'cc000017-0000-0000-0000-000000000000', 'bb000017-0000-0000-0000-000000000000', 'aa00000d-0000-0000-0000-000000000000', 'expedited testing', 'pending', '2025-12-20', 'aa00000d-0000-0000-0000-000000000000', '2025-11-13'),
    ('a3000018-0000-0000-0000-000000000000', 'cc000018-0000-0000-0000-000000000000', 'bb000018-0000-0000-0000-000000000000', 'aa000009-0000-0000-0000-000000000000', 'expedited testing', 'complete', '2026-04-25', 'aa000009-0000-0000-0000-000000000000', '2026-03-15'),
    ('a3000019-0000-0000-0000-000000000000', 'cc000019-0000-0000-0000-000000000000', 'bb000019-0000-0000-0000-000000000000', 'aa00000c-0000-0000-0000-000000000000', 'referral', 'complete', '2026-01-15', 'aa00000c-0000-0000-0000-000000000000', '2025-12-25'),
    ('a300001a-0000-0000-0000-000000000000', 'cc00001a-0000-0000-0000-000000000000', 'bb00001a-0000-0000-0000-000000000000', 'aa00000c-0000-0000-0000-000000000000', 'expedited testing', 'scheduled', '2025-07-08', 'aa00000c-0000-0000-0000-000000000000', '2025-06-07'),
    ('a300001b-0000-0000-0000-000000000000', 'cc00001b-0000-0000-0000-000000000000', 'bb00001b-0000-0000-0000-000000000000', 'aa000009-0000-0000-0000-000000000000', 'routine recall', 'scheduled', '2026-11-21', 'aa000009-0000-0000-0000-000000000000', '2025-11-22'),
    ('a300001c-0000-0000-0000-000000000000', 'cc00001c-0000-0000-0000-000000000000', 'bb00001c-0000-0000-0000-000000000000', 'aa00000d-0000-0000-0000-000000000000', 'expedited testing', 'pending', '2026-01-01', 'aa00000d-0000-0000-0000-000000000000', '2025-11-29'),
    ('a300001d-0000-0000-0000-000000000000', 'cc00001d-0000-0000-0000-000000000000', 'bb00001d-0000-0000-0000-000000000000', 'aa00000a-0000-0000-0000-000000000000', 'expedited testing', 'complete', '2026-05-05', 'aa00000a-0000-0000-0000-000000000000', '2026-03-31'),
    ('a300001e-0000-0000-0000-000000000000', 'cc00001e-0000-0000-0000-000000000000', 'bb00001e-0000-0000-0000-000000000000', 'aa00000c-0000-0000-0000-000000000000', 'routine recall', 'complete', '2026-08-24', 'aa00000c-0000-0000-0000-000000000000', '2025-08-25'),
    ('a300001f-0000-0000-0000-000000000000', 'cc00001f-0000-0000-0000-000000000000', 'bb00001f-0000-0000-0000-000000000000', 'aa00000b-0000-0000-0000-000000000000', 'routine recall', 'complete', '2027-03-18', 'aa00000b-0000-0000-0000-000000000000', '2026-03-19'),
    ('a3000020-0000-0000-0000-000000000000', 'cc000020-0000-0000-0000-000000000000', 'bb000020-0000-0000-0000-000000000000', 'aa00000d-0000-0000-0000-000000000000', 'routine recall', 'complete', '2026-03-26', 'aa00000d-0000-0000-0000-000000000000', '2025-03-27'),
    ('a3000021-0000-0000-0000-000000000000', 'cc000021-0000-0000-0000-000000000000', 'bb000021-0000-0000-0000-000000000000', 'aa00000d-0000-0000-0000-000000000000', 'routine recall', 'complete', '2026-03-03', 'aa00000d-0000-0000-0000-000000000000', '2025-03-04'),
    ('a3000022-0000-0000-0000-000000000000', 'cc000022-0000-0000-0000-000000000000', 'bb000022-0000-0000-0000-000000000000', 'aa000009-0000-0000-0000-000000000000', 'routine recall', 'complete', '2026-08-12', 'aa000009-0000-0000-0000-000000000000', '2025-08-13'),
    ('a3000023-0000-0000-0000-000000000000', 'cc000023-0000-0000-0000-000000000000', 'bb000023-0000-0000-0000-000000000000', 'aa00000c-0000-0000-0000-000000000000', 'routine recall', 'complete', '2026-03-19', 'aa00000c-0000-0000-0000-000000000000', '2025-03-20'),
    ('a3000024-0000-0000-0000-000000000000', 'cc000024-0000-0000-0000-000000000000', 'bb000024-0000-0000-0000-000000000000', 'aa00000a-0000-0000-0000-000000000000', 'expedited testing', 'scheduled', '2025-09-17', 'aa00000a-0000-0000-0000-000000000000', '2025-08-20'),
    ('a3000025-0000-0000-0000-000000000000', 'cc000025-0000-0000-0000-000000000000', 'bb000025-0000-0000-0000-000000000000', 'aa00000c-0000-0000-0000-000000000000', 'expedited testing', 'scheduled', '2025-06-26', 'aa00000c-0000-0000-0000-000000000000', '2025-05-30'),
    ('a3000026-0000-0000-0000-000000000000', 'cc000026-0000-0000-0000-000000000000', 'bb000026-0000-0000-0000-000000000000', 'aa000009-0000-0000-0000-000000000000', 'referral', 'scheduled', '2025-08-20', 'aa000009-0000-0000-0000-000000000000', '2025-08-03'),
    ('a3000027-0000-0000-0000-000000000000', 'cc000027-0000-0000-0000-000000000000', 'bb000027-0000-0000-0000-000000000000', 'aa00000d-0000-0000-0000-000000000000', 'referral', 'complete', '2025-11-28', 'aa00000d-0000-0000-0000-000000000000', '2025-11-01'),
    ('a3000028-0000-0000-0000-000000000000', 'cc000028-0000-0000-0000-000000000000', 'bb000028-0000-0000-0000-000000000000', 'aa00000d-0000-0000-0000-000000000000', 'routine recall', 'complete', '2026-12-06', 'aa00000d-0000-0000-0000-000000000000', '2025-12-07'),
    ('a3000029-0000-0000-0000-000000000000', 'cc000029-0000-0000-0000-000000000000', 'bb000029-0000-0000-0000-000000000000', 'aa00000c-0000-0000-0000-000000000000', 'referral', 'complete', '2025-12-05', 'aa00000c-0000-0000-0000-000000000000', '2025-11-18'),
    ('a300002a-0000-0000-0000-000000000000', 'cc00002a-0000-0000-0000-000000000000', 'bb00002a-0000-0000-0000-000000000000', 'aa00000a-0000-0000-0000-000000000000', 'routine recall', 'scheduled', '2026-12-03', 'aa00000a-0000-0000-0000-000000000000', '2025-12-04'),
    ('a300002b-0000-0000-0000-000000000000', 'cc00002b-0000-0000-0000-000000000000', 'bb00002b-0000-0000-0000-000000000000', 'aa000009-0000-0000-0000-000000000000', 'routine recall', 'pending', '2026-09-08', 'aa000009-0000-0000-0000-000000000000', '2025-09-09'),
    ('a300002c-0000-0000-0000-000000000000', 'cc00002c-0000-0000-0000-000000000000', 'bb00002c-0000-0000-0000-000000000000', 'aa000009-0000-0000-0000-000000000000', 'routine recall', 'complete', '2026-05-08', 'aa000009-0000-0000-0000-000000000000', '2025-05-09'),
    ('a300002d-0000-0000-0000-000000000000', 'cc00002d-0000-0000-0000-000000000000', 'bb00002d-0000-0000-0000-000000000000', 'aa00000d-0000-0000-0000-000000000000', 'expedited testing', 'complete', '2025-09-06', 'aa00000d-0000-0000-0000-000000000000', '2025-08-01'),
    ('a300002e-0000-0000-0000-000000000000', 'cc00002e-0000-0000-0000-000000000000', 'bb00002e-0000-0000-0000-000000000000', 'aa000009-0000-0000-0000-000000000000', 'referral', 'scheduled', '2026-01-31', 'aa000009-0000-0000-0000-000000000000', '2026-01-10'),
    ('a300002f-0000-0000-0000-000000000000', 'cc00002f-0000-0000-0000-000000000000', 'bb00002f-0000-0000-0000-000000000000', 'aa000009-0000-0000-0000-000000000000', 'referral', 'pending', '2025-05-31', 'aa000009-0000-0000-0000-000000000000', '2025-05-12'),
    ('a3000030-0000-0000-0000-000000000000', 'cc000030-0000-0000-0000-000000000000', 'bb000030-0000-0000-0000-000000000000', 'aa00000a-0000-0000-0000-000000000000', 'routine recall', 'scheduled', '2027-03-12', 'aa00000a-0000-0000-0000-000000000000', '2026-03-13'),
    ('a3000031-0000-0000-0000-000000000000', 'cc000031-0000-0000-0000-000000000000', 'bb000031-0000-0000-0000-000000000000', 'aa00000b-0000-0000-0000-000000000000', 'routine recall', 'pending', '2026-11-24', 'aa00000b-0000-0000-0000-000000000000', '2025-11-25'),
    ('a3000032-0000-0000-0000-000000000000', 'cc000032-0000-0000-0000-000000000000', 'bb000032-0000-0000-0000-000000000000', 'aa00000c-0000-0000-0000-000000000000', 'routine recall', 'scheduled', '2026-10-29', 'aa00000c-0000-0000-0000-000000000000', '2025-10-30'),
    ('a3000033-0000-0000-0000-000000000000', 'cc000033-0000-0000-0000-000000000000', 'bb000033-0000-0000-0000-000000000000', 'aa00000b-0000-0000-0000-000000000000', 'routine recall', 'scheduled', '2026-12-11', 'aa00000b-0000-0000-0000-000000000000', '2025-12-12'),
    ('a3000034-0000-0000-0000-000000000000', 'cc000034-0000-0000-0000-000000000000', 'bb000034-0000-0000-0000-000000000000', 'aa000009-0000-0000-0000-000000000000', 'expedited testing', 'scheduled', '2025-10-01', 'aa000009-0000-0000-0000-000000000000', '2025-09-07'),
    ('a3000035-0000-0000-0000-000000000000', 'cc000035-0000-0000-0000-000000000000', 'bb000035-0000-0000-0000-000000000000', 'aa00000c-0000-0000-0000-000000000000', 'expedited testing', 'pending', '2026-04-25', 'aa00000c-0000-0000-0000-000000000000', '2026-03-16'),
    ('a3000036-0000-0000-0000-000000000000', 'cc000036-0000-0000-0000-000000000000', 'bb000036-0000-0000-0000-000000000000', 'aa00000d-0000-0000-0000-000000000000', 'expedited testing', 'scheduled', '2025-12-17', 'aa00000d-0000-0000-0000-000000000000', '2025-11-19'),
    ('a3000037-0000-0000-0000-000000000000', 'cc000037-0000-0000-0000-000000000000', 'bb000037-0000-0000-0000-000000000000', 'aa00000b-0000-0000-0000-000000000000', 'expedited testing', 'pending', '2025-04-16', 'aa00000b-0000-0000-0000-000000000000', '2025-03-10'),
    ('a3000038-0000-0000-0000-000000000000', 'cc000038-0000-0000-0000-000000000000', 'bb000038-0000-0000-0000-000000000000', 'aa00000c-0000-0000-0000-000000000000', 'routine recall', 'pending', '2027-03-26', 'aa00000c-0000-0000-0000-000000000000', '2026-03-27'),
    ('a3000039-0000-0000-0000-000000000000', 'cc000039-0000-0000-0000-000000000000', 'bb000039-0000-0000-0000-000000000000', 'aa00000d-0000-0000-0000-000000000000', 'expedited testing', 'pending', '2025-12-08', 'aa00000d-0000-0000-0000-000000000000', '2025-11-07'),
    ('a300003a-0000-0000-0000-000000000000', 'cc00003a-0000-0000-0000-000000000000', 'bb00003a-0000-0000-0000-000000000000', 'aa00000d-0000-0000-0000-000000000000', 'routine recall', 'complete', '2026-03-31', 'aa00000d-0000-0000-0000-000000000000', '2025-04-01'),
    ('a300003b-0000-0000-0000-000000000000', 'cc00003b-0000-0000-0000-000000000000', 'bb00003b-0000-0000-0000-000000000000', 'aa00000b-0000-0000-0000-000000000000', 'referral', 'scheduled', '2025-12-24', 'aa00000b-0000-0000-0000-000000000000', '2025-12-01'),
    ('a300003c-0000-0000-0000-000000000000', 'cc00003c-0000-0000-0000-000000000000', 'bb00003c-0000-0000-0000-000000000000', 'aa00000c-0000-0000-0000-000000000000', 'routine recall', 'scheduled', '2027-02-20', 'aa00000c-0000-0000-0000-000000000000', '2026-02-21'),
    ('a300003d-0000-0000-0000-000000000000', 'cc00003d-0000-0000-0000-000000000000', 'bb00003d-0000-0000-0000-000000000000', 'aa00000a-0000-0000-0000-000000000000', 'routine recall', 'complete', '2026-03-29', 'aa00000a-0000-0000-0000-000000000000', '2025-03-30'),
    ('a300003e-0000-0000-0000-000000000000', 'cc00003e-0000-0000-0000-000000000000', 'bb00003e-0000-0000-0000-000000000000', 'aa00000c-0000-0000-0000-000000000000', 'referral', 'pending', '2025-12-18', 'aa00000c-0000-0000-0000-000000000000', '2025-11-27'),
    ('a300003f-0000-0000-0000-000000000000', 'cc00003f-0000-0000-0000-000000000000', 'bb00003f-0000-0000-0000-000000000000', 'aa00000d-0000-0000-0000-000000000000', 'expedited testing', 'pending', '2025-05-15', 'aa00000d-0000-0000-0000-000000000000', '2025-04-10'),
    ('a3000040-0000-0000-0000-000000000000', 'cc000040-0000-0000-0000-000000000000', 'bb000040-0000-0000-0000-000000000000', 'aa00000a-0000-0000-0000-000000000000', 'routine recall', 'pending', '2026-03-28', 'aa00000a-0000-0000-0000-000000000000', '2025-03-29'),
    ('a3000041-0000-0000-0000-000000000000', 'cc000041-0000-0000-0000-000000000000', 'bb000041-0000-0000-0000-000000000000', 'aa00000b-0000-0000-0000-000000000000', 'referral', 'scheduled', '2025-10-12', 'aa00000b-0000-0000-0000-000000000000', '2025-09-21'),
    ('a3000042-0000-0000-0000-000000000000', 'cc000042-0000-0000-0000-000000000000', 'bb000042-0000-0000-0000-000000000000', 'aa00000d-0000-0000-0000-000000000000', 'expedited testing', 'complete', '2025-10-17', 'aa00000d-0000-0000-0000-000000000000', '2025-09-12'),
    ('a3000043-0000-0000-0000-000000000000', 'cc000043-0000-0000-0000-000000000000', 'bb000043-0000-0000-0000-000000000000', 'aa00000b-0000-0000-0000-000000000000', 'referral', 'pending', '2025-11-03', 'aa00000b-0000-0000-0000-000000000000', '2025-10-17'),
    ('a3000044-0000-0000-0000-000000000000', 'cc000044-0000-0000-0000-000000000000', 'bb000044-0000-0000-0000-000000000000', 'aa00000d-0000-0000-0000-000000000000', 'routine recall', 'complete', '2026-05-26', 'aa00000d-0000-0000-0000-000000000000', '2025-05-27'),
    ('a3000045-0000-0000-0000-000000000000', 'cc000045-0000-0000-0000-000000000000', 'bb000045-0000-0000-0000-000000000000', 'aa00000b-0000-0000-0000-000000000000', 'referral', 'no show', '2025-11-04', 'aa00000b-0000-0000-0000-000000000000', '2025-10-10'),
    ('a3000046-0000-0000-0000-000000000000', 'cc000046-0000-0000-0000-000000000000', 'bb000046-0000-0000-0000-000000000000', 'aa00000c-0000-0000-0000-000000000000', 'expedited testing', 'pending', '2025-10-06', 'aa00000c-0000-0000-0000-000000000000', '2025-09-12'),
    ('a3000047-0000-0000-0000-000000000000', 'cc000047-0000-0000-0000-000000000000', 'bb000047-0000-0000-0000-000000000000', 'aa000009-0000-0000-0000-000000000000', 'expedited testing', 'complete', '2025-08-25', 'aa000009-0000-0000-0000-000000000000', '2025-07-29'),
    ('a3000048-0000-0000-0000-000000000000', 'cc000048-0000-0000-0000-000000000000', 'bb000048-0000-0000-0000-000000000000', 'aa00000c-0000-0000-0000-000000000000', 'referral', 'pending', '2026-03-24', 'aa00000c-0000-0000-0000-000000000000', '2026-02-27'),
    ('a3000049-0000-0000-0000-000000000000', 'cc000049-0000-0000-0000-000000000000', 'bb000049-0000-0000-0000-000000000000', 'aa00000a-0000-0000-0000-000000000000', 'routine recall', 'complete', '2026-04-07', 'aa00000a-0000-0000-0000-000000000000', '2025-04-08'),
    ('a300004a-0000-0000-0000-000000000000', 'cc00004a-0000-0000-0000-000000000000', 'bb00004a-0000-0000-0000-000000000000', 'aa000009-0000-0000-0000-000000000000', 'referral', 'no show', '2026-03-12', 'aa000009-0000-0000-0000-000000000000', '2026-02-24'),
    ('a300004b-0000-0000-0000-000000000000', 'cc00004b-0000-0000-0000-000000000000', 'bb00004b-0000-0000-0000-000000000000', 'aa00000d-0000-0000-0000-000000000000', 'expedited testing', 'scheduled', '2026-01-13', 'aa00000d-0000-0000-0000-000000000000', '2025-12-12'),
    ('a300004c-0000-0000-0000-000000000000', 'cc00004c-0000-0000-0000-000000000000', 'bb00004c-0000-0000-0000-000000000000', 'aa00000b-0000-0000-0000-000000000000', 'routine recall', 'pending', '2026-04-29', 'aa00000b-0000-0000-0000-000000000000', '2025-04-30'),
    ('a300004d-0000-0000-0000-000000000000', 'cc00004d-0000-0000-0000-000000000000', 'bb00004d-0000-0000-0000-000000000000', 'aa00000d-0000-0000-0000-000000000000', 'expedited testing', 'scheduled', '2025-12-13', 'aa00000d-0000-0000-0000-000000000000', '2025-11-04'),
    ('a300004e-0000-0000-0000-000000000000', 'cc00004e-0000-0000-0000-000000000000', 'bb00004e-0000-0000-0000-000000000000', 'aa000009-0000-0000-0000-000000000000', 'referral', 'no show', '2026-02-26', 'aa000009-0000-0000-0000-000000000000', '2026-02-11'),
    ('a300004f-0000-0000-0000-000000000000', 'cc00004f-0000-0000-0000-000000000000', 'bb00004f-0000-0000-0000-000000000000', 'aa00000c-0000-0000-0000-000000000000', 'routine recall', 'complete', '2026-10-06', 'aa00000c-0000-0000-0000-000000000000', '2025-10-07'),
    ('a3000050-0000-0000-0000-000000000000', 'cc000050-0000-0000-0000-000000000000', 'bb000050-0000-0000-0000-000000000000', 'aa000009-0000-0000-0000-000000000000', 'routine recall', 'scheduled', '2026-11-30', 'aa000009-0000-0000-0000-000000000000', '2025-12-01'),
    ('a3000051-0000-0000-0000-000000000000', 'cc000051-0000-0000-0000-000000000000', 'bb000051-0000-0000-0000-000000000000', 'aa000009-0000-0000-0000-000000000000', 'expedited testing', 'scheduled', '2025-12-21', 'aa000009-0000-0000-0000-000000000000', '2025-11-27'),
    ('a3000052-0000-0000-0000-000000000000', 'cc000052-0000-0000-0000-000000000000', 'bb000052-0000-0000-0000-000000000000', 'aa00000c-0000-0000-0000-000000000000', 'referral', 'pending', '2025-09-01', 'aa00000c-0000-0000-0000-000000000000', '2025-08-05'),
    ('a3000053-0000-0000-0000-000000000000', 'cc000053-0000-0000-0000-000000000000', 'bb000053-0000-0000-0000-000000000000', 'aa00000d-0000-0000-0000-000000000000', 'routine recall', 'pending', '2027-01-12', 'aa00000d-0000-0000-0000-000000000000', '2026-01-13'),
    ('a3000054-0000-0000-0000-000000000000', 'cc000054-0000-0000-0000-000000000000', 'bb000054-0000-0000-0000-000000000000', 'aa00000c-0000-0000-0000-000000000000', 'routine recall', 'complete', '2026-11-14', 'aa00000c-0000-0000-0000-000000000000', '2025-11-15'),
    ('a3000055-0000-0000-0000-000000000000', 'cc000055-0000-0000-0000-000000000000', 'bb000055-0000-0000-0000-000000000000', 'aa000009-0000-0000-0000-000000000000', 'expedited testing', 'scheduled', '2026-01-07', 'aa000009-0000-0000-0000-000000000000', '2025-12-16'),
    ('a3000056-0000-0000-0000-000000000000', 'cc000056-0000-0000-0000-000000000000', 'bb000056-0000-0000-0000-000000000000', 'aa00000b-0000-0000-0000-000000000000', 'referral', 'scheduled', '2025-08-02', 'aa00000b-0000-0000-0000-000000000000', '2025-07-17'),
    ('a3000057-0000-0000-0000-000000000000', 'cc000057-0000-0000-0000-000000000000', 'bb000057-0000-0000-0000-000000000000', 'aa00000b-0000-0000-0000-000000000000', 'expedited testing', 'pending', '2025-11-03', 'aa00000b-0000-0000-0000-000000000000', '2025-10-12'),
    ('a3000058-0000-0000-0000-000000000000', 'cc000058-0000-0000-0000-000000000000', 'bb000058-0000-0000-0000-000000000000', 'aa00000d-0000-0000-0000-000000000000', 'expedited testing', 'pending', '2026-01-22', 'aa00000d-0000-0000-0000-000000000000', '2026-01-01'),
    ('a3000059-0000-0000-0000-000000000000', 'cc000059-0000-0000-0000-000000000000', 'bb000059-0000-0000-0000-000000000000', 'aa00000c-0000-0000-0000-000000000000', 'expedited testing', 'complete', '2026-03-16', 'aa00000c-0000-0000-0000-000000000000', '2026-02-12'),
    ('a300005a-0000-0000-0000-000000000000', 'cc00005a-0000-0000-0000-000000000000', 'bb00005a-0000-0000-0000-000000000000', 'aa00000d-0000-0000-0000-000000000000', 'expedited testing', 'pending', '2025-12-17', 'aa00000d-0000-0000-0000-000000000000', '2025-11-07'),
    ('a300005b-0000-0000-0000-000000000000', 'cc00005b-0000-0000-0000-000000000000', 'bb00005b-0000-0000-0000-000000000000', 'aa00000d-0000-0000-0000-000000000000', 'routine recall', 'complete', '2026-10-19', 'aa00000d-0000-0000-0000-000000000000', '2025-10-20'),
    ('a300005c-0000-0000-0000-000000000000', 'cc00005c-0000-0000-0000-000000000000', 'bb00005c-0000-0000-0000-000000000000', 'aa00000b-0000-0000-0000-000000000000', 'referral', 'pending', '2025-12-24', 'aa00000b-0000-0000-0000-000000000000', '2025-11-30'),
    ('a300005d-0000-0000-0000-000000000000', 'cc00005d-0000-0000-0000-000000000000', 'bb00005d-0000-0000-0000-000000000000', 'aa00000d-0000-0000-0000-000000000000', 'expedited testing', 'pending', '2025-03-31', 'aa00000d-0000-0000-0000-000000000000', '2025-03-10'),
    ('a300005e-0000-0000-0000-000000000000', 'cc00005e-0000-0000-0000-000000000000', 'bb00005e-0000-0000-0000-000000000000', 'aa00000a-0000-0000-0000-000000000000', 'routine recall', 'complete', '2026-04-12', 'aa00000a-0000-0000-0000-000000000000', '2025-04-13'),
    ('a300005f-0000-0000-0000-000000000000', 'cc00005f-0000-0000-0000-000000000000', 'bb00005f-0000-0000-0000-000000000000', 'aa00000c-0000-0000-0000-000000000000', 'expedited testing', 'scheduled', '2026-03-31', 'aa00000c-0000-0000-0000-000000000000', '2026-02-25'),
    ('a3000060-0000-0000-0000-000000000000', 'cc000060-0000-0000-0000-000000000000', 'bb000060-0000-0000-0000-000000000000', 'aa000009-0000-0000-0000-000000000000', 'referral', 'scheduled', '2025-07-13', 'aa000009-0000-0000-0000-000000000000', '2025-06-27'),
    ('a3000061-0000-0000-0000-000000000000', 'cc000061-0000-0000-0000-000000000000', 'bb000061-0000-0000-0000-000000000000', 'aa00000d-0000-0000-0000-000000000000', 'expedited testing', 'pending', '2025-10-27', 'aa00000d-0000-0000-0000-000000000000', '2025-09-28'),
    ('a3000062-0000-0000-0000-000000000000', 'cc000062-0000-0000-0000-000000000000', 'bb000062-0000-0000-0000-000000000000', 'aa00000a-0000-0000-0000-000000000000', 'expedited testing', 'pending', '2026-01-24', 'aa00000a-0000-0000-0000-000000000000', '2026-01-03'),
    ('a3000063-0000-0000-0000-000000000000', 'cc000063-0000-0000-0000-000000000000', 'bb000063-0000-0000-0000-000000000000', 'aa00000d-0000-0000-0000-000000000000', 'referral', 'scheduled', '2025-04-28', 'aa00000d-0000-0000-0000-000000000000', '2025-04-07'),
    ('a3000064-0000-0000-0000-000000000000', 'cc000064-0000-0000-0000-000000000000', 'bb000064-0000-0000-0000-000000000000', 'aa00000d-0000-0000-0000-000000000000', 'routine recall', 'complete', '2026-03-21', 'aa00000d-0000-0000-0000-000000000000', '2025-03-22'),
    ('a3000065-0000-0000-0000-000000000000', 'cc000065-0000-0000-0000-000000000000', 'bb000065-0000-0000-0000-000000000000', 'aa00000a-0000-0000-0000-000000000000', 'expedited testing', 'scheduled', '2026-03-03', 'aa00000a-0000-0000-0000-000000000000', '2026-01-23'),
    ('a3000066-0000-0000-0000-000000000000', 'cc000066-0000-0000-0000-000000000000', 'bb000066-0000-0000-0000-000000000000', 'aa00000a-0000-0000-0000-000000000000', 'referral', 'scheduled', '2025-08-30', 'aa00000a-0000-0000-0000-000000000000', '2025-08-07'),
    ('a3000067-0000-0000-0000-000000000000', 'cc000067-0000-0000-0000-000000000000', 'bb000067-0000-0000-0000-000000000000', 'aa000009-0000-0000-0000-000000000000', 'routine recall', 'pending', '2026-05-25', 'aa000009-0000-0000-0000-000000000000', '2025-05-26'),
    ('a3000068-0000-0000-0000-000000000000', 'cc000068-0000-0000-0000-000000000000', 'bb000068-0000-0000-0000-000000000000', 'aa00000b-0000-0000-0000-000000000000', 'routine recall', 'complete', '2026-04-02', 'aa00000b-0000-0000-0000-000000000000', '2025-04-03'),
    ('a3000069-0000-0000-0000-000000000000', 'cc000069-0000-0000-0000-000000000000', 'bb000069-0000-0000-0000-000000000000', 'aa00000a-0000-0000-0000-000000000000', 'routine recall', 'scheduled', '2026-09-05', 'aa00000a-0000-0000-0000-000000000000', '2025-09-06'),
    ('a300006a-0000-0000-0000-000000000000', 'cc00006a-0000-0000-0000-000000000000', 'bb00006a-0000-0000-0000-000000000000', 'aa000009-0000-0000-0000-000000000000', 'expedited testing', 'pending', '2025-04-14', 'aa000009-0000-0000-0000-000000000000', '2025-03-20'),
    ('a300006b-0000-0000-0000-000000000000', 'cc00006b-0000-0000-0000-000000000000', 'bb00006b-0000-0000-0000-000000000000', 'aa000009-0000-0000-0000-000000000000', 'expedited testing', 'complete', '2025-04-22', 'aa000009-0000-0000-0000-000000000000', '2025-03-25'),
    ('a300006c-0000-0000-0000-000000000000', 'cc00006c-0000-0000-0000-000000000000', 'bb00006c-0000-0000-0000-000000000000', 'aa00000c-0000-0000-0000-000000000000', 'expedited testing', 'pending', '2025-10-07', 'aa00000c-0000-0000-0000-000000000000', '2025-09-06'),
    ('a300006d-0000-0000-0000-000000000000', 'cc00006d-0000-0000-0000-000000000000', 'bb00006d-0000-0000-0000-000000000000', 'aa00000c-0000-0000-0000-000000000000', 'routine recall', 'complete', '2026-04-23', 'aa00000c-0000-0000-0000-000000000000', '2025-04-24'),
    ('a300006e-0000-0000-0000-000000000000', 'cc00006e-0000-0000-0000-000000000000', 'bb00006e-0000-0000-0000-000000000000', 'aa00000c-0000-0000-0000-000000000000', 'expedited testing', 'scheduled', '2025-05-26', 'aa00000c-0000-0000-0000-000000000000', '2025-04-18'),
    ('a300006f-0000-0000-0000-000000000000', 'cc00006f-0000-0000-0000-000000000000', 'bb00006f-0000-0000-0000-000000000000', 'aa00000a-0000-0000-0000-000000000000', 'expedited testing', 'scheduled', '2025-11-15', 'aa00000a-0000-0000-0000-000000000000', '2025-10-10'),
    ('a3000070-0000-0000-0000-000000000000', 'cc000070-0000-0000-0000-000000000000', 'bb000070-0000-0000-0000-000000000000', 'aa000009-0000-0000-0000-000000000000', 'expedited testing', 'scheduled', '2025-06-16', 'aa000009-0000-0000-0000-000000000000', '2025-05-25'),
    ('a3000071-0000-0000-0000-000000000000', 'cc000071-0000-0000-0000-000000000000', 'bb000071-0000-0000-0000-000000000000', 'aa000009-0000-0000-0000-000000000000', 'routine recall', 'pending', '2027-02-15', 'aa000009-0000-0000-0000-000000000000', '2026-02-16'),
    ('a3000072-0000-0000-0000-000000000000', 'cc000072-0000-0000-0000-000000000000', 'bb000072-0000-0000-0000-000000000000', 'aa00000d-0000-0000-0000-000000000000', 'expedited testing', 'scheduled', '2025-04-25', 'aa00000d-0000-0000-0000-000000000000', '2025-03-27'),
    ('a3000073-0000-0000-0000-000000000000', 'cc000073-0000-0000-0000-000000000000', 'bb000073-0000-0000-0000-000000000000', 'aa00000d-0000-0000-0000-000000000000', 'expedited testing', 'complete', '2025-04-15', 'aa00000d-0000-0000-0000-000000000000', '2025-03-08'),
    ('a3000074-0000-0000-0000-000000000000', 'cc000074-0000-0000-0000-000000000000', 'bb000074-0000-0000-0000-000000000000', 'aa00000b-0000-0000-0000-000000000000', 'expedited testing', 'complete', '2025-06-06', 'aa00000b-0000-0000-0000-000000000000', '2025-05-06'),
    ('a3000075-0000-0000-0000-000000000000', 'cc000075-0000-0000-0000-000000000000', 'bb000075-0000-0000-0000-000000000000', 'aa00000b-0000-0000-0000-000000000000', 'referral', 'scheduled', '2025-06-14', 'aa00000b-0000-0000-0000-000000000000', '2025-05-29'),
    ('a3000076-0000-0000-0000-000000000000', 'cc000076-0000-0000-0000-000000000000', 'bb000076-0000-0000-0000-000000000000', 'aa00000d-0000-0000-0000-000000000000', 'expedited testing', 'pending', '2026-02-20', 'aa00000d-0000-0000-0000-000000000000', '2026-01-25'),
    ('a3000077-0000-0000-0000-000000000000', 'cc000077-0000-0000-0000-000000000000', 'bb000077-0000-0000-0000-000000000000', 'aa00000c-0000-0000-0000-000000000000', 'expedited testing', 'pending', '2025-12-16', 'aa00000c-0000-0000-0000-000000000000', '2025-11-14'),
    ('a3000078-0000-0000-0000-000000000000', 'cc000078-0000-0000-0000-000000000000', 'bb000078-0000-0000-0000-000000000000', 'aa00000d-0000-0000-0000-000000000000', 'referral', 'scheduled', '2025-07-12', 'aa00000d-0000-0000-0000-000000000000', '2025-06-29'),
    ('a3000079-0000-0000-0000-000000000000', 'cc000079-0000-0000-0000-000000000000', 'bb000079-0000-0000-0000-000000000000', 'aa00000b-0000-0000-0000-000000000000', 'referral', 'no show', '2025-07-16', 'aa00000b-0000-0000-0000-000000000000', '2025-07-01'),
    ('a300007a-0000-0000-0000-000000000000', 'cc00007a-0000-0000-0000-000000000000', 'bb00007a-0000-0000-0000-000000000000', 'aa00000c-0000-0000-0000-000000000000', 'routine recall', 'complete', '2026-06-21', 'aa00000c-0000-0000-0000-000000000000', '2025-06-22'),
    ('a300007b-0000-0000-0000-000000000000', 'cc00007b-0000-0000-0000-000000000000', 'bb00007b-0000-0000-0000-000000000000', 'aa00000d-0000-0000-0000-000000000000', 'routine recall', 'complete', '2026-08-13', 'aa00000d-0000-0000-0000-000000000000', '2025-08-14'),
    ('a300007c-0000-0000-0000-000000000000', 'cc00007c-0000-0000-0000-000000000000', 'bb00007c-0000-0000-0000-000000000000', 'aa000009-0000-0000-0000-000000000000', 'referral', 'scheduled', '2026-03-18', 'aa000009-0000-0000-0000-000000000000', '2026-02-25'),
    ('a300007d-0000-0000-0000-000000000000', 'cc00007d-0000-0000-0000-000000000000', 'bb00007d-0000-0000-0000-000000000000', 'aa000009-0000-0000-0000-000000000000', 'referral', 'pending', '2026-04-02', 'aa000009-0000-0000-0000-000000000000', '2026-03-12'),
    ('a300007e-0000-0000-0000-000000000000', 'cc00007e-0000-0000-0000-000000000000', 'bb00007e-0000-0000-0000-000000000000', 'aa00000b-0000-0000-0000-000000000000', 'expedited testing', 'complete', '2025-05-24', 'aa00000b-0000-0000-0000-000000000000', '2025-04-24'),
    ('a300007f-0000-0000-0000-000000000000', 'cc00007f-0000-0000-0000-000000000000', 'bb00007f-0000-0000-0000-000000000000', 'aa000009-0000-0000-0000-000000000000', 'expedited testing', 'complete', '2025-04-12', 'aa000009-0000-0000-0000-000000000000', '2025-03-07'),
    ('a3000080-0000-0000-0000-000000000000', 'cc000080-0000-0000-0000-000000000000', 'bb000080-0000-0000-0000-000000000000', 'aa00000b-0000-0000-0000-000000000000', 'expedited testing', 'scheduled', '2025-10-04', 'aa00000b-0000-0000-0000-000000000000', '2025-08-28'),
    ('a3000081-0000-0000-0000-000000000000', 'cc000081-0000-0000-0000-000000000000', 'bb000081-0000-0000-0000-000000000000', 'aa00000d-0000-0000-0000-000000000000', 'referral', 'complete', '2025-12-24', 'aa00000d-0000-0000-0000-000000000000', '2025-12-07'),
    ('a3000082-0000-0000-0000-000000000000', 'cc000082-0000-0000-0000-000000000000', 'bb000082-0000-0000-0000-000000000000', 'aa00000c-0000-0000-0000-000000000000', 'routine recall', 'pending', '2026-03-26', 'aa00000c-0000-0000-0000-000000000000', '2025-03-27'),
    ('a3000083-0000-0000-0000-000000000000', 'cc000083-0000-0000-0000-000000000000', 'bb000083-0000-0000-0000-000000000000', 'aa00000c-0000-0000-0000-000000000000', 'referral', 'pending', '2025-11-24', 'aa00000c-0000-0000-0000-000000000000', '2025-11-02'),
    ('a3000084-0000-0000-0000-000000000000', 'cc000084-0000-0000-0000-000000000000', 'bb000084-0000-0000-0000-000000000000', 'aa00000c-0000-0000-0000-000000000000', 'expedited testing', 'scheduled', '2025-10-04', 'aa00000c-0000-0000-0000-000000000000', '2025-09-07'),
    ('a3000085-0000-0000-0000-000000000000', 'cc000085-0000-0000-0000-000000000000', 'bb000085-0000-0000-0000-000000000000', 'aa00000b-0000-0000-0000-000000000000', 'referral', 'no show', '2025-05-09', 'aa00000b-0000-0000-0000-000000000000', '2025-04-14'),
    ('a3000086-0000-0000-0000-000000000000', 'cc000086-0000-0000-0000-000000000000', 'bb000086-0000-0000-0000-000000000000', 'aa00000c-0000-0000-0000-000000000000', 'routine recall', 'complete', '2026-12-18', 'aa00000c-0000-0000-0000-000000000000', '2025-12-19'),
    ('a3000087-0000-0000-0000-000000000000', 'cc000087-0000-0000-0000-000000000000', 'bb000087-0000-0000-0000-000000000000', 'aa00000c-0000-0000-0000-000000000000', 'expedited testing', 'pending', '2025-04-30', 'aa00000c-0000-0000-0000-000000000000', '2025-03-23'),
    ('a3000088-0000-0000-0000-000000000000', 'cc000088-0000-0000-0000-000000000000', 'bb000088-0000-0000-0000-000000000000', 'aa000009-0000-0000-0000-000000000000', 'routine recall', 'pending', '2026-11-22', 'aa000009-0000-0000-0000-000000000000', '2025-11-23'),
    ('a3000089-0000-0000-0000-000000000000', 'cc000089-0000-0000-0000-000000000000', 'bb000089-0000-0000-0000-000000000000', 'aa00000c-0000-0000-0000-000000000000', 'routine recall', 'pending', '2027-03-24', 'aa00000c-0000-0000-0000-000000000000', '2026-03-25'),
    ('a300008a-0000-0000-0000-000000000000', 'cc00008a-0000-0000-0000-000000000000', 'bb00008a-0000-0000-0000-000000000000', 'aa000009-0000-0000-0000-000000000000', 'referral', 'scheduled', '2026-01-24', 'aa000009-0000-0000-0000-000000000000', '2026-01-07'),
    ('a300008b-0000-0000-0000-000000000000', 'cc00008b-0000-0000-0000-000000000000', 'bb00008b-0000-0000-0000-000000000000', 'aa000009-0000-0000-0000-000000000000', 'expedited testing', 'complete', '2025-08-24', 'aa000009-0000-0000-0000-000000000000', '2025-07-23'),
    ('a300008c-0000-0000-0000-000000000000', 'cc00008c-0000-0000-0000-000000000000', 'bb00008c-0000-0000-0000-000000000000', 'aa00000a-0000-0000-0000-000000000000', 'routine recall', 'complete', '2027-03-15', 'aa00000a-0000-0000-0000-000000000000', '2026-03-16'),
    ('a300008d-0000-0000-0000-000000000000', 'cc00008d-0000-0000-0000-000000000000', 'bb00008d-0000-0000-0000-000000000000', 'aa00000a-0000-0000-0000-000000000000', 'referral', 'pending', '2025-12-20', 'aa00000a-0000-0000-0000-000000000000', '2025-11-25'),
    ('a300008e-0000-0000-0000-000000000000', 'cc00008e-0000-0000-0000-000000000000', 'bb00008e-0000-0000-0000-000000000000', 'aa00000b-0000-0000-0000-000000000000', 'routine recall', 'complete', '2026-05-30', 'aa00000b-0000-0000-0000-000000000000', '2025-05-31'),
    ('a300008f-0000-0000-0000-000000000000', 'cc00008f-0000-0000-0000-000000000000', 'bb00008f-0000-0000-0000-000000000000', 'aa00000c-0000-0000-0000-000000000000', 'referral', 'scheduled', '2025-08-12', 'aa00000c-0000-0000-0000-000000000000', '2025-07-25'),
    ('a3000090-0000-0000-0000-000000000000', 'cc000090-0000-0000-0000-000000000000', 'bb000090-0000-0000-0000-000000000000', 'aa00000d-0000-0000-0000-000000000000', 'expedited testing', 'pending', '2026-02-09', 'aa00000d-0000-0000-0000-000000000000', '2026-01-03'),
    ('a3000091-0000-0000-0000-000000000000', 'cc000091-0000-0000-0000-000000000000', 'bb000091-0000-0000-0000-000000000000', 'aa000009-0000-0000-0000-000000000000', 'routine recall', 'complete', '2026-09-20', 'aa000009-0000-0000-0000-000000000000', '2025-09-21'),
    ('a3000092-0000-0000-0000-000000000000', 'cc000092-0000-0000-0000-000000000000', 'bb000092-0000-0000-0000-000000000000', 'aa00000b-0000-0000-0000-000000000000', 'expedited testing', 'scheduled', '2025-08-17', 'aa00000b-0000-0000-0000-000000000000', '2025-07-21'),
    ('a3000093-0000-0000-0000-000000000000', 'cc000093-0000-0000-0000-000000000000', 'bb000093-0000-0000-0000-000000000000', 'aa00000b-0000-0000-0000-000000000000', 'routine recall', 'complete', '2026-07-11', 'aa00000b-0000-0000-0000-000000000000', '2025-07-12'),
    ('a3000094-0000-0000-0000-000000000000', 'cc000094-0000-0000-0000-000000000000', 'bb000094-0000-0000-0000-000000000000', 'aa000009-0000-0000-0000-000000000000', 'expedited testing', 'scheduled', '2026-03-20', 'aa000009-0000-0000-0000-000000000000', '2026-02-16'),
    ('a3000095-0000-0000-0000-000000000000', 'cc000095-0000-0000-0000-000000000000', 'bb000095-0000-0000-0000-000000000000', 'aa00000b-0000-0000-0000-000000000000', 'expedited testing', 'pending', '2026-03-07', 'aa00000b-0000-0000-0000-000000000000', '2026-02-13'),
    ('a3000096-0000-0000-0000-000000000000', 'cc000096-0000-0000-0000-000000000000', 'bb000096-0000-0000-0000-000000000000', 'aa00000d-0000-0000-0000-000000000000', 'routine recall', 'complete', '2026-12-23', 'aa00000d-0000-0000-0000-000000000000', '2025-12-24');

-- =============================================================================
-- APPOINTMENT
-- =============================================================================
INSERT INTO Appointment
    (appointment_id, follow_up_id, patient_id, clinician_id,
     appointment_type, scheduled_date, status)
VALUES
    ('a4000001-0000-0000-0000-000000000000', 'a3000001-0000-0000-0000-000000000000', 'bb000001-0000-0000-0000-000000000000', 'aa000003-0000-0000-0000-000000000000', 'Routine Pap Smear', '2027-03-02 09:00:00', 'complete'),
    ('a4000002-0000-0000-0000-000000000000', 'a3000002-0000-0000-0000-000000000000', 'bb000002-0000-0000-0000-000000000000', 'aa000006-0000-0000-0000-000000000000', 'Colposcopy', '2025-08-27 09:00:00', 'complete'),
    ('a4000003-0000-0000-0000-000000000000', 'a3000003-0000-0000-0000-000000000000', 'bb000003-0000-0000-0000-000000000000', 'aa000004-0000-0000-0000-000000000000', 'Colposcopy', '2025-10-10 09:00:00', 'scheduled'),
    ('a4000004-0000-0000-0000-000000000000', 'a3000004-0000-0000-0000-000000000000', 'bb000004-0000-0000-0000-000000000000', 'aa000005-0000-0000-0000-000000000000', 'Routine Pap Smear', '2026-08-12 09:00:00', 'complete'),
    ('a4000005-0000-0000-0000-000000000000', 'a3000005-0000-0000-0000-000000000000', 'bb000005-0000-0000-0000-000000000000', 'aa000004-0000-0000-0000-000000000000', 'HPV/Pap Co-test', '2026-03-15 09:00:00', 'complete'),
    ('a4000006-0000-0000-0000-000000000000', 'a3000006-0000-0000-0000-000000000000', 'bb000006-0000-0000-0000-000000000000', 'aa000004-0000-0000-0000-000000000000', 'HPV/Pap Co-test', '2025-10-09 09:00:00', 'complete'),
    ('a4000007-0000-0000-0000-000000000000', 'a3000008-0000-0000-0000-000000000000', 'bb000008-0000-0000-0000-000000000000', 'aa000004-0000-0000-0000-000000000000', 'Colposcopy', '2025-07-05 09:00:00', 'scheduled'),
    ('a4000008-0000-0000-0000-000000000000', 'a300000b-0000-0000-0000-000000000000', 'bb00000b-0000-0000-0000-000000000000', 'aa000004-0000-0000-0000-000000000000', 'HPV/Pap Co-test', '2025-05-06 09:00:00', 'scheduled'),
    ('a4000009-0000-0000-0000-000000000000', 'a3000010-0000-0000-0000-000000000000', 'bb000010-0000-0000-0000-000000000000', 'aa000004-0000-0000-0000-000000000000', 'HPV/Pap Co-test', '2026-04-08 09:00:00', 'scheduled'),
    ('a400000a-0000-0000-0000-000000000000', 'a3000011-0000-0000-0000-000000000000', 'bb000011-0000-0000-0000-000000000000', 'aa000006-0000-0000-0000-000000000000', 'HPV/Pap Co-test', '2025-04-23 09:00:00', 'complete'),
    ('a400000b-0000-0000-0000-000000000000', 'a3000012-0000-0000-0000-000000000000', 'bb000012-0000-0000-0000-000000000000', 'aa000003-0000-0000-0000-000000000000', 'Routine Pap Smear', '2026-11-11 09:00:00', 'complete'),
    ('a400000c-0000-0000-0000-000000000000', 'a3000013-0000-0000-0000-000000000000', 'bb000013-0000-0000-0000-000000000000', 'aa000002-0000-0000-0000-000000000000', 'Routine Pap Smear', '2026-12-24 09:00:00', 'complete'),
    ('a400000d-0000-0000-0000-000000000000', 'a3000014-0000-0000-0000-000000000000', 'bb000014-0000-0000-0000-000000000000', 'aa000002-0000-0000-0000-000000000000', 'Routine Pap Smear', '2026-11-30 09:00:00', 'complete'),
    ('a400000e-0000-0000-0000-000000000000', 'a3000015-0000-0000-0000-000000000000', 'bb000015-0000-0000-0000-000000000000', 'aa000002-0000-0000-0000-000000000000', 'Colposcopy', '2025-04-21 09:00:00', 'scheduled'),
    ('a400000f-0000-0000-0000-000000000000', 'a3000016-0000-0000-0000-000000000000', 'bb000016-0000-0000-0000-000000000000', 'aa000008-0000-0000-0000-000000000000', 'Routine Pap Smear', '2026-09-18 09:00:00', 'scheduled'),
    ('a4000010-0000-0000-0000-000000000000', 'a3000018-0000-0000-0000-000000000000', 'bb000018-0000-0000-0000-000000000000', 'aa000001-0000-0000-0000-000000000000', 'HPV/Pap Co-test', '2026-04-23 09:00:00', 'complete'),
    ('a4000011-0000-0000-0000-000000000000', 'a3000019-0000-0000-0000-000000000000', 'bb000019-0000-0000-0000-000000000000', 'aa000001-0000-0000-0000-000000000000', 'Colposcopy', '2026-01-19 09:00:00', 'complete'),
    ('a4000012-0000-0000-0000-000000000000', 'a300001a-0000-0000-0000-000000000000', 'bb00001a-0000-0000-0000-000000000000', 'aa000006-0000-0000-0000-000000000000', 'HPV/Pap Co-test', '2025-07-12 09:00:00', 'scheduled'),
    ('a4000013-0000-0000-0000-000000000000', 'a300001b-0000-0000-0000-000000000000', 'bb00001b-0000-0000-0000-000000000000', 'aa000006-0000-0000-0000-000000000000', 'Routine Pap Smear', '2026-11-21 09:00:00', 'scheduled'),
    ('a4000014-0000-0000-0000-000000000000', 'a300001d-0000-0000-0000-000000000000', 'bb00001d-0000-0000-0000-000000000000', 'aa000005-0000-0000-0000-000000000000', 'HPV/Pap Co-test', '2026-05-05 09:00:00', 'complete'),
    ('a4000015-0000-0000-0000-000000000000', 'a300001e-0000-0000-0000-000000000000', 'bb00001e-0000-0000-0000-000000000000', 'aa000008-0000-0000-0000-000000000000', 'Routine Pap Smear', '2026-08-24 09:00:00', 'complete'),
    ('a4000016-0000-0000-0000-000000000000', 'a300001f-0000-0000-0000-000000000000', 'bb00001f-0000-0000-0000-000000000000', 'aa000003-0000-0000-0000-000000000000', 'Routine Pap Smear', '2027-03-18 09:00:00', 'complete'),
    ('a4000017-0000-0000-0000-000000000000', 'a3000020-0000-0000-0000-000000000000', 'bb000020-0000-0000-0000-000000000000', 'aa000005-0000-0000-0000-000000000000', 'Routine Pap Smear', '2026-03-26 09:00:00', 'complete'),
    ('a4000018-0000-0000-0000-000000000000', 'a3000021-0000-0000-0000-000000000000', 'bb000021-0000-0000-0000-000000000000', 'aa000007-0000-0000-0000-000000000000', 'Routine Pap Smear', '2026-03-03 09:00:00', 'complete'),
    ('a4000019-0000-0000-0000-000000000000', 'a3000022-0000-0000-0000-000000000000', 'bb000022-0000-0000-0000-000000000000', 'aa000004-0000-0000-0000-000000000000', 'Routine Pap Smear', '2026-08-12 09:00:00', 'complete'),
    ('a400001a-0000-0000-0000-000000000000', 'a3000023-0000-0000-0000-000000000000', 'bb000023-0000-0000-0000-000000000000', 'aa000003-0000-0000-0000-000000000000', 'Routine Pap Smear', '2026-03-19 09:00:00', 'complete'),
    ('a400001b-0000-0000-0000-000000000000', 'a3000024-0000-0000-0000-000000000000', 'bb000024-0000-0000-0000-000000000000', 'aa000007-0000-0000-0000-000000000000', 'HPV/Pap Co-test', '2025-09-10 09:00:00', 'scheduled'),
    ('a400001c-0000-0000-0000-000000000000', 'a3000025-0000-0000-0000-000000000000', 'bb000025-0000-0000-0000-000000000000', 'aa000001-0000-0000-0000-000000000000', 'HPV/Pap Co-test', '2025-07-04 09:00:00', 'scheduled'),
    ('a400001d-0000-0000-0000-000000000000', 'a3000026-0000-0000-0000-000000000000', 'bb000026-0000-0000-0000-000000000000', 'aa000006-0000-0000-0000-000000000000', 'Colposcopy', '2025-08-24 09:00:00', 'scheduled'),
    ('a400001e-0000-0000-0000-000000000000', 'a3000027-0000-0000-0000-000000000000', 'bb000027-0000-0000-0000-000000000000', 'aa000003-0000-0000-0000-000000000000', 'Colposcopy', '2025-11-20 09:00:00', 'complete'),
    ('a400001f-0000-0000-0000-000000000000', 'a3000028-0000-0000-0000-000000000000', 'bb000028-0000-0000-0000-000000000000', 'aa000008-0000-0000-0000-000000000000', 'Routine Pap Smear', '2026-12-06 09:00:00', 'complete'),
    ('a4000020-0000-0000-0000-000000000000', 'a3000029-0000-0000-0000-000000000000', 'bb000029-0000-0000-0000-000000000000', 'aa000008-0000-0000-0000-000000000000', 'Colposcopy', '2025-12-02 09:00:00', 'complete'),
    ('a4000021-0000-0000-0000-000000000000', 'a300002a-0000-0000-0000-000000000000', 'bb00002a-0000-0000-0000-000000000000', 'aa000006-0000-0000-0000-000000000000', 'Routine Pap Smear', '2026-12-03 09:00:00', 'scheduled'),
    ('a4000022-0000-0000-0000-000000000000', 'a300002c-0000-0000-0000-000000000000', 'bb00002c-0000-0000-0000-000000000000', 'aa000001-0000-0000-0000-000000000000', 'Routine Pap Smear', '2026-05-08 09:00:00', 'complete'),
    ('a4000023-0000-0000-0000-000000000000', 'a300002d-0000-0000-0000-000000000000', 'bb00002d-0000-0000-0000-000000000000', 'aa000004-0000-0000-0000-000000000000', 'HPV/Pap Co-test', '2025-08-21 09:00:00', 'complete'),
    ('a4000024-0000-0000-0000-000000000000', 'a300002e-0000-0000-0000-000000000000', 'bb00002e-0000-0000-0000-000000000000', 'aa000002-0000-0000-0000-000000000000', 'Colposcopy', '2026-01-29 09:00:00', 'scheduled'),
    ('a4000025-0000-0000-0000-000000000000', 'a3000030-0000-0000-0000-000000000000', 'bb000030-0000-0000-0000-000000000000', 'aa000006-0000-0000-0000-000000000000', 'Routine Pap Smear', '2027-03-12 09:00:00', 'scheduled'),
    ('a4000026-0000-0000-0000-000000000000', 'a3000032-0000-0000-0000-000000000000', 'bb000032-0000-0000-0000-000000000000', 'aa000006-0000-0000-0000-000000000000', 'Routine Pap Smear', '2026-10-29 09:00:00', 'scheduled'),
    ('a4000027-0000-0000-0000-000000000000', 'a3000033-0000-0000-0000-000000000000', 'bb000033-0000-0000-0000-000000000000', 'aa000005-0000-0000-0000-000000000000', 'Routine Pap Smear', '2026-12-11 09:00:00', 'scheduled'),
    ('a4000028-0000-0000-0000-000000000000', 'a3000034-0000-0000-0000-000000000000', 'bb000034-0000-0000-0000-000000000000', 'aa000005-0000-0000-0000-000000000000', 'HPV/Pap Co-test', '2025-10-02 09:00:00', 'scheduled'),
    ('a4000029-0000-0000-0000-000000000000', 'a3000036-0000-0000-0000-000000000000', 'bb000036-0000-0000-0000-000000000000', 'aa000005-0000-0000-0000-000000000000', 'HPV/Pap Co-test', '2025-12-16 09:00:00', 'scheduled'),
    ('a400002a-0000-0000-0000-000000000000', 'a300003a-0000-0000-0000-000000000000', 'bb00003a-0000-0000-0000-000000000000', 'aa000008-0000-0000-0000-000000000000', 'Routine Pap Smear', '2026-03-31 09:00:00', 'complete'),
    ('a400002b-0000-0000-0000-000000000000', 'a300003b-0000-0000-0000-000000000000', 'bb00003b-0000-0000-0000-000000000000', 'aa000006-0000-0000-0000-000000000000', 'Colposcopy', '2025-12-23 09:00:00', 'scheduled'),
    ('a400002c-0000-0000-0000-000000000000', 'a300003c-0000-0000-0000-000000000000', 'bb00003c-0000-0000-0000-000000000000', 'aa000006-0000-0000-0000-000000000000', 'Routine Pap Smear', '2027-02-20 09:00:00', 'scheduled'),
    ('a400002d-0000-0000-0000-000000000000', 'a300003d-0000-0000-0000-000000000000', 'bb00003d-0000-0000-0000-000000000000', 'aa000003-0000-0000-0000-000000000000', 'Routine Pap Smear', '2026-03-29 09:00:00', 'complete'),
    ('a400002e-0000-0000-0000-000000000000', 'a3000041-0000-0000-0000-000000000000', 'bb000041-0000-0000-0000-000000000000', 'aa000007-0000-0000-0000-000000000000', 'Colposcopy', '2025-10-11 09:00:00', 'scheduled'),
    ('a400002f-0000-0000-0000-000000000000', 'a3000042-0000-0000-0000-000000000000', 'bb000042-0000-0000-0000-000000000000', 'aa000007-0000-0000-0000-000000000000', 'HPV/Pap Co-test', '2025-10-08 09:00:00', 'complete'),
    ('a4000030-0000-0000-0000-000000000000', 'a3000044-0000-0000-0000-000000000000', 'bb000044-0000-0000-0000-000000000000', 'aa000006-0000-0000-0000-000000000000', 'Routine Pap Smear', '2026-05-26 09:00:00', 'complete'),
    ('a4000031-0000-0000-0000-000000000000', 'a3000045-0000-0000-0000-000000000000', 'bb000045-0000-0000-0000-000000000000', 'aa000007-0000-0000-0000-000000000000', 'Colposcopy', '2025-10-28 09:00:00', 'no show'),
    ('a4000032-0000-0000-0000-000000000000', 'a3000047-0000-0000-0000-000000000000', 'bb000047-0000-0000-0000-000000000000', 'aa000008-0000-0000-0000-000000000000', 'HPV/Pap Co-test', '2025-08-26 09:00:00', 'complete'),
    ('a4000033-0000-0000-0000-000000000000', 'a3000049-0000-0000-0000-000000000000', 'bb000049-0000-0000-0000-000000000000', 'aa000003-0000-0000-0000-000000000000', 'Routine Pap Smear', '2026-04-07 09:00:00', 'complete'),
    ('a4000034-0000-0000-0000-000000000000', 'a300004a-0000-0000-0000-000000000000', 'bb00004a-0000-0000-0000-000000000000', 'aa000003-0000-0000-0000-000000000000', 'Colposcopy', '2026-03-18 09:00:00', 'no show'),
    ('a4000035-0000-0000-0000-000000000000', 'a300004b-0000-0000-0000-000000000000', 'bb00004b-0000-0000-0000-000000000000', 'aa000004-0000-0000-0000-000000000000', 'HPV/Pap Co-test', '2026-01-19 09:00:00', 'scheduled'),
    ('a4000036-0000-0000-0000-000000000000', 'a300004d-0000-0000-0000-000000000000', 'bb00004d-0000-0000-0000-000000000000', 'aa000005-0000-0000-0000-000000000000', 'HPV/Pap Co-test', '2025-11-27 09:00:00', 'scheduled'),
    ('a4000037-0000-0000-0000-000000000000', 'a300004e-0000-0000-0000-000000000000', 'bb00004e-0000-0000-0000-000000000000', 'aa000004-0000-0000-0000-000000000000', 'Colposcopy', '2026-03-08 09:00:00', 'no show'),
    ('a4000038-0000-0000-0000-000000000000', 'a300004f-0000-0000-0000-000000000000', 'bb00004f-0000-0000-0000-000000000000', 'aa000007-0000-0000-0000-000000000000', 'Routine Pap Smear', '2026-10-06 09:00:00', 'complete'),
    ('a4000039-0000-0000-0000-000000000000', 'a3000050-0000-0000-0000-000000000000', 'bb000050-0000-0000-0000-000000000000', 'aa000007-0000-0000-0000-000000000000', 'Routine Pap Smear', '2026-11-30 09:00:00', 'scheduled'),
    ('a400003a-0000-0000-0000-000000000000', 'a3000051-0000-0000-0000-000000000000', 'bb000051-0000-0000-0000-000000000000', 'aa000003-0000-0000-0000-000000000000', 'HPV/Pap Co-test', '2025-12-23 09:00:00', 'scheduled'),
    ('a400003b-0000-0000-0000-000000000000', 'a3000054-0000-0000-0000-000000000000', 'bb000054-0000-0000-0000-000000000000', 'aa000003-0000-0000-0000-000000000000', 'Routine Pap Smear', '2026-11-14 09:00:00', 'complete'),
    ('a400003c-0000-0000-0000-000000000000', 'a3000055-0000-0000-0000-000000000000', 'bb000055-0000-0000-0000-000000000000', 'aa000001-0000-0000-0000-000000000000', 'HPV/Pap Co-test', '2026-01-20 09:00:00', 'scheduled'),
    ('a400003d-0000-0000-0000-000000000000', 'a3000056-0000-0000-0000-000000000000', 'bb000056-0000-0000-0000-000000000000', 'aa000007-0000-0000-0000-000000000000', 'Colposcopy', '2025-08-01 09:00:00', 'scheduled'),
    ('a400003e-0000-0000-0000-000000000000', 'a3000059-0000-0000-0000-000000000000', 'bb000059-0000-0000-0000-000000000000', 'aa000003-0000-0000-0000-000000000000', 'HPV/Pap Co-test', '2026-03-19 09:00:00', 'complete'),
    ('a400003f-0000-0000-0000-000000000000', 'a300005b-0000-0000-0000-000000000000', 'bb00005b-0000-0000-0000-000000000000', 'aa000006-0000-0000-0000-000000000000', 'Routine Pap Smear', '2026-10-19 09:00:00', 'complete'),
    ('a4000040-0000-0000-0000-000000000000', 'a300005e-0000-0000-0000-000000000000', 'bb00005e-0000-0000-0000-000000000000', 'aa000008-0000-0000-0000-000000000000', 'Routine Pap Smear', '2026-04-12 09:00:00', 'complete'),
    ('a4000041-0000-0000-0000-000000000000', 'a300005f-0000-0000-0000-000000000000', 'bb00005f-0000-0000-0000-000000000000', 'aa000005-0000-0000-0000-000000000000', 'HPV/Pap Co-test', '2026-03-26 09:00:00', 'scheduled'),
    ('a4000042-0000-0000-0000-000000000000', 'a3000060-0000-0000-0000-000000000000', 'bb000060-0000-0000-0000-000000000000', 'aa000001-0000-0000-0000-000000000000', 'Colposcopy', '2025-07-18 09:00:00', 'scheduled'),
    ('a4000043-0000-0000-0000-000000000000', 'a3000063-0000-0000-0000-000000000000', 'bb000063-0000-0000-0000-000000000000', 'aa000002-0000-0000-0000-000000000000', 'Colposcopy', '2025-04-26 09:00:00', 'scheduled'),
    ('a4000044-0000-0000-0000-000000000000', 'a3000064-0000-0000-0000-000000000000', 'bb000064-0000-0000-0000-000000000000', 'aa000003-0000-0000-0000-000000000000', 'Routine Pap Smear', '2026-03-21 09:00:00', 'complete'),
    ('a4000045-0000-0000-0000-000000000000', 'a3000065-0000-0000-0000-000000000000', 'bb000065-0000-0000-0000-000000000000', 'aa000004-0000-0000-0000-000000000000', 'HPV/Pap Co-test', '2026-02-13 09:00:00', 'scheduled'),
    ('a4000046-0000-0000-0000-000000000000', 'a3000066-0000-0000-0000-000000000000', 'bb000066-0000-0000-0000-000000000000', 'aa000005-0000-0000-0000-000000000000', 'Colposcopy', '2025-09-02 09:00:00', 'scheduled'),
    ('a4000047-0000-0000-0000-000000000000', 'a3000068-0000-0000-0000-000000000000', 'bb000068-0000-0000-0000-000000000000', 'aa000008-0000-0000-0000-000000000000', 'Routine Pap Smear', '2026-04-02 09:00:00', 'complete'),
    ('a4000048-0000-0000-0000-000000000000', 'a3000069-0000-0000-0000-000000000000', 'bb000069-0000-0000-0000-000000000000', 'aa000002-0000-0000-0000-000000000000', 'Routine Pap Smear', '2026-09-05 09:00:00', 'scheduled'),
    ('a4000049-0000-0000-0000-000000000000', 'a300006b-0000-0000-0000-000000000000', 'bb00006b-0000-0000-0000-000000000000', 'aa000006-0000-0000-0000-000000000000', 'HPV/Pap Co-test', '2025-04-28 09:00:00', 'complete'),
    ('a400004a-0000-0000-0000-000000000000', 'a300006d-0000-0000-0000-000000000000', 'bb00006d-0000-0000-0000-000000000000', 'aa000005-0000-0000-0000-000000000000', 'Routine Pap Smear', '2026-04-23 09:00:00', 'complete'),
    ('a400004b-0000-0000-0000-000000000000', 'a300006e-0000-0000-0000-000000000000', 'bb00006e-0000-0000-0000-000000000000', 'aa000006-0000-0000-0000-000000000000', 'HPV/Pap Co-test', '2025-05-19 09:00:00', 'scheduled'),
    ('a400004c-0000-0000-0000-000000000000', 'a300006f-0000-0000-0000-000000000000', 'bb00006f-0000-0000-0000-000000000000', 'aa000005-0000-0000-0000-000000000000', 'HPV/Pap Co-test', '2025-11-16 09:00:00', 'scheduled'),
    ('a400004d-0000-0000-0000-000000000000', 'a3000070-0000-0000-0000-000000000000', 'bb000070-0000-0000-0000-000000000000', 'aa000001-0000-0000-0000-000000000000', 'HPV/Pap Co-test', '2025-06-25 09:00:00', 'scheduled'),
    ('a400004e-0000-0000-0000-000000000000', 'a3000072-0000-0000-0000-000000000000', 'bb000072-0000-0000-0000-000000000000', 'aa000002-0000-0000-0000-000000000000', 'HPV/Pap Co-test', '2025-04-29 09:00:00', 'scheduled'),
    ('a400004f-0000-0000-0000-000000000000', 'a3000073-0000-0000-0000-000000000000', 'bb000073-0000-0000-0000-000000000000', 'aa000004-0000-0000-0000-000000000000', 'HPV/Pap Co-test', '2025-04-08 09:00:00', 'complete'),
    ('a4000050-0000-0000-0000-000000000000', 'a3000074-0000-0000-0000-000000000000', 'bb000074-0000-0000-0000-000000000000', 'aa000003-0000-0000-0000-000000000000', 'HPV/Pap Co-test', '2025-06-13 09:00:00', 'complete'),
    ('a4000051-0000-0000-0000-000000000000', 'a3000075-0000-0000-0000-000000000000', 'bb000075-0000-0000-0000-000000000000', 'aa000005-0000-0000-0000-000000000000', 'Colposcopy', '2025-06-23 09:00:00', 'scheduled'),
    ('a4000052-0000-0000-0000-000000000000', 'a3000078-0000-0000-0000-000000000000', 'bb000078-0000-0000-0000-000000000000', 'aa000006-0000-0000-0000-000000000000', 'Colposcopy', '2025-07-17 09:00:00', 'scheduled'),
    ('a4000053-0000-0000-0000-000000000000', 'a3000079-0000-0000-0000-000000000000', 'bb000079-0000-0000-0000-000000000000', 'aa000008-0000-0000-0000-000000000000', 'Colposcopy', '2025-07-24 09:00:00', 'no show'),
    ('a4000054-0000-0000-0000-000000000000', 'a300007a-0000-0000-0000-000000000000', 'bb00007a-0000-0000-0000-000000000000', 'aa000008-0000-0000-0000-000000000000', 'Routine Pap Smear', '2026-06-21 09:00:00', 'complete'),
    ('a4000055-0000-0000-0000-000000000000', 'a300007b-0000-0000-0000-000000000000', 'bb00007b-0000-0000-0000-000000000000', 'aa000002-0000-0000-0000-000000000000', 'Routine Pap Smear', '2026-08-13 09:00:00', 'complete'),
    ('a4000056-0000-0000-0000-000000000000', 'a300007c-0000-0000-0000-000000000000', 'bb00007c-0000-0000-0000-000000000000', 'aa000005-0000-0000-0000-000000000000', 'Colposcopy', '2026-03-16 09:00:00', 'scheduled'),
    ('a4000057-0000-0000-0000-000000000000', 'a300007e-0000-0000-0000-000000000000', 'bb00007e-0000-0000-0000-000000000000', 'aa000003-0000-0000-0000-000000000000', 'HPV/Pap Co-test', '2025-05-28 09:00:00', 'complete'),
    ('a4000058-0000-0000-0000-000000000000', 'a300007f-0000-0000-0000-000000000000', 'bb00007f-0000-0000-0000-000000000000', 'aa000006-0000-0000-0000-000000000000', 'HPV/Pap Co-test', '2025-04-01 09:00:00', 'complete'),
    ('a4000059-0000-0000-0000-000000000000', 'a3000080-0000-0000-0000-000000000000', 'bb000080-0000-0000-0000-000000000000', 'aa000007-0000-0000-0000-000000000000', 'HPV/Pap Co-test', '2025-09-30 09:00:00', 'scheduled'),
    ('a400005a-0000-0000-0000-000000000000', 'a3000081-0000-0000-0000-000000000000', 'bb000081-0000-0000-0000-000000000000', 'aa000002-0000-0000-0000-000000000000', 'Colposcopy', '2026-01-02 09:00:00', 'complete'),
    ('a400005b-0000-0000-0000-000000000000', 'a3000084-0000-0000-0000-000000000000', 'bb000084-0000-0000-0000-000000000000', 'aa000003-0000-0000-0000-000000000000', 'HPV/Pap Co-test', '2025-09-29 09:00:00', 'scheduled'),
    ('a400005c-0000-0000-0000-000000000000', 'a3000085-0000-0000-0000-000000000000', 'bb000085-0000-0000-0000-000000000000', 'aa000004-0000-0000-0000-000000000000', 'Colposcopy', '2025-05-02 09:00:00', 'no show'),
    ('a400005d-0000-0000-0000-000000000000', 'a3000086-0000-0000-0000-000000000000', 'bb000086-0000-0000-0000-000000000000', 'aa000006-0000-0000-0000-000000000000', 'Routine Pap Smear', '2026-12-18 09:00:00', 'complete'),
    ('a400005e-0000-0000-0000-000000000000', 'a300008a-0000-0000-0000-000000000000', 'bb00008a-0000-0000-0000-000000000000', 'aa000005-0000-0000-0000-000000000000', 'Colposcopy', '2026-01-25 09:00:00', 'scheduled'),
    ('a400005f-0000-0000-0000-000000000000', 'a300008b-0000-0000-0000-000000000000', 'bb00008b-0000-0000-0000-000000000000', 'aa000007-0000-0000-0000-000000000000', 'HPV/Pap Co-test', '2025-08-20 09:00:00', 'complete'),
    ('a4000060-0000-0000-0000-000000000000', 'a300008c-0000-0000-0000-000000000000', 'bb00008c-0000-0000-0000-000000000000', 'aa000005-0000-0000-0000-000000000000', 'Routine Pap Smear', '2027-03-15 09:00:00', 'complete'),
    ('a4000061-0000-0000-0000-000000000000', 'a300008e-0000-0000-0000-000000000000', 'bb00008e-0000-0000-0000-000000000000', 'aa000008-0000-0000-0000-000000000000', 'Routine Pap Smear', '2026-05-30 09:00:00', 'complete'),
    ('a4000062-0000-0000-0000-000000000000', 'a300008f-0000-0000-0000-000000000000', 'bb00008f-0000-0000-0000-000000000000', 'aa000006-0000-0000-0000-000000000000', 'Colposcopy', '2025-08-19 09:00:00', 'scheduled'),
    ('a4000063-0000-0000-0000-000000000000', 'a3000091-0000-0000-0000-000000000000', 'bb000091-0000-0000-0000-000000000000', 'aa000008-0000-0000-0000-000000000000', 'Routine Pap Smear', '2026-09-20 09:00:00', 'complete'),
    ('a4000064-0000-0000-0000-000000000000', 'a3000092-0000-0000-0000-000000000000', 'bb000092-0000-0000-0000-000000000000', 'aa000003-0000-0000-0000-000000000000', 'HPV/Pap Co-test', '2025-08-23 09:00:00', 'scheduled'),
    ('a4000065-0000-0000-0000-000000000000', 'a3000093-0000-0000-0000-000000000000', 'bb000093-0000-0000-0000-000000000000', 'aa000003-0000-0000-0000-000000000000', 'Routine Pap Smear', '2026-07-11 09:00:00', 'complete'),
    ('a4000066-0000-0000-0000-000000000000', 'a3000094-0000-0000-0000-000000000000', 'bb000094-0000-0000-0000-000000000000', 'aa000003-0000-0000-0000-000000000000', 'HPV/Pap Co-test', '2026-03-08 09:00:00', 'scheduled'),
    ('a4000067-0000-0000-0000-000000000000', 'a3000096-0000-0000-0000-000000000000', 'bb000096-0000-0000-0000-000000000000', 'aa000004-0000-0000-0000-000000000000', 'Routine Pap Smear', '2026-12-23 09:00:00', 'complete');

-- =============================================================================
-- SCREENING_ORDER
-- =============================================================================
INSERT INTO Screening_Order
    (order_id, encounter_id, ordered_by, loinc_code, order_type, status, ordered_at)
VALUES
    ('a5000001-0000-0000-0000-000000000000', 'cc000001-0000-0000-0000-000000000000', 'aa000008-0000-0000-0000-000000000000', '10524-7', 'Pap Smear', 'resulted', '2026-03-02 09:30:00'),
    ('a5000002-0000-0000-0000-000000000000', 'cc000001-0000-0000-0000-000000000000', 'aa000008-0000-0000-0000-000000000000', '21440-3', 'HPV DNA Test', 'resulted', '2026-03-02 09:30:00'),
    ('a5000003-0000-0000-0000-000000000000', 'cc000002-0000-0000-0000-000000000000', 'aa000007-0000-0000-0000-000000000000', '10524-7', 'Pap Smear', 'resulted', '2025-08-06 09:30:00'),
    ('a5000004-0000-0000-0000-000000000000', 'cc000002-0000-0000-0000-000000000000', 'aa000007-0000-0000-0000-000000000000', '21440-3', 'HPV DNA Test', 'resulted', '2025-08-06 09:30:00'),
    ('a5000005-0000-0000-0000-000000000000', 'cc000003-0000-0000-0000-000000000000', 'aa000008-0000-0000-0000-000000000000', '10524-7', 'Pap Smear', 'resulted', '2025-09-21 09:30:00'),
    ('a5000006-0000-0000-0000-000000000000', 'cc000003-0000-0000-0000-000000000000', 'aa000008-0000-0000-0000-000000000000', '21440-3', 'HPV DNA Test', 'resulted', '2025-09-21 09:30:00'),
    ('a5000007-0000-0000-0000-000000000000', 'cc000004-0000-0000-0000-000000000000', 'aa000002-0000-0000-0000-000000000000', '10524-7', 'Pap Smear', 'resulted', '2025-08-12 09:30:00'),
    ('a5000008-0000-0000-0000-000000000000', 'cc000005-0000-0000-0000-000000000000', 'aa000008-0000-0000-0000-000000000000', '10524-7', 'Pap Smear', 'resulted', '2026-02-17 09:30:00'),
    ('a5000009-0000-0000-0000-000000000000', 'cc000005-0000-0000-0000-000000000000', 'aa000008-0000-0000-0000-000000000000', '21440-3', 'HPV DNA Test', 'resulted', '2026-02-17 09:30:00'),
    ('a500000a-0000-0000-0000-000000000000', 'cc000006-0000-0000-0000-000000000000', 'aa000003-0000-0000-0000-000000000000', '10524-7', 'Pap Smear', 'resulted', '2025-09-03 09:30:00'),
    ('a500000b-0000-0000-0000-000000000000', 'cc000006-0000-0000-0000-000000000000', 'aa000003-0000-0000-0000-000000000000', '21440-3', 'HPV DNA Test', 'resulted', '2025-09-03 09:30:00'),
    ('a500000c-0000-0000-0000-000000000000', 'cc000007-0000-0000-0000-000000000000', 'aa000006-0000-0000-0000-000000000000', '10524-7', 'Pap Smear', 'ordered', '2025-09-06 09:30:00'),
    ('a500000d-0000-0000-0000-000000000000', 'cc000007-0000-0000-0000-000000000000', 'aa000006-0000-0000-0000-000000000000', '21440-3', 'HPV DNA Test', 'ordered', '2025-09-06 09:30:00'),
    ('a500000e-0000-0000-0000-000000000000', 'cc000008-0000-0000-0000-000000000000', 'aa000005-0000-0000-0000-000000000000', '10524-7', 'Pap Smear', 'resulted', '2025-06-18 09:30:00'),
    ('a500000f-0000-0000-0000-000000000000', 'cc000008-0000-0000-0000-000000000000', 'aa000005-0000-0000-0000-000000000000', '21440-3', 'HPV DNA Test', 'resulted', '2025-06-18 09:30:00'),
    ('a5000010-0000-0000-0000-000000000000', 'cc000009-0000-0000-0000-000000000000', 'aa000003-0000-0000-0000-000000000000', '10524-7', 'Pap Smear', 'ordered', '2025-05-20 09:30:00'),
    ('a5000011-0000-0000-0000-000000000000', 'cc000009-0000-0000-0000-000000000000', 'aa000003-0000-0000-0000-000000000000', '21440-3', 'HPV DNA Test', 'ordered', '2025-05-20 09:30:00'),
    ('a5000012-0000-0000-0000-000000000000', 'cc00000a-0000-0000-0000-000000000000', 'aa000002-0000-0000-0000-000000000000', '10524-7', 'Pap Smear', 'ordered', '2025-05-06 09:30:00'),
    ('a5000013-0000-0000-0000-000000000000', 'cc00000a-0000-0000-0000-000000000000', 'aa000002-0000-0000-0000-000000000000', '21440-3', 'HPV DNA Test', 'ordered', '2025-05-06 09:30:00'),
    ('a5000014-0000-0000-0000-000000000000', 'cc00000b-0000-0000-0000-000000000000', 'aa000003-0000-0000-0000-000000000000', '10524-7', 'Pap Smear', 'resulted', '2025-04-07 09:30:00'),
    ('a5000015-0000-0000-0000-000000000000', 'cc00000b-0000-0000-0000-000000000000', 'aa000003-0000-0000-0000-000000000000', '21440-3', 'HPV DNA Test', 'resulted', '2025-04-07 09:30:00'),
    ('a5000016-0000-0000-0000-000000000000', 'cc00000c-0000-0000-0000-000000000000', 'aa000003-0000-0000-0000-000000000000', '10524-7', 'Pap Smear', 'ordered', '2025-05-03 09:30:00'),
    ('a5000017-0000-0000-0000-000000000000', 'cc00000c-0000-0000-0000-000000000000', 'aa000003-0000-0000-0000-000000000000', '21440-3', 'HPV DNA Test', 'ordered', '2025-05-03 09:30:00'),
    ('a5000018-0000-0000-0000-000000000000', 'cc00000d-0000-0000-0000-000000000000', 'aa000003-0000-0000-0000-000000000000', '10524-7', 'Pap Smear', 'ordered', '2025-07-19 09:30:00'),
    ('a5000019-0000-0000-0000-000000000000', 'cc00000e-0000-0000-0000-000000000000', 'aa000001-0000-0000-0000-000000000000', '10524-7', 'Pap Smear', 'ordered', '2025-08-20 09:30:00'),
    ('a500001a-0000-0000-0000-000000000000', 'cc00000e-0000-0000-0000-000000000000', 'aa000001-0000-0000-0000-000000000000', '21440-3', 'HPV DNA Test', 'ordered', '2025-08-20 09:30:00'),
    ('a500001b-0000-0000-0000-000000000000', 'cc00000f-0000-0000-0000-000000000000', 'aa000004-0000-0000-0000-000000000000', '10524-7', 'Pap Smear', 'ordered', '2025-11-03 09:30:00'),
    ('a500001c-0000-0000-0000-000000000000', 'cc00000f-0000-0000-0000-000000000000', 'aa000004-0000-0000-0000-000000000000', '21440-3', 'HPV DNA Test', 'ordered', '2025-11-03 09:30:00'),
    ('a500001d-0000-0000-0000-000000000000', 'cc000010-0000-0000-0000-000000000000', 'aa000006-0000-0000-0000-000000000000', '10524-7', 'Pap Smear', 'resulted', '2026-03-11 09:30:00'),
    ('a500001e-0000-0000-0000-000000000000', 'cc000010-0000-0000-0000-000000000000', 'aa000006-0000-0000-0000-000000000000', '21440-3', 'HPV DNA Test', 'resulted', '2026-03-11 09:30:00'),
    ('a500001f-0000-0000-0000-000000000000', 'cc000011-0000-0000-0000-000000000000', 'aa000005-0000-0000-0000-000000000000', '10524-7', 'Pap Smear', 'resulted', '2025-03-26 09:30:00'),
    ('a5000020-0000-0000-0000-000000000000', 'cc000011-0000-0000-0000-000000000000', 'aa000005-0000-0000-0000-000000000000', '21440-3', 'HPV DNA Test', 'resulted', '2025-03-26 09:30:00'),
    ('a5000021-0000-0000-0000-000000000000', 'cc000012-0000-0000-0000-000000000000', 'aa000005-0000-0000-0000-000000000000', '10524-7', 'Pap Smear', 'resulted', '2025-11-11 09:30:00'),
    ('a5000022-0000-0000-0000-000000000000', 'cc000013-0000-0000-0000-000000000000', 'aa000006-0000-0000-0000-000000000000', '10524-7', 'Pap Smear', 'resulted', '2025-12-24 09:30:00'),
    ('a5000023-0000-0000-0000-000000000000', 'cc000014-0000-0000-0000-000000000000', 'aa000001-0000-0000-0000-000000000000', '10524-7', 'Pap Smear', 'resulted', '2025-11-30 09:30:00'),
    ('a5000024-0000-0000-0000-000000000000', 'cc000014-0000-0000-0000-000000000000', 'aa000001-0000-0000-0000-000000000000', '21440-3', 'HPV DNA Test', 'resulted', '2025-11-30 09:30:00'),
    ('a5000025-0000-0000-0000-000000000000', 'cc000015-0000-0000-0000-000000000000', 'aa000007-0000-0000-0000-000000000000', '10524-7', 'Pap Smear', 'resulted', '2025-03-24 09:30:00'),
    ('a5000026-0000-0000-0000-000000000000', 'cc000015-0000-0000-0000-000000000000', 'aa000007-0000-0000-0000-000000000000', '21440-3', 'HPV DNA Test', 'resulted', '2025-03-24 09:30:00'),
    ('a5000027-0000-0000-0000-000000000000', 'cc000016-0000-0000-0000-000000000000', 'aa000006-0000-0000-0000-000000000000', '10524-7', 'Pap Smear', 'resulted', '2025-09-18 09:30:00'),
    ('a5000028-0000-0000-0000-000000000000', 'cc000017-0000-0000-0000-000000000000', 'aa000001-0000-0000-0000-000000000000', '10524-7', 'Pap Smear', 'ordered', '2025-11-12 09:30:00'),
    ('a5000029-0000-0000-0000-000000000000', 'cc000017-0000-0000-0000-000000000000', 'aa000001-0000-0000-0000-000000000000', '21440-3', 'HPV DNA Test', 'ordered', '2025-11-12 09:30:00'),
    ('a500002a-0000-0000-0000-000000000000', 'cc000018-0000-0000-0000-000000000000', 'aa000005-0000-0000-0000-000000000000', '10524-7', 'Pap Smear', 'resulted', '2026-03-14 09:30:00'),
    ('a500002b-0000-0000-0000-000000000000', 'cc000018-0000-0000-0000-000000000000', 'aa000005-0000-0000-0000-000000000000', '21440-3', 'HPV DNA Test', 'resulted', '2026-03-14 09:30:00'),
    ('a500002c-0000-0000-0000-000000000000', 'cc000019-0000-0000-0000-000000000000', 'aa000005-0000-0000-0000-000000000000', '10524-7', 'Pap Smear', 'resulted', '2025-12-24 09:30:00'),
    ('a500002d-0000-0000-0000-000000000000', 'cc000019-0000-0000-0000-000000000000', 'aa000005-0000-0000-0000-000000000000', '21440-3', 'HPV DNA Test', 'resulted', '2025-12-24 09:30:00'),
    ('a500002e-0000-0000-0000-000000000000', 'cc000019-0000-0000-0000-000000000000', 'aa000005-0000-0000-0000-000000000000', '11529-5', 'Cervical Biopsy', 'resulted', '2025-12-24 09:30:00'),
    ('a500002f-0000-0000-0000-000000000000', 'cc00001a-0000-0000-0000-000000000000', 'aa000001-0000-0000-0000-000000000000', '10524-7', 'Pap Smear', 'resulted', '2025-06-06 09:30:00'),
    ('a5000030-0000-0000-0000-000000000000', 'cc00001a-0000-0000-0000-000000000000', 'aa000001-0000-0000-0000-000000000000', '21440-3', 'HPV DNA Test', 'resulted', '2025-06-06 09:30:00'),
    ('a5000031-0000-0000-0000-000000000000', 'cc00001b-0000-0000-0000-000000000000', 'aa000004-0000-0000-0000-000000000000', '10524-7', 'Pap Smear', 'resulted', '2025-11-21 09:30:00'),
    ('a5000032-0000-0000-0000-000000000000', 'cc00001c-0000-0000-0000-000000000000', 'aa000006-0000-0000-0000-000000000000', '10524-7', 'Pap Smear', 'ordered', '2025-11-28 09:30:00'),
    ('a5000033-0000-0000-0000-000000000000', 'cc00001c-0000-0000-0000-000000000000', 'aa000006-0000-0000-0000-000000000000', '21440-3', 'HPV DNA Test', 'ordered', '2025-11-28 09:30:00'),
    ('a5000034-0000-0000-0000-000000000000', 'cc00001d-0000-0000-0000-000000000000', 'aa000005-0000-0000-0000-000000000000', '10524-7', 'Pap Smear', 'resulted', '2026-03-30 09:30:00'),
    ('a5000035-0000-0000-0000-000000000000', 'cc00001d-0000-0000-0000-000000000000', 'aa000005-0000-0000-0000-000000000000', '21440-3', 'HPV DNA Test', 'resulted', '2026-03-30 09:30:00'),
    ('a5000036-0000-0000-0000-000000000000', 'cc00001e-0000-0000-0000-000000000000', 'aa000003-0000-0000-0000-000000000000', '10524-7', 'Pap Smear', 'resulted', '2025-08-24 09:30:00'),
    ('a5000037-0000-0000-0000-000000000000', 'cc00001f-0000-0000-0000-000000000000', 'aa000008-0000-0000-0000-000000000000', '10524-7', 'Pap Smear', 'resulted', '2026-03-18 09:30:00'),
    ('a5000038-0000-0000-0000-000000000000', 'cc000020-0000-0000-0000-000000000000', 'aa000004-0000-0000-0000-000000000000', '10524-7', 'Pap Smear', 'resulted', '2025-03-26 09:30:00'),
    ('a5000039-0000-0000-0000-000000000000', 'cc000021-0000-0000-0000-000000000000', 'aa000003-0000-0000-0000-000000000000', '10524-7', 'Pap Smear', 'resulted', '2025-03-03 09:30:00'),
    ('a500003a-0000-0000-0000-000000000000', 'cc000021-0000-0000-0000-000000000000', 'aa000003-0000-0000-0000-000000000000', '21440-3', 'HPV DNA Test', 'resulted', '2025-03-03 09:30:00'),
    ('a500003b-0000-0000-0000-000000000000', 'cc000022-0000-0000-0000-000000000000', 'aa000005-0000-0000-0000-000000000000', '10524-7', 'Pap Smear', 'resulted', '2025-08-12 09:30:00'),
    ('a500003c-0000-0000-0000-000000000000', 'cc000023-0000-0000-0000-000000000000', 'aa000007-0000-0000-0000-000000000000', '10524-7', 'Pap Smear', 'resulted', '2025-03-19 09:30:00'),
    ('a500003d-0000-0000-0000-000000000000', 'cc000024-0000-0000-0000-000000000000', 'aa000005-0000-0000-0000-000000000000', '10524-7', 'Pap Smear', 'resulted', '2025-08-19 09:30:00'),
    ('a500003e-0000-0000-0000-000000000000', 'cc000024-0000-0000-0000-000000000000', 'aa000005-0000-0000-0000-000000000000', '21440-3', 'HPV DNA Test', 'resulted', '2025-08-19 09:30:00'),
    ('a500003f-0000-0000-0000-000000000000', 'cc000025-0000-0000-0000-000000000000', 'aa000007-0000-0000-0000-000000000000', '10524-7', 'Pap Smear', 'resulted', '2025-05-29 09:30:00'),
    ('a5000040-0000-0000-0000-000000000000', 'cc000025-0000-0000-0000-000000000000', 'aa000007-0000-0000-0000-000000000000', '21440-3', 'HPV DNA Test', 'resulted', '2025-05-29 09:30:00'),
    ('a5000041-0000-0000-0000-000000000000', 'cc000026-0000-0000-0000-000000000000', 'aa000001-0000-0000-0000-000000000000', '10524-7', 'Pap Smear', 'resulted', '2025-08-02 09:30:00'),
    ('a5000042-0000-0000-0000-000000000000', 'cc000026-0000-0000-0000-000000000000', 'aa000001-0000-0000-0000-000000000000', '21440-3', 'HPV DNA Test', 'resulted', '2025-08-02 09:30:00'),
    ('a5000043-0000-0000-0000-000000000000', 'cc000027-0000-0000-0000-000000000000', 'aa000003-0000-0000-0000-000000000000', '10524-7', 'Pap Smear', 'resulted', '2025-10-31 09:30:00'),
    ('a5000044-0000-0000-0000-000000000000', 'cc000027-0000-0000-0000-000000000000', 'aa000003-0000-0000-0000-000000000000', '21440-3', 'HPV DNA Test', 'resulted', '2025-10-31 09:30:00'),
    ('a5000045-0000-0000-0000-000000000000', 'cc000027-0000-0000-0000-000000000000', 'aa000003-0000-0000-0000-000000000000', '11529-5', 'Cervical Biopsy', 'resulted', '2025-10-31 09:30:00'),
    ('a5000046-0000-0000-0000-000000000000', 'cc000028-0000-0000-0000-000000000000', 'aa000004-0000-0000-0000-000000000000', '10524-7', 'Pap Smear', 'resulted', '2025-12-06 09:30:00'),
    ('a5000047-0000-0000-0000-000000000000', 'cc000028-0000-0000-0000-000000000000', 'aa000004-0000-0000-0000-000000000000', '21440-3', 'HPV DNA Test', 'resulted', '2025-12-06 09:30:00'),
    ('a5000048-0000-0000-0000-000000000000', 'cc000029-0000-0000-0000-000000000000', 'aa000008-0000-0000-0000-000000000000', '10524-7', 'Pap Smear', 'resulted', '2025-11-17 09:30:00'),
    ('a5000049-0000-0000-0000-000000000000', 'cc000029-0000-0000-0000-000000000000', 'aa000008-0000-0000-0000-000000000000', '21440-3', 'HPV DNA Test', 'resulted', '2025-11-17 09:30:00'),
    ('a500004a-0000-0000-0000-000000000000', 'cc000029-0000-0000-0000-000000000000', 'aa000008-0000-0000-0000-000000000000', '11529-5', 'Cervical Biopsy', 'resulted', '2025-11-17 09:30:00'),
    ('a500004b-0000-0000-0000-000000000000', 'cc00002a-0000-0000-0000-000000000000', 'aa000001-0000-0000-0000-000000000000', '10524-7', 'Pap Smear', 'resulted', '2025-12-03 09:30:00'),
    ('a500004c-0000-0000-0000-000000000000', 'cc00002b-0000-0000-0000-000000000000', 'aa000007-0000-0000-0000-000000000000', '10524-7', 'Pap Smear', 'ordered', '2025-09-08 09:30:00'),
    ('a500004d-0000-0000-0000-000000000000', 'cc00002c-0000-0000-0000-000000000000', 'aa000006-0000-0000-0000-000000000000', '10524-7', 'Pap Smear', 'resulted', '2025-05-08 09:30:00'),
    ('a500004e-0000-0000-0000-000000000000', 'cc00002d-0000-0000-0000-000000000000', 'aa000008-0000-0000-0000-000000000000', '10524-7', 'Pap Smear', 'resulted', '2025-07-31 09:30:00'),
    ('a500004f-0000-0000-0000-000000000000', 'cc00002d-0000-0000-0000-000000000000', 'aa000008-0000-0000-0000-000000000000', '21440-3', 'HPV DNA Test', 'resulted', '2025-07-31 09:30:00'),
    ('a5000050-0000-0000-0000-000000000000', 'cc00002e-0000-0000-0000-000000000000', 'aa000001-0000-0000-0000-000000000000', '10524-7', 'Pap Smear', 'resulted', '2026-01-09 09:30:00'),
    ('a5000051-0000-0000-0000-000000000000', 'cc00002e-0000-0000-0000-000000000000', 'aa000001-0000-0000-0000-000000000000', '21440-3', 'HPV DNA Test', 'resulted', '2026-01-09 09:30:00'),
    ('a5000052-0000-0000-0000-000000000000', 'cc00002f-0000-0000-0000-000000000000', 'aa000005-0000-0000-0000-000000000000', '10524-7', 'Pap Smear', 'ordered', '2025-05-11 09:30:00'),
    ('a5000053-0000-0000-0000-000000000000', 'cc00002f-0000-0000-0000-000000000000', 'aa000005-0000-0000-0000-000000000000', '21440-3', 'HPV DNA Test', 'ordered', '2025-05-11 09:30:00'),
    ('a5000054-0000-0000-0000-000000000000', 'cc000030-0000-0000-0000-000000000000', 'aa000003-0000-0000-0000-000000000000', '10524-7', 'Pap Smear', 'resulted', '2026-03-12 09:30:00'),
    ('a5000055-0000-0000-0000-000000000000', 'cc000031-0000-0000-0000-000000000000', 'aa000006-0000-0000-0000-000000000000', '10524-7', 'Pap Smear', 'ordered', '2025-11-24 09:30:00'),
    ('a5000056-0000-0000-0000-000000000000', 'cc000031-0000-0000-0000-000000000000', 'aa000006-0000-0000-0000-000000000000', '21440-3', 'HPV DNA Test', 'ordered', '2025-11-24 09:30:00'),
    ('a5000057-0000-0000-0000-000000000000', 'cc000032-0000-0000-0000-000000000000', 'aa000004-0000-0000-0000-000000000000', '10524-7', 'Pap Smear', 'resulted', '2025-10-29 09:30:00'),
    ('a5000058-0000-0000-0000-000000000000', 'cc000033-0000-0000-0000-000000000000', 'aa000003-0000-0000-0000-000000000000', '10524-7', 'Pap Smear', 'resulted', '2025-12-11 09:30:00'),
    ('a5000059-0000-0000-0000-000000000000', 'cc000034-0000-0000-0000-000000000000', 'aa000002-0000-0000-0000-000000000000', '10524-7', 'Pap Smear', 'resulted', '2025-09-06 09:30:00'),
    ('a500005a-0000-0000-0000-000000000000', 'cc000034-0000-0000-0000-000000000000', 'aa000002-0000-0000-0000-000000000000', '21440-3', 'HPV DNA Test', 'resulted', '2025-09-06 09:30:00'),
    ('a500005b-0000-0000-0000-000000000000', 'cc000035-0000-0000-0000-000000000000', 'aa000002-0000-0000-0000-000000000000', '10524-7', 'Pap Smear', 'ordered', '2026-03-15 09:30:00'),
    ('a500005c-0000-0000-0000-000000000000', 'cc000035-0000-0000-0000-000000000000', 'aa000002-0000-0000-0000-000000000000', '21440-3', 'HPV DNA Test', 'ordered', '2026-03-15 09:30:00'),
    ('a500005d-0000-0000-0000-000000000000', 'cc000036-0000-0000-0000-000000000000', 'aa000008-0000-0000-0000-000000000000', '10524-7', 'Pap Smear', 'resulted', '2025-11-18 09:30:00'),
    ('a500005e-0000-0000-0000-000000000000', 'cc000036-0000-0000-0000-000000000000', 'aa000008-0000-0000-0000-000000000000', '21440-3', 'HPV DNA Test', 'resulted', '2025-11-18 09:30:00'),
    ('a500005f-0000-0000-0000-000000000000', 'cc000037-0000-0000-0000-000000000000', 'aa000005-0000-0000-0000-000000000000', '10524-7', 'Pap Smear', 'ordered', '2025-03-09 09:30:00'),
    ('a5000060-0000-0000-0000-000000000000', 'cc000037-0000-0000-0000-000000000000', 'aa000005-0000-0000-0000-000000000000', '21440-3', 'HPV DNA Test', 'ordered', '2025-03-09 09:30:00'),
    ('a5000061-0000-0000-0000-000000000000', 'cc000038-0000-0000-0000-000000000000', 'aa000008-0000-0000-0000-000000000000', '10524-7', 'Pap Smear', 'ordered', '2026-03-26 09:30:00'),
    ('a5000062-0000-0000-0000-000000000000', 'cc000038-0000-0000-0000-000000000000', 'aa000008-0000-0000-0000-000000000000', '21440-3', 'HPV DNA Test', 'ordered', '2026-03-26 09:30:00'),
    ('a5000063-0000-0000-0000-000000000000', 'cc000039-0000-0000-0000-000000000000', 'aa000003-0000-0000-0000-000000000000', '10524-7', 'Pap Smear', 'ordered', '2025-11-06 09:30:00'),
    ('a5000064-0000-0000-0000-000000000000', 'cc000039-0000-0000-0000-000000000000', 'aa000003-0000-0000-0000-000000000000', '21440-3', 'HPV DNA Test', 'ordered', '2025-11-06 09:30:00'),
    ('a5000065-0000-0000-0000-000000000000', 'cc00003a-0000-0000-0000-000000000000', 'aa000008-0000-0000-0000-000000000000', '10524-7', 'Pap Smear', 'resulted', '2025-03-31 09:30:00'),
    ('a5000066-0000-0000-0000-000000000000', 'cc00003b-0000-0000-0000-000000000000', 'aa000005-0000-0000-0000-000000000000', '10524-7', 'Pap Smear', 'resulted', '2025-11-30 09:30:00'),
    ('a5000067-0000-0000-0000-000000000000', 'cc00003b-0000-0000-0000-000000000000', 'aa000005-0000-0000-0000-000000000000', '21440-3', 'HPV DNA Test', 'resulted', '2025-11-30 09:30:00'),
    ('a5000068-0000-0000-0000-000000000000', 'cc00003c-0000-0000-0000-000000000000', 'aa000004-0000-0000-0000-000000000000', '10524-7', 'Pap Smear', 'resulted', '2026-02-20 09:30:00'),
    ('a5000069-0000-0000-0000-000000000000', 'cc00003c-0000-0000-0000-000000000000', 'aa000004-0000-0000-0000-000000000000', '21440-3', 'HPV DNA Test', 'resulted', '2026-02-20 09:30:00'),
    ('a500006a-0000-0000-0000-000000000000', 'cc00003d-0000-0000-0000-000000000000', 'aa000001-0000-0000-0000-000000000000', '10524-7', 'Pap Smear', 'resulted', '2025-03-29 09:30:00'),
    ('a500006b-0000-0000-0000-000000000000', 'cc00003e-0000-0000-0000-000000000000', 'aa000001-0000-0000-0000-000000000000', '10524-7', 'Pap Smear', 'ordered', '2025-11-26 09:30:00'),
    ('a500006c-0000-0000-0000-000000000000', 'cc00003e-0000-0000-0000-000000000000', 'aa000001-0000-0000-0000-000000000000', '21440-3', 'HPV DNA Test', 'ordered', '2025-11-26 09:30:00'),
    ('a500006d-0000-0000-0000-000000000000', 'cc00003f-0000-0000-0000-000000000000', 'aa000005-0000-0000-0000-000000000000', '10524-7', 'Pap Smear', 'ordered', '2025-04-09 09:30:00'),
    ('a500006e-0000-0000-0000-000000000000', 'cc00003f-0000-0000-0000-000000000000', 'aa000005-0000-0000-0000-000000000000', '21440-3', 'HPV DNA Test', 'ordered', '2025-04-09 09:30:00'),
    ('a500006f-0000-0000-0000-000000000000', 'cc000040-0000-0000-0000-000000000000', 'aa000002-0000-0000-0000-000000000000', '10524-7', 'Pap Smear', 'ordered', '2025-03-28 09:30:00'),
    ('a5000070-0000-0000-0000-000000000000', 'cc000041-0000-0000-0000-000000000000', 'aa000006-0000-0000-0000-000000000000', '10524-7', 'Pap Smear', 'resulted', '2025-09-20 09:30:00'),
    ('a5000071-0000-0000-0000-000000000000', 'cc000041-0000-0000-0000-000000000000', 'aa000006-0000-0000-0000-000000000000', '21440-3', 'HPV DNA Test', 'resulted', '2025-09-20 09:30:00'),
    ('a5000072-0000-0000-0000-000000000000', 'cc000042-0000-0000-0000-000000000000', 'aa000003-0000-0000-0000-000000000000', '10524-7', 'Pap Smear', 'resulted', '2025-09-11 09:30:00'),
    ('a5000073-0000-0000-0000-000000000000', 'cc000042-0000-0000-0000-000000000000', 'aa000003-0000-0000-0000-000000000000', '21440-3', 'HPV DNA Test', 'resulted', '2025-09-11 09:30:00'),
    ('a5000074-0000-0000-0000-000000000000', 'cc000043-0000-0000-0000-000000000000', 'aa000007-0000-0000-0000-000000000000', '10524-7', 'Pap Smear', 'ordered', '2025-10-16 09:30:00'),
    ('a5000075-0000-0000-0000-000000000000', 'cc000043-0000-0000-0000-000000000000', 'aa000007-0000-0000-0000-000000000000', '21440-3', 'HPV DNA Test', 'ordered', '2025-10-16 09:30:00'),
    ('a5000076-0000-0000-0000-000000000000', 'cc000044-0000-0000-0000-000000000000', 'aa000003-0000-0000-0000-000000000000', '10524-7', 'Pap Smear', 'resulted', '2025-05-26 09:30:00'),
    ('a5000077-0000-0000-0000-000000000000', 'cc000044-0000-0000-0000-000000000000', 'aa000003-0000-0000-0000-000000000000', '21440-3', 'HPV DNA Test', 'resulted', '2025-05-26 09:30:00'),
    ('a5000078-0000-0000-0000-000000000000', 'cc000045-0000-0000-0000-000000000000', 'aa000005-0000-0000-0000-000000000000', '10524-7', 'Pap Smear', 'ordered', '2025-10-09 09:30:00'),
    ('a5000079-0000-0000-0000-000000000000', 'cc000045-0000-0000-0000-000000000000', 'aa000005-0000-0000-0000-000000000000', '21440-3', 'HPV DNA Test', 'ordered', '2025-10-09 09:30:00'),
    ('a500007a-0000-0000-0000-000000000000', 'cc000046-0000-0000-0000-000000000000', 'aa000006-0000-0000-0000-000000000000', '10524-7', 'Pap Smear', 'ordered', '2025-09-11 09:30:00'),
    ('a500007b-0000-0000-0000-000000000000', 'cc000046-0000-0000-0000-000000000000', 'aa000006-0000-0000-0000-000000000000', '21440-3', 'HPV DNA Test', 'ordered', '2025-09-11 09:30:00'),
    ('a500007c-0000-0000-0000-000000000000', 'cc000047-0000-0000-0000-000000000000', 'aa000008-0000-0000-0000-000000000000', '10524-7', 'Pap Smear', 'resulted', '2025-07-28 09:30:00'),
    ('a500007d-0000-0000-0000-000000000000', 'cc000047-0000-0000-0000-000000000000', 'aa000008-0000-0000-0000-000000000000', '21440-3', 'HPV DNA Test', 'resulted', '2025-07-28 09:30:00'),
    ('a500007e-0000-0000-0000-000000000000', 'cc000048-0000-0000-0000-000000000000', 'aa000004-0000-0000-0000-000000000000', '10524-7', 'Pap Smear', 'ordered', '2026-02-26 09:30:00'),
    ('a500007f-0000-0000-0000-000000000000', 'cc000048-0000-0000-0000-000000000000', 'aa000004-0000-0000-0000-000000000000', '21440-3', 'HPV DNA Test', 'ordered', '2026-02-26 09:30:00'),
    ('a5000080-0000-0000-0000-000000000000', 'cc000049-0000-0000-0000-000000000000', 'aa000008-0000-0000-0000-000000000000', '10524-7', 'Pap Smear', 'resulted', '2025-04-07 09:30:00'),
    ('a5000081-0000-0000-0000-000000000000', 'cc00004a-0000-0000-0000-000000000000', 'aa000002-0000-0000-0000-000000000000', '10524-7', 'Pap Smear', 'ordered', '2026-02-23 09:30:00'),
    ('a5000082-0000-0000-0000-000000000000', 'cc00004a-0000-0000-0000-000000000000', 'aa000002-0000-0000-0000-000000000000', '21440-3', 'HPV DNA Test', 'ordered', '2026-02-23 09:30:00'),
    ('a5000083-0000-0000-0000-000000000000', 'cc00004b-0000-0000-0000-000000000000', 'aa000004-0000-0000-0000-000000000000', '10524-7', 'Pap Smear', 'resulted', '2025-12-11 09:30:00'),
    ('a5000084-0000-0000-0000-000000000000', 'cc00004b-0000-0000-0000-000000000000', 'aa000004-0000-0000-0000-000000000000', '21440-3', 'HPV DNA Test', 'resulted', '2025-12-11 09:30:00'),
    ('a5000085-0000-0000-0000-000000000000', 'cc00004c-0000-0000-0000-000000000000', 'aa000003-0000-0000-0000-000000000000', '10524-7', 'Pap Smear', 'ordered', '2025-04-29 09:30:00'),
    ('a5000086-0000-0000-0000-000000000000', 'cc00004c-0000-0000-0000-000000000000', 'aa000003-0000-0000-0000-000000000000', '21440-3', 'HPV DNA Test', 'ordered', '2025-04-29 09:30:00'),
    ('a5000087-0000-0000-0000-000000000000', 'cc00004d-0000-0000-0000-000000000000', 'aa000006-0000-0000-0000-000000000000', '10524-7', 'Pap Smear', 'resulted', '2025-11-03 09:30:00'),
    ('a5000088-0000-0000-0000-000000000000', 'cc00004d-0000-0000-0000-000000000000', 'aa000006-0000-0000-0000-000000000000', '21440-3', 'HPV DNA Test', 'resulted', '2025-11-03 09:30:00'),
    ('a5000089-0000-0000-0000-000000000000', 'cc00004e-0000-0000-0000-000000000000', 'aa000003-0000-0000-0000-000000000000', '10524-7', 'Pap Smear', 'ordered', '2026-02-10 09:30:00'),
    ('a500008a-0000-0000-0000-000000000000', 'cc00004e-0000-0000-0000-000000000000', 'aa000003-0000-0000-0000-000000000000', '21440-3', 'HPV DNA Test', 'ordered', '2026-02-10 09:30:00'),
    ('a500008b-0000-0000-0000-000000000000', 'cc00004f-0000-0000-0000-000000000000', 'aa000007-0000-0000-0000-000000000000', '10524-7', 'Pap Smear', 'resulted', '2025-10-06 09:30:00'),
    ('a500008c-0000-0000-0000-000000000000', 'cc000050-0000-0000-0000-000000000000', 'aa000003-0000-0000-0000-000000000000', '10524-7', 'Pap Smear', 'resulted', '2025-11-30 09:30:00'),
    ('a500008d-0000-0000-0000-000000000000', 'cc000051-0000-0000-0000-000000000000', 'aa000006-0000-0000-0000-000000000000', '10524-7', 'Pap Smear', 'resulted', '2025-11-26 09:30:00'),
    ('a500008e-0000-0000-0000-000000000000', 'cc000051-0000-0000-0000-000000000000', 'aa000006-0000-0000-0000-000000000000', '21440-3', 'HPV DNA Test', 'resulted', '2025-11-26 09:30:00'),
    ('a500008f-0000-0000-0000-000000000000', 'cc000052-0000-0000-0000-000000000000', 'aa000002-0000-0000-0000-000000000000', '10524-7', 'Pap Smear', 'ordered', '2025-08-04 09:30:00'),
    ('a5000090-0000-0000-0000-000000000000', 'cc000052-0000-0000-0000-000000000000', 'aa000002-0000-0000-0000-000000000000', '21440-3', 'HPV DNA Test', 'ordered', '2025-08-04 09:30:00'),
    ('a5000091-0000-0000-0000-000000000000', 'cc000053-0000-0000-0000-000000000000', 'aa000001-0000-0000-0000-000000000000', '10524-7', 'Pap Smear', 'ordered', '2026-01-12 09:30:00'),
    ('a5000092-0000-0000-0000-000000000000', 'cc000054-0000-0000-0000-000000000000', 'aa000008-0000-0000-0000-000000000000', '10524-7', 'Pap Smear', 'resulted', '2025-11-14 09:30:00'),
    ('a5000093-0000-0000-0000-000000000000', 'cc000054-0000-0000-0000-000000000000', 'aa000008-0000-0000-0000-000000000000', '21440-3', 'HPV DNA Test', 'resulted', '2025-11-14 09:30:00'),
    ('a5000094-0000-0000-0000-000000000000', 'cc000055-0000-0000-0000-000000000000', 'aa000001-0000-0000-0000-000000000000', '10524-7', 'Pap Smear', 'resulted', '2025-12-15 09:30:00'),
    ('a5000095-0000-0000-0000-000000000000', 'cc000055-0000-0000-0000-000000000000', 'aa000001-0000-0000-0000-000000000000', '21440-3', 'HPV DNA Test', 'resulted', '2025-12-15 09:30:00'),
    ('a5000096-0000-0000-0000-000000000000', 'cc000056-0000-0000-0000-000000000000', 'aa000006-0000-0000-0000-000000000000', '10524-7', 'Pap Smear', 'resulted', '2025-07-16 09:30:00'),
    ('a5000097-0000-0000-0000-000000000000', 'cc000056-0000-0000-0000-000000000000', 'aa000006-0000-0000-0000-000000000000', '21440-3', 'HPV DNA Test', 'resulted', '2025-07-16 09:30:00'),
    ('a5000098-0000-0000-0000-000000000000', 'cc000057-0000-0000-0000-000000000000', 'aa000002-0000-0000-0000-000000000000', '10524-7', 'Pap Smear', 'ordered', '2025-10-11 09:30:00'),
    ('a5000099-0000-0000-0000-000000000000', 'cc000057-0000-0000-0000-000000000000', 'aa000002-0000-0000-0000-000000000000', '21440-3', 'HPV DNA Test', 'ordered', '2025-10-11 09:30:00'),
    ('a500009a-0000-0000-0000-000000000000', 'cc000058-0000-0000-0000-000000000000', 'aa000003-0000-0000-0000-000000000000', '10524-7', 'Pap Smear', 'ordered', '2025-12-31 09:30:00'),
    ('a500009b-0000-0000-0000-000000000000', 'cc000059-0000-0000-0000-000000000000', 'aa000002-0000-0000-0000-000000000000', '10524-7', 'Pap Smear', 'resulted', '2026-02-11 09:30:00'),
    ('a500009c-0000-0000-0000-000000000000', 'cc000059-0000-0000-0000-000000000000', 'aa000002-0000-0000-0000-000000000000', '21440-3', 'HPV DNA Test', 'resulted', '2026-02-11 09:30:00'),
    ('a500009d-0000-0000-0000-000000000000', 'cc00005a-0000-0000-0000-000000000000', 'aa000003-0000-0000-0000-000000000000', '10524-7', 'Pap Smear', 'ordered', '2025-11-06 09:30:00'),
    ('a500009e-0000-0000-0000-000000000000', 'cc00005a-0000-0000-0000-000000000000', 'aa000003-0000-0000-0000-000000000000', '21440-3', 'HPV DNA Test', 'ordered', '2025-11-06 09:30:00'),
    ('a500009f-0000-0000-0000-000000000000', 'cc00005b-0000-0000-0000-000000000000', 'aa000008-0000-0000-0000-000000000000', '10524-7', 'Pap Smear', 'resulted', '2025-10-19 09:30:00'),
    ('a50000a0-0000-0000-0000-000000000000', 'cc00005c-0000-0000-0000-000000000000', 'aa000007-0000-0000-0000-000000000000', '10524-7', 'Pap Smear', 'ordered', '2025-11-29 09:30:00'),
    ('a50000a1-0000-0000-0000-000000000000', 'cc00005c-0000-0000-0000-000000000000', 'aa000007-0000-0000-0000-000000000000', '21440-3', 'HPV DNA Test', 'ordered', '2025-11-29 09:30:00'),
    ('a50000a2-0000-0000-0000-000000000000', 'cc00005d-0000-0000-0000-000000000000', 'aa000002-0000-0000-0000-000000000000', '10524-7', 'Pap Smear', 'ordered', '2025-03-09 09:30:00'),
    ('a50000a3-0000-0000-0000-000000000000', 'cc00005d-0000-0000-0000-000000000000', 'aa000002-0000-0000-0000-000000000000', '21440-3', 'HPV DNA Test', 'ordered', '2025-03-09 09:30:00'),
    ('a50000a4-0000-0000-0000-000000000000', 'cc00005e-0000-0000-0000-000000000000', 'aa000006-0000-0000-0000-000000000000', '10524-7', 'Pap Smear', 'resulted', '2025-04-12 09:30:00'),
    ('a50000a5-0000-0000-0000-000000000000', 'cc00005f-0000-0000-0000-000000000000', 'aa000002-0000-0000-0000-000000000000', '10524-7', 'Pap Smear', 'resulted', '2026-02-24 09:30:00'),
    ('a50000a6-0000-0000-0000-000000000000', 'cc00005f-0000-0000-0000-000000000000', 'aa000002-0000-0000-0000-000000000000', '21440-3', 'HPV DNA Test', 'resulted', '2026-02-24 09:30:00'),
    ('a50000a7-0000-0000-0000-000000000000', 'cc000060-0000-0000-0000-000000000000', 'aa000007-0000-0000-0000-000000000000', '10524-7', 'Pap Smear', 'resulted', '2025-06-26 09:30:00'),
    ('a50000a8-0000-0000-0000-000000000000', 'cc000060-0000-0000-0000-000000000000', 'aa000007-0000-0000-0000-000000000000', '21440-3', 'HPV DNA Test', 'resulted', '2025-06-26 09:30:00'),
    ('a50000a9-0000-0000-0000-000000000000', 'cc000061-0000-0000-0000-000000000000', 'aa000008-0000-0000-0000-000000000000', '10524-7', 'Pap Smear', 'ordered', '2025-09-27 09:30:00'),
    ('a50000aa-0000-0000-0000-000000000000', 'cc000061-0000-0000-0000-000000000000', 'aa000008-0000-0000-0000-000000000000', '21440-3', 'HPV DNA Test', 'ordered', '2025-09-27 09:30:00'),
    ('a50000ab-0000-0000-0000-000000000000', 'cc000062-0000-0000-0000-000000000000', 'aa000005-0000-0000-0000-000000000000', '10524-7', 'Pap Smear', 'ordered', '2026-01-02 09:30:00'),
    ('a50000ac-0000-0000-0000-000000000000', 'cc000062-0000-0000-0000-000000000000', 'aa000005-0000-0000-0000-000000000000', '21440-3', 'HPV DNA Test', 'ordered', '2026-01-02 09:30:00'),
    ('a50000ad-0000-0000-0000-000000000000', 'cc000063-0000-0000-0000-000000000000', 'aa000001-0000-0000-0000-000000000000', '10524-7', 'Pap Smear', 'resulted', '2025-04-06 09:30:00'),
    ('a50000ae-0000-0000-0000-000000000000', 'cc000063-0000-0000-0000-000000000000', 'aa000001-0000-0000-0000-000000000000', '21440-3', 'HPV DNA Test', 'resulted', '2025-04-06 09:30:00'),
    ('a50000af-0000-0000-0000-000000000000', 'cc000064-0000-0000-0000-000000000000', 'aa000001-0000-0000-0000-000000000000', '10524-7', 'Pap Smear', 'resulted', '2025-03-21 09:30:00'),
    ('a50000b0-0000-0000-0000-000000000000', 'cc000065-0000-0000-0000-000000000000', 'aa000003-0000-0000-0000-000000000000', '10524-7', 'Pap Smear', 'resulted', '2026-01-22 09:30:00'),
    ('a50000b1-0000-0000-0000-000000000000', 'cc000065-0000-0000-0000-000000000000', 'aa000003-0000-0000-0000-000000000000', '21440-3', 'HPV DNA Test', 'resulted', '2026-01-22 09:30:00'),
    ('a50000b2-0000-0000-0000-000000000000', 'cc000066-0000-0000-0000-000000000000', 'aa000007-0000-0000-0000-000000000000', '10524-7', 'Pap Smear', 'resulted', '2025-08-06 09:30:00'),
    ('a50000b3-0000-0000-0000-000000000000', 'cc000066-0000-0000-0000-000000000000', 'aa000007-0000-0000-0000-000000000000', '21440-3', 'HPV DNA Test', 'resulted', '2025-08-06 09:30:00'),
    ('a50000b4-0000-0000-0000-000000000000', 'cc000067-0000-0000-0000-000000000000', 'aa000006-0000-0000-0000-000000000000', '10524-7', 'Pap Smear', 'ordered', '2025-05-25 09:30:00'),
    ('a50000b5-0000-0000-0000-000000000000', 'cc000068-0000-0000-0000-000000000000', 'aa000005-0000-0000-0000-000000000000', '10524-7', 'Pap Smear', 'resulted', '2025-04-02 09:30:00'),
    ('a50000b6-0000-0000-0000-000000000000', 'cc000069-0000-0000-0000-000000000000', 'aa000003-0000-0000-0000-000000000000', '10524-7', 'Pap Smear', 'resulted', '2025-09-05 09:30:00'),
    ('a50000b7-0000-0000-0000-000000000000', 'cc000069-0000-0000-0000-000000000000', 'aa000003-0000-0000-0000-000000000000', '21440-3', 'HPV DNA Test', 'resulted', '2025-09-05 09:30:00'),
    ('a50000b8-0000-0000-0000-000000000000', 'cc00006a-0000-0000-0000-000000000000', 'aa000007-0000-0000-0000-000000000000', '10524-7', 'Pap Smear', 'ordered', '2025-03-19 09:30:00'),
    ('a50000b9-0000-0000-0000-000000000000', 'cc00006a-0000-0000-0000-000000000000', 'aa000007-0000-0000-0000-000000000000', '21440-3', 'HPV DNA Test', 'ordered', '2025-03-19 09:30:00'),
    ('a50000ba-0000-0000-0000-000000000000', 'cc00006b-0000-0000-0000-000000000000', 'aa000007-0000-0000-0000-000000000000', '10524-7', 'Pap Smear', 'resulted', '2025-03-24 09:30:00'),
    ('a50000bb-0000-0000-0000-000000000000', 'cc00006b-0000-0000-0000-000000000000', 'aa000007-0000-0000-0000-000000000000', '21440-3', 'HPV DNA Test', 'resulted', '2025-03-24 09:30:00'),
    ('a50000bc-0000-0000-0000-000000000000', 'cc00006c-0000-0000-0000-000000000000', 'aa000008-0000-0000-0000-000000000000', '10524-7', 'Pap Smear', 'ordered', '2025-09-05 09:30:00'),
    ('a50000bd-0000-0000-0000-000000000000', 'cc00006c-0000-0000-0000-000000000000', 'aa000008-0000-0000-0000-000000000000', '21440-3', 'HPV DNA Test', 'ordered', '2025-09-05 09:30:00'),
    ('a50000be-0000-0000-0000-000000000000', 'cc00006d-0000-0000-0000-000000000000', 'aa000004-0000-0000-0000-000000000000', '10524-7', 'Pap Smear', 'resulted', '2025-04-23 09:30:00'),
    ('a50000bf-0000-0000-0000-000000000000', 'cc00006e-0000-0000-0000-000000000000', 'aa000001-0000-0000-0000-000000000000', '10524-7', 'Pap Smear', 'resulted', '2025-04-17 09:30:00'),
    ('a50000c0-0000-0000-0000-000000000000', 'cc00006e-0000-0000-0000-000000000000', 'aa000001-0000-0000-0000-000000000000', '21440-3', 'HPV DNA Test', 'resulted', '2025-04-17 09:30:00'),
    ('a50000c1-0000-0000-0000-000000000000', 'cc00006f-0000-0000-0000-000000000000', 'aa000003-0000-0000-0000-000000000000', '10524-7', 'Pap Smear', 'resulted', '2025-10-09 09:30:00'),
    ('a50000c2-0000-0000-0000-000000000000', 'cc00006f-0000-0000-0000-000000000000', 'aa000003-0000-0000-0000-000000000000', '21440-3', 'HPV DNA Test', 'resulted', '2025-10-09 09:30:00'),
    ('a50000c3-0000-0000-0000-000000000000', 'cc000070-0000-0000-0000-000000000000', 'aa000008-0000-0000-0000-000000000000', '10524-7', 'Pap Smear', 'resulted', '2025-05-24 09:30:00'),
    ('a50000c4-0000-0000-0000-000000000000', 'cc000070-0000-0000-0000-000000000000', 'aa000008-0000-0000-0000-000000000000', '21440-3', 'HPV DNA Test', 'resulted', '2025-05-24 09:30:00'),
    ('a50000c5-0000-0000-0000-000000000000', 'cc000071-0000-0000-0000-000000000000', 'aa000005-0000-0000-0000-000000000000', '10524-7', 'Pap Smear', 'ordered', '2026-02-15 09:30:00'),
    ('a50000c6-0000-0000-0000-000000000000', 'cc000071-0000-0000-0000-000000000000', 'aa000005-0000-0000-0000-000000000000', '21440-3', 'HPV DNA Test', 'ordered', '2026-02-15 09:30:00'),
    ('a50000c7-0000-0000-0000-000000000000', 'cc000072-0000-0000-0000-000000000000', 'aa000005-0000-0000-0000-000000000000', '10524-7', 'Pap Smear', 'resulted', '2025-03-26 09:30:00'),
    ('a50000c8-0000-0000-0000-000000000000', 'cc000072-0000-0000-0000-000000000000', 'aa000005-0000-0000-0000-000000000000', '21440-3', 'HPV DNA Test', 'resulted', '2025-03-26 09:30:00'),
    ('a50000c9-0000-0000-0000-000000000000', 'cc000073-0000-0000-0000-000000000000', 'aa000001-0000-0000-0000-000000000000', '10524-7', 'Pap Smear', 'resulted', '2025-03-07 09:30:00'),
    ('a50000ca-0000-0000-0000-000000000000', 'cc000073-0000-0000-0000-000000000000', 'aa000001-0000-0000-0000-000000000000', '21440-3', 'HPV DNA Test', 'resulted', '2025-03-07 09:30:00'),
    ('a50000cb-0000-0000-0000-000000000000', 'cc000074-0000-0000-0000-000000000000', 'aa000002-0000-0000-0000-000000000000', '10524-7', 'Pap Smear', 'resulted', '2025-05-05 09:30:00'),
    ('a50000cc-0000-0000-0000-000000000000', 'cc000074-0000-0000-0000-000000000000', 'aa000002-0000-0000-0000-000000000000', '21440-3', 'HPV DNA Test', 'resulted', '2025-05-05 09:30:00'),
    ('a50000cd-0000-0000-0000-000000000000', 'cc000075-0000-0000-0000-000000000000', 'aa000006-0000-0000-0000-000000000000', '10524-7', 'Pap Smear', 'resulted', '2025-05-28 09:30:00'),
    ('a50000ce-0000-0000-0000-000000000000', 'cc000075-0000-0000-0000-000000000000', 'aa000006-0000-0000-0000-000000000000', '21440-3', 'HPV DNA Test', 'resulted', '2025-05-28 09:30:00'),
    ('a50000cf-0000-0000-0000-000000000000', 'cc000076-0000-0000-0000-000000000000', 'aa000004-0000-0000-0000-000000000000', '10524-7', 'Pap Smear', 'ordered', '2026-01-24 09:30:00'),
    ('a50000d0-0000-0000-0000-000000000000', 'cc000076-0000-0000-0000-000000000000', 'aa000004-0000-0000-0000-000000000000', '21440-3', 'HPV DNA Test', 'ordered', '2026-01-24 09:30:00'),
    ('a50000d1-0000-0000-0000-000000000000', 'cc000077-0000-0000-0000-000000000000', 'aa000006-0000-0000-0000-000000000000', '10524-7', 'Pap Smear', 'ordered', '2025-11-13 09:30:00'),
    ('a50000d2-0000-0000-0000-000000000000', 'cc000077-0000-0000-0000-000000000000', 'aa000006-0000-0000-0000-000000000000', '21440-3', 'HPV DNA Test', 'ordered', '2025-11-13 09:30:00'),
    ('a50000d3-0000-0000-0000-000000000000', 'cc000078-0000-0000-0000-000000000000', 'aa000003-0000-0000-0000-000000000000', '10524-7', 'Pap Smear', 'resulted', '2025-06-28 09:30:00'),
    ('a50000d4-0000-0000-0000-000000000000', 'cc000078-0000-0000-0000-000000000000', 'aa000003-0000-0000-0000-000000000000', '21440-3', 'HPV DNA Test', 'resulted', '2025-06-28 09:30:00'),
    ('a50000d5-0000-0000-0000-000000000000', 'cc000079-0000-0000-0000-000000000000', 'aa000006-0000-0000-0000-000000000000', '10524-7', 'Pap Smear', 'ordered', '2025-06-30 09:30:00'),
    ('a50000d6-0000-0000-0000-000000000000', 'cc000079-0000-0000-0000-000000000000', 'aa000006-0000-0000-0000-000000000000', '21440-3', 'HPV DNA Test', 'ordered', '2025-06-30 09:30:00'),
    ('a50000d7-0000-0000-0000-000000000000', 'cc00007a-0000-0000-0000-000000000000', 'aa000001-0000-0000-0000-000000000000', '10524-7', 'Pap Smear', 'resulted', '2025-06-21 09:30:00'),
    ('a50000d8-0000-0000-0000-000000000000', 'cc00007b-0000-0000-0000-000000000000', 'aa000001-0000-0000-0000-000000000000', '10524-7', 'Pap Smear', 'resulted', '2025-08-13 09:30:00'),
    ('a50000d9-0000-0000-0000-000000000000', 'cc00007c-0000-0000-0000-000000000000', 'aa000007-0000-0000-0000-000000000000', '10524-7', 'Pap Smear', 'resulted', '2026-02-24 09:30:00'),
    ('a50000da-0000-0000-0000-000000000000', 'cc00007c-0000-0000-0000-000000000000', 'aa000007-0000-0000-0000-000000000000', '21440-3', 'HPV DNA Test', 'resulted', '2026-02-24 09:30:00'),
    ('a50000db-0000-0000-0000-000000000000', 'cc00007d-0000-0000-0000-000000000000', 'aa000005-0000-0000-0000-000000000000', '10524-7', 'Pap Smear', 'ordered', '2026-03-11 09:30:00'),
    ('a50000dc-0000-0000-0000-000000000000', 'cc00007d-0000-0000-0000-000000000000', 'aa000005-0000-0000-0000-000000000000', '21440-3', 'HPV DNA Test', 'ordered', '2026-03-11 09:30:00'),
    ('a50000dd-0000-0000-0000-000000000000', 'cc00007e-0000-0000-0000-000000000000', 'aa000008-0000-0000-0000-000000000000', '10524-7', 'Pap Smear', 'resulted', '2025-04-23 09:30:00'),
    ('a50000de-0000-0000-0000-000000000000', 'cc00007e-0000-0000-0000-000000000000', 'aa000008-0000-0000-0000-000000000000', '21440-3', 'HPV DNA Test', 'resulted', '2025-04-23 09:30:00'),
    ('a50000df-0000-0000-0000-000000000000', 'cc00007f-0000-0000-0000-000000000000', 'aa000005-0000-0000-0000-000000000000', '10524-7', 'Pap Smear', 'resulted', '2025-03-06 09:30:00'),
    ('a50000e0-0000-0000-0000-000000000000', 'cc00007f-0000-0000-0000-000000000000', 'aa000005-0000-0000-0000-000000000000', '21440-3', 'HPV DNA Test', 'resulted', '2025-03-06 09:30:00'),
    ('a50000e1-0000-0000-0000-000000000000', 'cc000080-0000-0000-0000-000000000000', 'aa000007-0000-0000-0000-000000000000', '10524-7', 'Pap Smear', 'resulted', '2025-08-27 09:30:00'),
    ('a50000e2-0000-0000-0000-000000000000', 'cc000080-0000-0000-0000-000000000000', 'aa000007-0000-0000-0000-000000000000', '21440-3', 'HPV DNA Test', 'resulted', '2025-08-27 09:30:00'),
    ('a50000e3-0000-0000-0000-000000000000', 'cc000081-0000-0000-0000-000000000000', 'aa000002-0000-0000-0000-000000000000', '10524-7', 'Pap Smear', 'resulted', '2025-12-06 09:30:00'),
    ('a50000e4-0000-0000-0000-000000000000', 'cc000081-0000-0000-0000-000000000000', 'aa000002-0000-0000-0000-000000000000', '21440-3', 'HPV DNA Test', 'resulted', '2025-12-06 09:30:00'),
    ('a50000e5-0000-0000-0000-000000000000', 'cc000081-0000-0000-0000-000000000000', 'aa000002-0000-0000-0000-000000000000', '11529-5', 'Cervical Biopsy', 'resulted', '2025-12-06 09:30:00'),
    ('a50000e6-0000-0000-0000-000000000000', 'cc000082-0000-0000-0000-000000000000', 'aa000007-0000-0000-0000-000000000000', '10524-7', 'Pap Smear', 'ordered', '2025-03-26 09:30:00'),
    ('a50000e7-0000-0000-0000-000000000000', 'cc000083-0000-0000-0000-000000000000', 'aa000004-0000-0000-0000-000000000000', '10524-7', 'Pap Smear', 'ordered', '2025-11-01 09:30:00'),
    ('a50000e8-0000-0000-0000-000000000000', 'cc000083-0000-0000-0000-000000000000', 'aa000004-0000-0000-0000-000000000000', '21440-3', 'HPV DNA Test', 'ordered', '2025-11-01 09:30:00'),
    ('a50000e9-0000-0000-0000-000000000000', 'cc000084-0000-0000-0000-000000000000', 'aa000003-0000-0000-0000-000000000000', '10524-7', 'Pap Smear', 'resulted', '2025-09-06 09:30:00'),
    ('a50000ea-0000-0000-0000-000000000000', 'cc000084-0000-0000-0000-000000000000', 'aa000003-0000-0000-0000-000000000000', '21440-3', 'HPV DNA Test', 'resulted', '2025-09-06 09:30:00'),
    ('a50000eb-0000-0000-0000-000000000000', 'cc000085-0000-0000-0000-000000000000', 'aa000006-0000-0000-0000-000000000000', '10524-7', 'Pap Smear', 'ordered', '2025-04-13 09:30:00'),
    ('a50000ec-0000-0000-0000-000000000000', 'cc000085-0000-0000-0000-000000000000', 'aa000006-0000-0000-0000-000000000000', '21440-3', 'HPV DNA Test', 'ordered', '2025-04-13 09:30:00'),
    ('a50000ed-0000-0000-0000-000000000000', 'cc000086-0000-0000-0000-000000000000', 'aa000003-0000-0000-0000-000000000000', '10524-7', 'Pap Smear', 'resulted', '2025-12-18 09:30:00'),
    ('a50000ee-0000-0000-0000-000000000000', 'cc000087-0000-0000-0000-000000000000', 'aa000007-0000-0000-0000-000000000000', '10524-7', 'Pap Smear', 'ordered', '2025-03-22 09:30:00'),
    ('a50000ef-0000-0000-0000-000000000000', 'cc000087-0000-0000-0000-000000000000', 'aa000007-0000-0000-0000-000000000000', '21440-3', 'HPV DNA Test', 'ordered', '2025-03-22 09:30:00'),
    ('a50000f0-0000-0000-0000-000000000000', 'cc000088-0000-0000-0000-000000000000', 'aa000008-0000-0000-0000-000000000000', '10524-7', 'Pap Smear', 'ordered', '2025-11-22 09:30:00'),
    ('a50000f1-0000-0000-0000-000000000000', 'cc000088-0000-0000-0000-000000000000', 'aa000008-0000-0000-0000-000000000000', '21440-3', 'HPV DNA Test', 'ordered', '2025-11-22 09:30:00'),
    ('a50000f2-0000-0000-0000-000000000000', 'cc000089-0000-0000-0000-000000000000', 'aa000002-0000-0000-0000-000000000000', '10524-7', 'Pap Smear', 'ordered', '2026-03-24 09:30:00'),
    ('a50000f3-0000-0000-0000-000000000000', 'cc00008a-0000-0000-0000-000000000000', 'aa000008-0000-0000-0000-000000000000', '10524-7', 'Pap Smear', 'resulted', '2026-01-06 09:30:00'),
    ('a50000f4-0000-0000-0000-000000000000', 'cc00008a-0000-0000-0000-000000000000', 'aa000008-0000-0000-0000-000000000000', '21440-3', 'HPV DNA Test', 'resulted', '2026-01-06 09:30:00'),
    ('a50000f5-0000-0000-0000-000000000000', 'cc00008b-0000-0000-0000-000000000000', 'aa000008-0000-0000-0000-000000000000', '10524-7', 'Pap Smear', 'resulted', '2025-07-22 09:30:00'),
    ('a50000f6-0000-0000-0000-000000000000', 'cc00008b-0000-0000-0000-000000000000', 'aa000008-0000-0000-0000-000000000000', '21440-3', 'HPV DNA Test', 'resulted', '2025-07-22 09:30:00'),
    ('a50000f7-0000-0000-0000-000000000000', 'cc00008c-0000-0000-0000-000000000000', 'aa000008-0000-0000-0000-000000000000', '10524-7', 'Pap Smear', 'resulted', '2026-03-15 09:30:00'),
    ('a50000f8-0000-0000-0000-000000000000', 'cc00008c-0000-0000-0000-000000000000', 'aa000008-0000-0000-0000-000000000000', '21440-3', 'HPV DNA Test', 'resulted', '2026-03-15 09:30:00'),
    ('a50000f9-0000-0000-0000-000000000000', 'cc00008d-0000-0000-0000-000000000000', 'aa000001-0000-0000-0000-000000000000', '10524-7', 'Pap Smear', 'ordered', '2025-11-24 09:30:00'),
    ('a50000fa-0000-0000-0000-000000000000', 'cc00008d-0000-0000-0000-000000000000', 'aa000001-0000-0000-0000-000000000000', '21440-3', 'HPV DNA Test', 'ordered', '2025-11-24 09:30:00'),
    ('a50000fb-0000-0000-0000-000000000000', 'cc00008e-0000-0000-0000-000000000000', 'aa000008-0000-0000-0000-000000000000', '10524-7', 'Pap Smear', 'resulted', '2025-05-30 09:30:00'),
    ('a50000fc-0000-0000-0000-000000000000', 'cc00008f-0000-0000-0000-000000000000', 'aa000001-0000-0000-0000-000000000000', '10524-7', 'Pap Smear', 'resulted', '2025-07-24 09:30:00'),
    ('a50000fd-0000-0000-0000-000000000000', 'cc00008f-0000-0000-0000-000000000000', 'aa000001-0000-0000-0000-000000000000', '21440-3', 'HPV DNA Test', 'resulted', '2025-07-24 09:30:00'),
    ('a50000fe-0000-0000-0000-000000000000', 'cc000090-0000-0000-0000-000000000000', 'aa000001-0000-0000-0000-000000000000', '10524-7', 'Pap Smear', 'ordered', '2026-01-02 09:30:00'),
    ('a50000ff-0000-0000-0000-000000000000', 'cc000090-0000-0000-0000-000000000000', 'aa000001-0000-0000-0000-000000000000', '21440-3', 'HPV DNA Test', 'ordered', '2026-01-02 09:30:00'),
    ('a5000100-0000-0000-0000-000000000000', 'cc000091-0000-0000-0000-000000000000', 'aa000002-0000-0000-0000-000000000000', '10524-7', 'Pap Smear', 'resulted', '2025-09-20 09:30:00'),
    ('a5000101-0000-0000-0000-000000000000', 'cc000091-0000-0000-0000-000000000000', 'aa000002-0000-0000-0000-000000000000', '21440-3', 'HPV DNA Test', 'resulted', '2025-09-20 09:30:00'),
    ('a5000102-0000-0000-0000-000000000000', 'cc000092-0000-0000-0000-000000000000', 'aa000006-0000-0000-0000-000000000000', '10524-7', 'Pap Smear', 'resulted', '2025-07-20 09:30:00'),
    ('a5000103-0000-0000-0000-000000000000', 'cc000092-0000-0000-0000-000000000000', 'aa000006-0000-0000-0000-000000000000', '21440-3', 'HPV DNA Test', 'resulted', '2025-07-20 09:30:00'),
    ('a5000104-0000-0000-0000-000000000000', 'cc000093-0000-0000-0000-000000000000', 'aa000007-0000-0000-0000-000000000000', '10524-7', 'Pap Smear', 'resulted', '2025-07-11 09:30:00'),
    ('a5000105-0000-0000-0000-000000000000', 'cc000093-0000-0000-0000-000000000000', 'aa000007-0000-0000-0000-000000000000', '21440-3', 'HPV DNA Test', 'resulted', '2025-07-11 09:30:00'),
    ('a5000106-0000-0000-0000-000000000000', 'cc000094-0000-0000-0000-000000000000', 'aa000008-0000-0000-0000-000000000000', '10524-7', 'Pap Smear', 'resulted', '2026-02-15 09:30:00'),
    ('a5000107-0000-0000-0000-000000000000', 'cc000094-0000-0000-0000-000000000000', 'aa000008-0000-0000-0000-000000000000', '21440-3', 'HPV DNA Test', 'resulted', '2026-02-15 09:30:00'),
    ('a5000108-0000-0000-0000-000000000000', 'cc000095-0000-0000-0000-000000000000', 'aa000006-0000-0000-0000-000000000000', '10524-7', 'Pap Smear', 'ordered', '2026-02-12 09:30:00'),
    ('a5000109-0000-0000-0000-000000000000', 'cc000095-0000-0000-0000-000000000000', 'aa000006-0000-0000-0000-000000000000', '21440-3', 'HPV DNA Test', 'ordered', '2026-02-12 09:30:00'),
    ('a500010a-0000-0000-0000-000000000000', 'cc000096-0000-0000-0000-000000000000', 'aa000002-0000-0000-0000-000000000000', '10524-7', 'Pap Smear', 'resulted', '2025-12-23 09:30:00'),
    ('a500010b-0000-0000-0000-000000000000', 'cc000096-0000-0000-0000-000000000000', 'aa000002-0000-0000-0000-000000000000', '21440-3', 'HPV DNA Test', 'resulted', '2025-12-23 09:30:00');

-- =============================================================================
-- LAB_RESULT
-- =============================================================================
INSERT INTO Lab_Result
    (result_id, order_id, loinc_code, snomed_result_code,
     result_value, result_unit, interpretation, result_at)
VALUES
    ('a6000001-0000-0000-0000-000000000000', 'a5000001-0000-0000-0000-000000000000', '33717-0', '427623005', 'NILM - Negative for intraepithelial lesion or malignancy', NULL, 'normal', '2026-03-11 08:00:00'),
    ('a6000002-0000-0000-0000-000000000000', 'a5000002-0000-0000-0000-000000000000', '59263-4', '427623005', 'Negative - No high-risk HPV detected', NULL, 'normal', '2026-03-11 08:00:00'),
    ('a6000003-0000-0000-0000-000000000000', 'a5000003-0000-0000-0000-000000000000', '33717-0', '285836003', 'LSIL - Low-grade squamous intraepithelial lesion', NULL, 'abnormal', '2025-08-12 08:00:00'),
    ('a6000004-0000-0000-0000-000000000000', 'a5000004-0000-0000-0000-000000000000', '59263-4', '427623005', 'Negative - No high-risk HPV detected', NULL, 'normal', '2025-08-12 08:00:00'),
    ('a6000005-0000-0000-0000-000000000000', 'a5000005-0000-0000-0000-000000000000', '33717-0', '285837007', 'HSIL - High-grade squamous intraepithelial lesion', NULL, 'abnormal', '2025-09-27 08:00:00'),
    ('a6000006-0000-0000-0000-000000000000', 'a5000006-0000-0000-0000-000000000000', '59264-2', '240532009', 'Positive - HPV 16 and 18 detected', NULL, 'abnormal', '2025-09-27 08:00:00'),
    ('a6000007-0000-0000-0000-000000000000', 'a5000007-0000-0000-0000-000000000000', '33717-0', '427623005', 'NILM - Negative for intraepithelial lesion or malignancy', NULL, 'normal', '2025-08-24 08:00:00'),
    ('a6000008-0000-0000-0000-000000000000', 'a5000008-0000-0000-0000-000000000000', '33717-0', '285836003', 'LSIL - Low-grade squamous intraepithelial lesion', NULL, 'abnormal', '2026-03-02 08:00:00'),
    ('a6000009-0000-0000-0000-000000000000', 'a5000009-0000-0000-0000-000000000000', '59264-2', '240532009', 'Positive - HPV 18 detected', NULL, 'abnormal', '2026-03-02 08:00:00'),
    ('a600000a-0000-0000-0000-000000000000', 'a500000a-0000-0000-0000-000000000000', '33717-0', '373882004', 'ASCUS - Atypical squamous cells of undetermined significance', NULL, 'abnormal', '2025-09-16 08:00:00'),
    ('a600000b-0000-0000-0000-000000000000', 'a500000b-0000-0000-0000-000000000000', '59263-4', '427623005', 'Negative - No high-risk HPV detected', NULL, 'normal', '2025-09-16 08:00:00'),
    ('a600000c-0000-0000-0000-000000000000', 'a500000e-0000-0000-0000-000000000000', '33717-0', '285837007', 'HSIL - High-grade squamous intraepithelial lesion', NULL, 'abnormal', '2025-07-02 08:00:00'),
    ('a600000d-0000-0000-0000-000000000000', 'a500000f-0000-0000-0000-000000000000', '59264-2', '240532009', 'Positive - HPV 16 and 18 detected', NULL, 'abnormal', '2025-07-02 08:00:00'),
    ('a600000e-0000-0000-0000-000000000000', 'a5000014-0000-0000-0000-000000000000', '33717-0', '285836003', 'LSIL - Low-grade squamous intraepithelial lesion', NULL, 'abnormal', '2025-04-15 08:00:00'),
    ('a600000f-0000-0000-0000-000000000000', 'a5000015-0000-0000-0000-000000000000', '59263-4', '427623005', 'Negative - No high-risk HPV detected', NULL, 'normal', '2025-04-15 08:00:00'),
    ('a6000010-0000-0000-0000-000000000000', 'a500001d-0000-0000-0000-000000000000', '33717-0', '285836003', 'LSIL - Low-grade squamous intraepithelial lesion', NULL, 'abnormal', '2026-03-16 08:00:00'),
    ('a6000011-0000-0000-0000-000000000000', 'a500001e-0000-0000-0000-000000000000', '59263-4', '427623005', 'Negative - No high-risk HPV detected', NULL, 'normal', '2026-03-16 08:00:00'),
    ('a6000012-0000-0000-0000-000000000000', 'a500001f-0000-0000-0000-000000000000', '33717-0', '373882004', 'ASCUS - Atypical squamous cells of undetermined significance', NULL, 'abnormal', '2025-04-05 08:00:00'),
    ('a6000013-0000-0000-0000-000000000000', 'a5000020-0000-0000-0000-000000000000', '59263-4', '427623005', 'Negative - No high-risk HPV detected', NULL, 'normal', '2025-04-05 08:00:00'),
    ('a6000014-0000-0000-0000-000000000000', 'a5000021-0000-0000-0000-000000000000', '33717-0', '427623005', 'NILM - Negative for intraepithelial lesion or malignancy', NULL, 'normal', '2025-11-24 08:00:00'),
    ('a6000015-0000-0000-0000-000000000000', 'a5000022-0000-0000-0000-000000000000', '33717-0', '427623005', 'NILM - Negative for intraepithelial lesion or malignancy', NULL, 'normal', '2026-01-02 08:00:00'),
    ('a6000016-0000-0000-0000-000000000000', 'a5000023-0000-0000-0000-000000000000', '33717-0', '427623005', 'NILM - Negative for intraepithelial lesion or malignancy', NULL, 'normal', '2025-12-13 08:00:00'),
    ('a6000017-0000-0000-0000-000000000000', 'a5000024-0000-0000-0000-000000000000', '59263-4', '427623005', 'Negative - No high-risk HPV detected', NULL, 'normal', '2025-12-13 08:00:00'),
    ('a6000018-0000-0000-0000-000000000000', 'a5000025-0000-0000-0000-000000000000', '33717-0', '285836003', 'LSIL - Low-grade squamous intraepithelial lesion', NULL, 'abnormal', '2025-04-05 08:00:00'),
    ('a6000019-0000-0000-0000-000000000000', 'a5000026-0000-0000-0000-000000000000', '59264-2', '240532009', 'Positive - HPV 18 detected', NULL, 'abnormal', '2025-04-05 08:00:00'),
    ('a600001a-0000-0000-0000-000000000000', 'a5000027-0000-0000-0000-000000000000', '33717-0', '427623005', 'NILM - Negative for intraepithelial lesion or malignancy', NULL, 'normal', '2025-10-01 08:00:00'),
    ('a600001b-0000-0000-0000-000000000000', 'a500002a-0000-0000-0000-000000000000', '33717-0', '373882004', 'ASCUS - Atypical squamous cells of undetermined significance', NULL, 'abnormal', '2026-03-28 08:00:00'),
    ('a600001c-0000-0000-0000-000000000000', 'a500002b-0000-0000-0000-000000000000', '59264-2', '240532009', 'Positive - HPV 18 detected', NULL, 'abnormal', '2026-03-28 08:00:00'),
    ('a600001d-0000-0000-0000-000000000000', 'a500002c-0000-0000-0000-000000000000', '33717-0', '285837007', 'HSIL - High-grade squamous intraepithelial lesion', NULL, 'abnormal', '2026-01-07 08:00:00'),
    ('a600001e-0000-0000-0000-000000000000', 'a500002d-0000-0000-0000-000000000000', '59264-2', '240532009', 'Positive - HPV 16 and 18 detected', NULL, 'abnormal', '2026-01-07 08:00:00'),
    ('a600001f-0000-0000-0000-000000000000', 'a500002e-0000-0000-0000-000000000000', '19762-4', '285837007', 'CIN II - Cervical intraepithelial neoplasia grade 2', NULL, 'abnormal', '2026-01-07 08:00:00'),
    ('a6000020-0000-0000-0000-000000000000', 'a500002f-0000-0000-0000-000000000000', '33717-0', '285836003', 'LSIL - Low-grade squamous intraepithelial lesion', NULL, 'abnormal', '2025-06-19 08:00:00'),
    ('a6000021-0000-0000-0000-000000000000', 'a5000030-0000-0000-0000-000000000000', '59263-4', '427623005', 'Negative - No high-risk HPV detected', NULL, 'normal', '2025-06-19 08:00:00'),
    ('a6000022-0000-0000-0000-000000000000', 'a5000031-0000-0000-0000-000000000000', '33717-0', '427623005', 'NILM - Negative for intraepithelial lesion or malignancy', NULL, 'normal', '2025-12-04 08:00:00'),
    ('a6000023-0000-0000-0000-000000000000', 'a5000034-0000-0000-0000-000000000000', '33717-0', '373882004', 'ASCUS - Atypical squamous cells of undetermined significance', NULL, 'abnormal', '2026-04-05 08:00:00'),
    ('a6000024-0000-0000-0000-000000000000', 'a5000035-0000-0000-0000-000000000000', '59263-4', '427623005', 'Negative - No high-risk HPV detected', NULL, 'normal', '2026-04-05 08:00:00'),
    ('a6000025-0000-0000-0000-000000000000', 'a5000036-0000-0000-0000-000000000000', '33717-0', '427623005', 'NILM - Negative for intraepithelial lesion or malignancy', NULL, 'normal', '2025-09-02 08:00:00'),
    ('a6000026-0000-0000-0000-000000000000', 'a5000037-0000-0000-0000-000000000000', '33717-0', '427623005', 'NILM - Negative for intraepithelial lesion or malignancy', NULL, 'normal', '2026-03-25 08:00:00'),
    ('a6000027-0000-0000-0000-000000000000', 'a5000038-0000-0000-0000-000000000000', '33717-0', '427623005', 'NILM - Negative for intraepithelial lesion or malignancy', NULL, 'normal', '2025-04-04 08:00:00'),
    ('a6000028-0000-0000-0000-000000000000', 'a5000039-0000-0000-0000-000000000000', '33717-0', '427623005', 'NILM - Negative for intraepithelial lesion or malignancy', NULL, 'normal', '2025-03-08 08:00:00'),
    ('a6000029-0000-0000-0000-000000000000', 'a500003a-0000-0000-0000-000000000000', '59263-4', '427623005', 'Negative - No high-risk HPV detected', NULL, 'normal', '2025-03-08 08:00:00'),
    ('a600002a-0000-0000-0000-000000000000', 'a500003b-0000-0000-0000-000000000000', '33717-0', '427623005', 'NILM - Negative for intraepithelial lesion or malignancy', NULL, 'normal', '2025-08-17 08:00:00'),
    ('a600002b-0000-0000-0000-000000000000', 'a500003c-0000-0000-0000-000000000000', '33717-0', '427623005', 'NILM - Negative for intraepithelial lesion or malignancy', NULL, 'normal', '2025-04-01 08:00:00'),
    ('a600002c-0000-0000-0000-000000000000', 'a500003d-0000-0000-0000-000000000000', '33717-0', '285837007', 'HSIL - High-grade squamous intraepithelial lesion', NULL, 'abnormal', '2025-08-26 08:00:00'),
    ('a600002d-0000-0000-0000-000000000000', 'a500003e-0000-0000-0000-000000000000', '59264-2', '240532009', 'Positive - HPV 16 and 18 detected', NULL, 'abnormal', '2025-08-26 08:00:00'),
    ('a600002e-0000-0000-0000-000000000000', 'a500003f-0000-0000-0000-000000000000', '33717-0', '285837007', 'HSIL - High-grade squamous intraepithelial lesion', NULL, 'abnormal', '2025-06-10 08:00:00'),
    ('a600002f-0000-0000-0000-000000000000', 'a5000040-0000-0000-0000-000000000000', '59263-4', '240532009', 'Positive - HPV 16 detected', NULL, 'abnormal', '2025-06-10 08:00:00'),
    ('a6000030-0000-0000-0000-000000000000', 'a5000041-0000-0000-0000-000000000000', '33717-0', '285837007', 'HSIL - High-grade squamous intraepithelial lesion', NULL, 'abnormal', '2025-08-14 08:00:00'),
    ('a6000031-0000-0000-0000-000000000000', 'a5000042-0000-0000-0000-000000000000', '59263-4', '240532009', 'Positive - HPV 16 detected', NULL, 'abnormal', '2025-08-14 08:00:00'),
    ('a6000032-0000-0000-0000-000000000000', 'a5000043-0000-0000-0000-000000000000', '33717-0', '285837007', 'HSIL - High-grade squamous intraepithelial lesion', NULL, 'abnormal', '2025-11-12 08:00:00'),
    ('a6000033-0000-0000-0000-000000000000', 'a5000044-0000-0000-0000-000000000000', '59264-2', '240532009', 'Positive - HPV 16 and 18 detected', NULL, 'abnormal', '2025-11-12 08:00:00'),
    ('a6000034-0000-0000-0000-000000000000', 'a5000045-0000-0000-0000-000000000000', '19762-4', '20365006', 'CIN III - Cervical intraepithelial neoplasia grade 3', NULL, 'malignant', '2025-11-12 08:00:00'),
    ('a6000035-0000-0000-0000-000000000000', 'a5000046-0000-0000-0000-000000000000', '33717-0', '427623005', 'NILM - Negative for intraepithelial lesion or malignancy', NULL, 'normal', '2025-12-15 08:00:00'),
    ('a6000036-0000-0000-0000-000000000000', 'a5000047-0000-0000-0000-000000000000', '59263-4', '427623005', 'Negative - No high-risk HPV detected', NULL, 'normal', '2025-12-15 08:00:00'),
    ('a6000037-0000-0000-0000-000000000000', 'a5000048-0000-0000-0000-000000000000', '33717-0', '285837007', 'HSIL - High-grade squamous intraepithelial lesion', NULL, 'abnormal', '2025-12-01 08:00:00'),
    ('a6000038-0000-0000-0000-000000000000', 'a5000049-0000-0000-0000-000000000000', '59264-2', '240532009', 'Positive - HPV 16 and 18 detected', NULL, 'abnormal', '2025-12-01 08:00:00'),
    ('a6000039-0000-0000-0000-000000000000', 'a500004a-0000-0000-0000-000000000000', '19762-4', '285836003', 'CIN I - Cervical intraepithelial neoplasia grade 1', NULL, 'abnormal', '2025-12-01 08:00:00'),
    ('a600003a-0000-0000-0000-000000000000', 'a500004b-0000-0000-0000-000000000000', '33717-0', '427623005', 'NILM - Negative for intraepithelial lesion or malignancy', NULL, 'normal', '2025-12-13 08:00:00'),
    ('a600003b-0000-0000-0000-000000000000', 'a500004d-0000-0000-0000-000000000000', '33717-0', '427623005', 'NILM - Negative for intraepithelial lesion or malignancy', NULL, 'normal', '2025-05-19 08:00:00'),
    ('a600003c-0000-0000-0000-000000000000', 'a500004e-0000-0000-0000-000000000000', '33717-0', '373882004', 'ASCUS - Atypical squamous cells of undetermined significance', NULL, 'abnormal', '2025-08-13 08:00:00'),
    ('a600003d-0000-0000-0000-000000000000', 'a500004f-0000-0000-0000-000000000000', '59263-4', '427623005', 'Negative - No high-risk HPV detected', NULL, 'normal', '2025-08-13 08:00:00'),
    ('a600003e-0000-0000-0000-000000000000', 'a5000050-0000-0000-0000-000000000000', '33717-0', '373882004', 'ASCUS - Atypical squamous cells of undetermined significance', NULL, 'abnormal', '2026-01-20 08:00:00'),
    ('a600003f-0000-0000-0000-000000000000', 'a5000051-0000-0000-0000-000000000000', '59263-4', '427623005', 'Negative - No high-risk HPV detected', NULL, 'normal', '2026-01-20 08:00:00'),
    ('a6000040-0000-0000-0000-000000000000', 'a5000054-0000-0000-0000-000000000000', '33717-0', '427623005', 'NILM - Negative for intraepithelial lesion or malignancy', NULL, 'normal', '2026-03-23 08:00:00'),
    ('a6000041-0000-0000-0000-000000000000', 'a5000057-0000-0000-0000-000000000000', '33717-0', '427623005', 'NILM - Negative for intraepithelial lesion or malignancy', NULL, 'normal', '2025-11-11 08:00:00'),
    ('a6000042-0000-0000-0000-000000000000', 'a5000058-0000-0000-0000-000000000000', '33717-0', '427623005', 'NILM - Negative for intraepithelial lesion or malignancy', NULL, 'normal', '2025-12-25 08:00:00'),
    ('a6000043-0000-0000-0000-000000000000', 'a5000059-0000-0000-0000-000000000000', '33717-0', '285837007', 'HSIL - High-grade squamous intraepithelial lesion', NULL, 'abnormal', '2025-09-15 08:00:00'),
    ('a6000044-0000-0000-0000-000000000000', 'a500005a-0000-0000-0000-000000000000', '59264-2', '240532009', 'Positive - HPV 16 and 18 detected', NULL, 'abnormal', '2025-09-15 08:00:00'),
    ('a6000045-0000-0000-0000-000000000000', 'a500005d-0000-0000-0000-000000000000', '33717-0', '373882004', 'ASCUS - Atypical squamous cells of undetermined significance', NULL, 'abnormal', '2025-11-27 08:00:00'),
    ('a6000046-0000-0000-0000-000000000000', 'a500005e-0000-0000-0000-000000000000', '59264-2', '240532009', 'Positive - HPV 18 detected', NULL, 'abnormal', '2025-11-27 08:00:00'),
    ('a6000047-0000-0000-0000-000000000000', 'a5000065-0000-0000-0000-000000000000', '33717-0', '427623005', 'NILM - Negative for intraepithelial lesion or malignancy', NULL, 'normal', '2025-04-06 08:00:00'),
    ('a6000048-0000-0000-0000-000000000000', 'a5000066-0000-0000-0000-000000000000', '33717-0', '285837007', 'HSIL - High-grade squamous intraepithelial lesion', NULL, 'abnormal', '2025-12-12 08:00:00'),
    ('a6000049-0000-0000-0000-000000000000', 'a5000067-0000-0000-0000-000000000000', '59263-4', '240532009', 'Positive - HPV 16 detected', NULL, 'abnormal', '2025-12-12 08:00:00'),
    ('a600004a-0000-0000-0000-000000000000', 'a5000068-0000-0000-0000-000000000000', '33717-0', '427623005', 'NILM - Negative for intraepithelial lesion or malignancy', NULL, 'normal', '2026-03-01 08:00:00'),
    ('a600004b-0000-0000-0000-000000000000', 'a5000069-0000-0000-0000-000000000000', '59263-4', '427623005', 'Negative - No high-risk HPV detected', NULL, 'normal', '2026-03-01 08:00:00'),
    ('a600004c-0000-0000-0000-000000000000', 'a500006a-0000-0000-0000-000000000000', '33717-0', '427623005', 'NILM - Negative for intraepithelial lesion or malignancy', NULL, 'normal', '2025-04-12 08:00:00'),
    ('a600004d-0000-0000-0000-000000000000', 'a5000070-0000-0000-0000-000000000000', '33717-0', '285837007', 'HSIL - High-grade squamous intraepithelial lesion', NULL, 'abnormal', '2025-09-25 08:00:00'),
    ('a600004e-0000-0000-0000-000000000000', 'a5000071-0000-0000-0000-000000000000', '59264-2', '240532009', 'Positive - HPV 16 and 18 detected', NULL, 'abnormal', '2025-09-25 08:00:00'),
    ('a600004f-0000-0000-0000-000000000000', 'a5000072-0000-0000-0000-000000000000', '33717-0', '285836003', 'LSIL - Low-grade squamous intraepithelial lesion', NULL, 'abnormal', '2025-09-24 08:00:00'),
    ('a6000050-0000-0000-0000-000000000000', 'a5000073-0000-0000-0000-000000000000', '59264-2', '240532009', 'Positive - HPV 18 detected', NULL, 'abnormal', '2025-09-24 08:00:00'),
    ('a6000051-0000-0000-0000-000000000000', 'a5000076-0000-0000-0000-000000000000', '33717-0', '427623005', 'NILM - Negative for intraepithelial lesion or malignancy', NULL, 'normal', '2025-06-04 08:00:00'),
    ('a6000052-0000-0000-0000-000000000000', 'a5000077-0000-0000-0000-000000000000', '59263-4', '427623005', 'Negative - No high-risk HPV detected', NULL, 'normal', '2025-06-04 08:00:00'),
    ('a6000053-0000-0000-0000-000000000000', 'a500007c-0000-0000-0000-000000000000', '33717-0', '285836003', 'LSIL - Low-grade squamous intraepithelial lesion', NULL, 'abnormal', '2025-08-02 08:00:00'),
    ('a6000054-0000-0000-0000-000000000000', 'a500007d-0000-0000-0000-000000000000', '59263-4', '427623005', 'Negative - No high-risk HPV detected', NULL, 'normal', '2025-08-02 08:00:00'),
    ('a6000055-0000-0000-0000-000000000000', 'a5000080-0000-0000-0000-000000000000', '33717-0', '427623005', 'NILM - Negative for intraepithelial lesion or malignancy', NULL, 'normal', '2025-04-15 08:00:00'),
    ('a6000056-0000-0000-0000-000000000000', 'a5000083-0000-0000-0000-000000000000', '33717-0', '285836003', 'LSIL - Low-grade squamous intraepithelial lesion', NULL, 'abnormal', '2025-12-22 08:00:00'),
    ('a6000057-0000-0000-0000-000000000000', 'a5000084-0000-0000-0000-000000000000', '59264-2', '240532009', 'Positive - HPV 18 detected', NULL, 'abnormal', '2025-12-22 08:00:00'),
    ('a6000058-0000-0000-0000-000000000000', 'a5000087-0000-0000-0000-000000000000', '33717-0', '373882004', 'ASCUS - Atypical squamous cells of undetermined significance', NULL, 'abnormal', '2025-11-15 08:00:00'),
    ('a6000059-0000-0000-0000-000000000000', 'a5000088-0000-0000-0000-000000000000', '59263-4', '427623005', 'Negative - No high-risk HPV detected', NULL, 'normal', '2025-11-15 08:00:00'),
    ('a600005a-0000-0000-0000-000000000000', 'a500008b-0000-0000-0000-000000000000', '33717-0', '427623005', 'NILM - Negative for intraepithelial lesion or malignancy', NULL, 'normal', '2025-10-13 08:00:00'),
    ('a600005b-0000-0000-0000-000000000000', 'a500008c-0000-0000-0000-000000000000', '33717-0', '427623005', 'NILM - Negative for intraepithelial lesion or malignancy', NULL, 'normal', '2025-12-05 08:00:00'),
    ('a600005c-0000-0000-0000-000000000000', 'a500008d-0000-0000-0000-000000000000', '33717-0', '285837007', 'HSIL - High-grade squamous intraepithelial lesion', NULL, 'abnormal', '2025-12-05 08:00:00'),
    ('a600005d-0000-0000-0000-000000000000', 'a500008e-0000-0000-0000-000000000000', '59263-4', '240532009', 'Positive - HPV 16 detected', NULL, 'abnormal', '2025-12-05 08:00:00'),
    ('a600005e-0000-0000-0000-000000000000', 'a5000092-0000-0000-0000-000000000000', '33717-0', '427623005', 'NILM - Negative for intraepithelial lesion or malignancy', NULL, 'normal', '2025-11-26 08:00:00'),
    ('a600005f-0000-0000-0000-000000000000', 'a5000093-0000-0000-0000-000000000000', '59263-4', '427623005', 'Negative - No high-risk HPV detected', NULL, 'normal', '2025-11-26 08:00:00'),
    ('a6000060-0000-0000-0000-000000000000', 'a5000094-0000-0000-0000-000000000000', '33717-0', '285836003', 'LSIL - Low-grade squamous intraepithelial lesion', NULL, 'abnormal', '2025-12-22 08:00:00'),
    ('a6000061-0000-0000-0000-000000000000', 'a5000095-0000-0000-0000-000000000000', '59264-2', '240532009', 'Positive - HPV 18 detected', NULL, 'abnormal', '2025-12-22 08:00:00'),
    ('a6000062-0000-0000-0000-000000000000', 'a5000096-0000-0000-0000-000000000000', '33717-0', '373882004', 'ASCUS - Atypical squamous cells of undetermined significance', NULL, 'abnormal', '2025-07-27 08:00:00'),
    ('a6000063-0000-0000-0000-000000000000', 'a5000097-0000-0000-0000-000000000000', '59263-4', '427623005', 'Negative - No high-risk HPV detected', NULL, 'normal', '2025-07-27 08:00:00'),
    ('a6000064-0000-0000-0000-000000000000', 'a500009b-0000-0000-0000-000000000000', '33717-0', '285836003', 'LSIL - Low-grade squamous intraepithelial lesion', NULL, 'abnormal', '2026-02-23 08:00:00'),
    ('a6000065-0000-0000-0000-000000000000', 'a500009c-0000-0000-0000-000000000000', '59264-2', '240532009', 'Positive - HPV 18 detected', NULL, 'abnormal', '2026-02-23 08:00:00'),
    ('a6000066-0000-0000-0000-000000000000', 'a500009f-0000-0000-0000-000000000000', '33717-0', '427623005', 'NILM - Negative for intraepithelial lesion or malignancy', NULL, 'normal', '2025-10-31 08:00:00'),
    ('a6000067-0000-0000-0000-000000000000', 'a50000a4-0000-0000-0000-000000000000', '33717-0', '427623005', 'NILM - Negative for intraepithelial lesion or malignancy', NULL, 'normal', '2025-04-20 08:00:00'),
    ('a6000068-0000-0000-0000-000000000000', 'a50000a5-0000-0000-0000-000000000000', '33717-0', '285836003', 'LSIL - Low-grade squamous intraepithelial lesion', NULL, 'abnormal', '2026-03-08 08:00:00'),
    ('a6000069-0000-0000-0000-000000000000', 'a50000a6-0000-0000-0000-000000000000', '59264-2', '240532009', 'Positive - HPV 18 detected', NULL, 'abnormal', '2026-03-08 08:00:00'),
    ('a600006a-0000-0000-0000-000000000000', 'a50000a7-0000-0000-0000-000000000000', '33717-0', '285837007', 'HSIL - High-grade squamous intraepithelial lesion', NULL, 'abnormal', '2025-07-06 08:00:00'),
    ('a600006b-0000-0000-0000-000000000000', 'a50000a8-0000-0000-0000-000000000000', '59264-2', '240532009', 'Positive - HPV 16 and 18 detected', NULL, 'abnormal', '2025-07-06 08:00:00'),
    ('a600006c-0000-0000-0000-000000000000', 'a50000ad-0000-0000-0000-000000000000', '33717-0', '285837007', 'HSIL - High-grade squamous intraepithelial lesion', NULL, 'abnormal', '2025-04-19 08:00:00'),
    ('a600006d-0000-0000-0000-000000000000', 'a50000ae-0000-0000-0000-000000000000', '59264-2', '240532009', 'Positive - HPV 16 and 18 detected', NULL, 'abnormal', '2025-04-19 08:00:00'),
    ('a600006e-0000-0000-0000-000000000000', 'a50000af-0000-0000-0000-000000000000', '33717-0', '427623005', 'NILM - Negative for intraepithelial lesion or malignancy', NULL, 'normal', '2025-04-02 08:00:00'),
    ('a600006f-0000-0000-0000-000000000000', 'a50000b0-0000-0000-0000-000000000000', '33717-0', '285836003', 'LSIL - Low-grade squamous intraepithelial lesion', NULL, 'abnormal', '2026-01-31 08:00:00'),
    ('a6000070-0000-0000-0000-000000000000', 'a50000b1-0000-0000-0000-000000000000', '59264-2', '240532009', 'Positive - HPV 18 detected', NULL, 'abnormal', '2026-01-31 08:00:00'),
    ('a6000071-0000-0000-0000-000000000000', 'a50000b2-0000-0000-0000-000000000000', '33717-0', '285837007', 'HSIL - High-grade squamous intraepithelial lesion', NULL, 'abnormal', '2025-08-14 08:00:00'),
    ('a6000072-0000-0000-0000-000000000000', 'a50000b3-0000-0000-0000-000000000000', '59263-4', '240532009', 'Positive - HPV 16 detected', NULL, 'abnormal', '2025-08-14 08:00:00'),
    ('a6000073-0000-0000-0000-000000000000', 'a50000b5-0000-0000-0000-000000000000', '33717-0', '427623005', 'NILM - Negative for intraepithelial lesion or malignancy', NULL, 'normal', '2025-04-13 08:00:00'),
    ('a6000074-0000-0000-0000-000000000000', 'a50000b6-0000-0000-0000-000000000000', '33717-0', '285836003', 'LSIL - Low-grade squamous intraepithelial lesion', NULL, 'abnormal', '2025-09-15 08:00:00'),
    ('a6000075-0000-0000-0000-000000000000', 'a50000b7-0000-0000-0000-000000000000', '59264-2', '240532009', 'Positive - HPV 18 detected', NULL, 'abnormal', '2025-09-15 08:00:00'),
    ('a6000076-0000-0000-0000-000000000000', 'a50000ba-0000-0000-0000-000000000000', '33717-0', '285836003', 'LSIL - Low-grade squamous intraepithelial lesion', NULL, 'abnormal', '2025-03-30 08:00:00'),
    ('a6000077-0000-0000-0000-000000000000', 'a50000bb-0000-0000-0000-000000000000', '59263-4', '427623005', 'Negative - No high-risk HPV detected', NULL, 'normal', '2025-03-30 08:00:00'),
    ('a6000078-0000-0000-0000-000000000000', 'a50000be-0000-0000-0000-000000000000', '33717-0', '427623005', 'NILM - Negative for intraepithelial lesion or malignancy', NULL, 'normal', '2025-05-07 08:00:00'),
    ('a6000079-0000-0000-0000-000000000000', 'a50000bf-0000-0000-0000-000000000000', '33717-0', '373882004', 'ASCUS - Atypical squamous cells of undetermined significance', NULL, 'abnormal', '2025-04-29 08:00:00'),
    ('a600007a-0000-0000-0000-000000000000', 'a50000c0-0000-0000-0000-000000000000', '59263-4', '427623005', 'Negative - No high-risk HPV detected', NULL, 'normal', '2025-04-29 08:00:00'),
    ('a600007b-0000-0000-0000-000000000000', 'a50000c1-0000-0000-0000-000000000000', '33717-0', '285836003', 'LSIL - Low-grade squamous intraepithelial lesion', NULL, 'abnormal', '2025-10-15 08:00:00'),
    ('a600007c-0000-0000-0000-000000000000', 'a50000c2-0000-0000-0000-000000000000', '59263-4', '427623005', 'Negative - No high-risk HPV detected', NULL, 'normal', '2025-10-15 08:00:00'),
    ('a600007d-0000-0000-0000-000000000000', 'a50000c3-0000-0000-0000-000000000000', '33717-0', '285836003', 'LSIL - Low-grade squamous intraepithelial lesion', NULL, 'abnormal', '2025-06-07 08:00:00'),
    ('a600007e-0000-0000-0000-000000000000', 'a50000c4-0000-0000-0000-000000000000', '59264-2', '240532009', 'Positive - HPV 18 detected', NULL, 'abnormal', '2025-06-07 08:00:00'),
    ('a600007f-0000-0000-0000-000000000000', 'a50000c7-0000-0000-0000-000000000000', '33717-0', '285836003', 'LSIL - Low-grade squamous intraepithelial lesion', NULL, 'abnormal', '2025-03-31 08:00:00'),
    ('a6000080-0000-0000-0000-000000000000', 'a50000c8-0000-0000-0000-000000000000', '59263-4', '427623005', 'Negative - No high-risk HPV detected', NULL, 'normal', '2025-03-31 08:00:00'),
    ('a6000081-0000-0000-0000-000000000000', 'a50000c9-0000-0000-0000-000000000000', '33717-0', '373882004', 'ASCUS - Atypical squamous cells of undetermined significance', NULL, 'abnormal', '2025-03-20 08:00:00'),
    ('a6000082-0000-0000-0000-000000000000', 'a50000ca-0000-0000-0000-000000000000', '59263-4', '427623005', 'Negative - No high-risk HPV detected', NULL, 'normal', '2025-03-20 08:00:00'),
    ('a6000083-0000-0000-0000-000000000000', 'a50000cb-0000-0000-0000-000000000000', '33717-0', '285836003', 'LSIL - Low-grade squamous intraepithelial lesion', NULL, 'abnormal', '2025-05-13 08:00:00'),
    ('a6000084-0000-0000-0000-000000000000', 'a50000cc-0000-0000-0000-000000000000', '59264-2', '240532009', 'Positive - HPV 18 detected', NULL, 'abnormal', '2025-05-13 08:00:00'),
    ('a6000085-0000-0000-0000-000000000000', 'a50000cd-0000-0000-0000-000000000000', '33717-0', '285837007', 'HSIL - High-grade squamous intraepithelial lesion', NULL, 'abnormal', '2025-06-07 08:00:00'),
    ('a6000086-0000-0000-0000-000000000000', 'a50000ce-0000-0000-0000-000000000000', '59263-4', '240532009', 'Positive - HPV 16 detected', NULL, 'abnormal', '2025-06-07 08:00:00'),
    ('a6000087-0000-0000-0000-000000000000', 'a50000d3-0000-0000-0000-000000000000', '33717-0', '285837007', 'HSIL - High-grade squamous intraepithelial lesion', NULL, 'abnormal', '2025-07-03 08:00:00'),
    ('a6000088-0000-0000-0000-000000000000', 'a50000d4-0000-0000-0000-000000000000', '59263-4', '240532009', 'Positive - HPV 16 detected', NULL, 'abnormal', '2025-07-03 08:00:00'),
    ('a6000089-0000-0000-0000-000000000000', 'a50000d7-0000-0000-0000-000000000000', '33717-0', '427623005', 'NILM - Negative for intraepithelial lesion or malignancy', NULL, 'normal', '2025-06-28 08:00:00'),
    ('a600008a-0000-0000-0000-000000000000', 'a50000d8-0000-0000-0000-000000000000', '33717-0', '427623005', 'NILM - Negative for intraepithelial lesion or malignancy', NULL, 'normal', '2025-08-22 08:00:00'),
    ('a600008b-0000-0000-0000-000000000000', 'a50000d9-0000-0000-0000-000000000000', '33717-0', '285837007', 'HSIL - High-grade squamous intraepithelial lesion', NULL, 'abnormal', '2026-03-01 08:00:00'),
    ('a600008c-0000-0000-0000-000000000000', 'a50000da-0000-0000-0000-000000000000', '59264-2', '240532009', 'Positive - HPV 16 and 18 detected', NULL, 'abnormal', '2026-03-01 08:00:00'),
    ('a600008d-0000-0000-0000-000000000000', 'a50000dd-0000-0000-0000-000000000000', '33717-0', '285836003', 'LSIL - Low-grade squamous intraepithelial lesion', NULL, 'abnormal', '2025-05-06 08:00:00'),
    ('a600008e-0000-0000-0000-000000000000', 'a50000de-0000-0000-0000-000000000000', '59264-2', '240532009', 'Positive - HPV 18 detected', NULL, 'abnormal', '2025-05-06 08:00:00'),
    ('a600008f-0000-0000-0000-000000000000', 'a50000df-0000-0000-0000-000000000000', '33717-0', '373882004', 'ASCUS - Atypical squamous cells of undetermined significance', NULL, 'abnormal', '2025-03-14 08:00:00'),
    ('a6000090-0000-0000-0000-000000000000', 'a50000e0-0000-0000-0000-000000000000', '59264-2', '240532009', 'Positive - HPV 18 detected', NULL, 'abnormal', '2025-03-14 08:00:00'),
    ('a6000091-0000-0000-0000-000000000000', 'a50000e1-0000-0000-0000-000000000000', '33717-0', '373882004', 'ASCUS - Atypical squamous cells of undetermined significance', NULL, 'abnormal', '2025-09-06 08:00:00'),
    ('a6000092-0000-0000-0000-000000000000', 'a50000e2-0000-0000-0000-000000000000', '59263-4', '427623005', 'Negative - No high-risk HPV detected', NULL, 'normal', '2025-09-06 08:00:00'),
    ('a6000093-0000-0000-0000-000000000000', 'a50000e3-0000-0000-0000-000000000000', '33717-0', '285837007', 'HSIL - High-grade squamous intraepithelial lesion', NULL, 'abnormal', '2025-12-20 08:00:00'),
    ('a6000094-0000-0000-0000-000000000000', 'a50000e4-0000-0000-0000-000000000000', '59263-4', '240532009', 'Positive - HPV 16 detected', NULL, 'abnormal', '2025-12-20 08:00:00'),
    ('a6000095-0000-0000-0000-000000000000', 'a50000e5-0000-0000-0000-000000000000', '19762-4', '285837007', 'CIN II - Cervical intraepithelial neoplasia grade 2', NULL, 'abnormal', '2025-12-20 08:00:00'),
    ('a6000096-0000-0000-0000-000000000000', 'a50000e9-0000-0000-0000-000000000000', '33717-0', '373882004', 'ASCUS - Atypical squamous cells of undetermined significance', NULL, 'abnormal', '2025-09-13 08:00:00'),
    ('a6000097-0000-0000-0000-000000000000', 'a50000ea-0000-0000-0000-000000000000', '59264-2', '240532009', 'Positive - HPV 18 detected', NULL, 'abnormal', '2025-09-13 08:00:00'),
    ('a6000098-0000-0000-0000-000000000000', 'a50000ed-0000-0000-0000-000000000000', '33717-0', '427623005', 'NILM - Negative for intraepithelial lesion or malignancy', NULL, 'normal', '2025-12-28 08:00:00'),
    ('a6000099-0000-0000-0000-000000000000', 'a50000f3-0000-0000-0000-000000000000', '33717-0', '285837007', 'HSIL - High-grade squamous intraepithelial lesion', NULL, 'abnormal', '2026-01-17 08:00:00'),
    ('a600009a-0000-0000-0000-000000000000', 'a50000f4-0000-0000-0000-000000000000', '59263-4', '240532009', 'Positive - HPV 16 detected', NULL, 'abnormal', '2026-01-17 08:00:00'),
    ('a600009b-0000-0000-0000-000000000000', 'a50000f5-0000-0000-0000-000000000000', '33717-0', '373882004', 'ASCUS - Atypical squamous cells of undetermined significance', NULL, 'abnormal', '2025-07-27 08:00:00'),
    ('a600009c-0000-0000-0000-000000000000', 'a50000f6-0000-0000-0000-000000000000', '59263-4', '427623005', 'Negative - No high-risk HPV detected', NULL, 'normal', '2025-07-27 08:00:00'),
    ('a600009d-0000-0000-0000-000000000000', 'a50000f7-0000-0000-0000-000000000000', '33717-0', '427623005', 'NILM - Negative for intraepithelial lesion or malignancy', NULL, 'normal', '2026-03-29 08:00:00'),
    ('a600009e-0000-0000-0000-000000000000', 'a50000f8-0000-0000-0000-000000000000', '59263-4', '427623005', 'Negative - No high-risk HPV detected', NULL, 'normal', '2026-03-29 08:00:00'),
    ('a600009f-0000-0000-0000-000000000000', 'a50000fb-0000-0000-0000-000000000000', '33717-0', '427623005', 'NILM - Negative for intraepithelial lesion or malignancy', NULL, 'normal', '2025-06-09 08:00:00'),
    ('a60000a0-0000-0000-0000-000000000000', 'a50000fc-0000-0000-0000-000000000000', '33717-0', '285837007', 'HSIL - High-grade squamous intraepithelial lesion', NULL, 'abnormal', '2025-07-30 08:00:00'),
    ('a60000a1-0000-0000-0000-000000000000', 'a50000fd-0000-0000-0000-000000000000', '59263-4', '240532009', 'Positive - HPV 16 detected', NULL, 'abnormal', '2025-07-30 08:00:00'),
    ('a60000a2-0000-0000-0000-000000000000', 'a5000100-0000-0000-0000-000000000000', '33717-0', '427623005', 'NILM - Negative for intraepithelial lesion or malignancy', NULL, 'normal', '2025-10-01 08:00:00'),
    ('a60000a3-0000-0000-0000-000000000000', 'a5000101-0000-0000-0000-000000000000', '59263-4', '427623005', 'Negative - No high-risk HPV detected', NULL, 'normal', '2025-10-01 08:00:00'),
    ('a60000a4-0000-0000-0000-000000000000', 'a5000102-0000-0000-0000-000000000000', '33717-0', '285837007', 'HSIL - High-grade squamous intraepithelial lesion', NULL, 'abnormal', '2025-07-28 08:00:00'),
    ('a60000a5-0000-0000-0000-000000000000', 'a5000103-0000-0000-0000-000000000000', '59263-4', '240532009', 'Positive - HPV 16 detected', NULL, 'abnormal', '2025-07-28 08:00:00'),
    ('a60000a6-0000-0000-0000-000000000000', 'a5000104-0000-0000-0000-000000000000', '33717-0', '427623005', 'NILM - Negative for intraepithelial lesion or malignancy', NULL, 'normal', '2025-07-23 08:00:00'),
    ('a60000a7-0000-0000-0000-000000000000', 'a5000105-0000-0000-0000-000000000000', '59263-4', '427623005', 'Negative - No high-risk HPV detected', NULL, 'normal', '2025-07-23 08:00:00'),
    ('a60000a8-0000-0000-0000-000000000000', 'a5000106-0000-0000-0000-000000000000', '33717-0', '285836003', 'LSIL - Low-grade squamous intraepithelial lesion', NULL, 'abnormal', '2026-02-28 08:00:00'),
    ('a60000a9-0000-0000-0000-000000000000', 'a5000107-0000-0000-0000-000000000000', '59263-4', '427623005', 'Negative - No high-risk HPV detected', NULL, 'normal', '2026-02-28 08:00:00'),
    ('a60000aa-0000-0000-0000-000000000000', 'a500010a-0000-0000-0000-000000000000', '33717-0', '427623005', 'NILM - Negative for intraepithelial lesion or malignancy', NULL, 'normal', '2026-01-02 08:00:00'),
    ('a60000ab-0000-0000-0000-000000000000', 'a500010b-0000-0000-0000-000000000000', '59263-4', '427623005', 'Negative - No high-risk HPV detected', NULL, 'normal', '2026-01-02 08:00:00');